{
  "preregistration": "PREREG_external_sentient_fill_audit_20261006.md",
  "source_head_commit": "bfbf470f49cc7585f59fde02f4501da0ae480e37",
  "runtime_file_removal_commit": "a34c4b745cf38f032433f43a11d18b36bd3b0029",
  "raw": {
    "all_fills": 4359,
    "buy_fills": 2714,
    "kxbtc15m_outcome_covered_fills": 3437,
    "outcome_covered_tickers": 450
  },
  "all_covered_ticker_ledger": {
    "tickers": 450,
    "fills": 3437,
    "pnl": -2557.3099999999995,
    "mean_pnl_per_ticker": -5.68291111111111,
    "day_cluster_lo95_per_ticker": -15.158361008300886,
    "positive_tickers": 296,
    "negative_tickers": 154,
    "zero_tickers": 0,
    "first_time": "2026-02-04T01:09:56+00:00",
    "last_time": "2026-04-07T20:42:23+00:00",
    "max_day_gross_positive_share": 0.3107113426540218,
    "negative_ending_inventory_tickers": 254,
    "rows": [
      {
        "ticker": "KXBTC15M-26FEB032015-15",
        "first_ts": 1770167396,
        "day": 20488,
        "fills": 1,
        "cash": -4.28,
        "fees": 0.28,
        "ending_yes": 0.0,
        "ending_no": 200.0,
        "self_contained": true,
        "result": "yes",
        "payout": 0.0,
        "pnl": -4.28
      },
      {
        "ticker": "KXBTC15M-26FEB032045-45",
        "first_ts": 1770169236,
        "day": 20488,
        "fills": 2,
        "cash": -3.21,
        "fees": 0.21000000000000002,
        "ending_yes": 0.0,
        "ending_no": 150.0,
        "self_contained": true,
        "result": "yes",
        "payout": 0.0,
        "pnl": -3.21
      },
      {
        "ticker": "KXBTC15M-26FEB032230-30",
        "first_ts": 1770174933,
        "day": 20488,
        "fills": 1,
        "cash": -5.19,
        "fees": 0.24,
        "ending_yes": 0.0,
        "ending_no": 15.0,
        "self_contained": true,
        "result": "no",
        "payout": 15.0,
        "pnl": 9.809999999999999
      },
      {
        "ticker": "KXBTC15M-26FEB041130-30",
        "first_ts": 1770222083,
        "day": 20488,
        "fills": 1,
        "cash": -9.45,
        "fees": 0.1,
        "ending_yes": 0.0,
        "ending_no": 11.0,
        "self_contained": true,
        "result": "yes",
        "payout": 0.0,
        "pnl": -9.45
      },
      {
        "ticker": "KXBTC15M-26FEB041730-30",
        "first_ts": 1770243528,
        "day": 20488,
        "fills": 1,
        "cash": -5.32,
        "fees": 0.32,
        "ending_yes": 0.0,
        "ending_no": 50.0,
        "self_contained": true,
        "result": "yes",
        "payout": 0.0,
        "pnl": -5.32
      },
      {
        "ticker": "KXBTC15M-26FEB042215-15",
        "first_ts": 1770260583,
        "day": 20489,
        "fills": 1,
        "cash": -5.11,
        "fees": 0.25,
        "ending_yes": 0.0,
        "ending_no": 18.0,
        "self_contained": true,
        "result": "yes",
        "payout": 0.0,
        "pnl": -5.11
      },
      {
        "ticker": "KXBTC15M-26FEB050230-30",
        "first_ts": 1770275840,
        "day": 20489,
        "fills": 1,
        "cash": -2.9899999999999998,
        "fees": 0.12,
        "ending_yes": 0.0,
        "ending_no": 7.0,
        "self_contained": true,
        "result": "yes",
        "payout": 0.0,
        "pnl": -2.9899999999999998
      },
      {
        "ticker": "KXBTC15M-26FEB070030-30",
        "first_ts": 1770441621,
        "day": 20491,
        "fills": 1,
        "cash": -5.000000000000001,
        "fees": 0.24,
        "ending_yes": 0.0,
        "ending_no": 17.0,
        "self_contained": true,
        "result": "no",
        "payout": 17.0,
        "pnl": 12.0
      },
      {
        "ticker": "KXBTC15M-26FEB070145-45",
        "first_ts": 1770446055,
        "day": 20491,
        "fills": 1,
        "cash": -36.55,
        "fees": 1.19,
        "ending_yes": 0.0,
        "ending_no": 68.0,
        "self_contained": true,
        "result": "no",
        "payout": 68.0,
        "pnl": 31.450000000000003
      },
      {
        "ticker": "KXBTC15M-26FEB070215-15",
        "first_ts": 1770447786,
        "day": 20491,
        "fills": 1,
        "cash": -20.959999999999997,
        "fees": 0.75,
        "ending_yes": 0.0,
        "ending_no": 43.0,
        "self_contained": true,
        "result": "no",
        "payout": 43.0,
        "pnl": 22.040000000000003
      },
      {
        "ticker": "KXBTC15M-26FEB071345-45",
        "first_ts": 1770489233,
        "day": 20491,
        "fills": 1,
        "cash": -4.68,
        "fees": 0.26,
        "ending_yes": 0.0,
        "ending_no": 26.0,
        "self_contained": true,
        "result": "yes",
        "payout": 0.0,
        "pnl": -4.68
      },
      {
        "ticker": "KXBTC15M-26FEB072130-30",
        "first_ts": 1770517523,
        "day": 20492,
        "fills": 2,
        "cash": -6.390000000000001,
        "fees": 0.39,
        "ending_yes": 0.0,
        "ending_no": 73.0,
        "self_contained": true,
        "result": "yes",
        "payout": 0.0,
        "pnl": -6.390000000000001
      },
      {
        "ticker": "KXBTC15M-26FEB072215-15",
        "first_ts": 1770519839,
        "day": 20492,
        "fills": 4,
        "cash": -8.020000000000001,
        "fees": 0.44,
        "ending_yes": 124.0,
        "ending_no": 0.0,
        "self_contained": true,
        "result": "no",
        "payout": 0.0,
        "pnl": -8.020000000000001
      },
      {
        "ticker": "KXBTC15M-26FEB072230-30",
        "first_ts": 1770521200,
        "day": 20492,
        "fills": 14,
        "cash": -7.7,
        "fees": 0.5,
        "ending_yes": 0.0,
        "ending_no": 335.0,
        "self_contained": true,
        "result": "yes",
        "payout": 0.0,
        "pnl": -7.7
      },
      {
        "ticker": "KXBTC15M-26FEB080230-30",
        "first_ts": 1770535667,
        "day": 20492,
        "fills": 2,
        "cash": -5.7,
        "fees": 0.36,
        "ending_yes": 0.0,
        "ending_no": 116.0,
        "self_contained": true,
        "result": "yes",
        "payout": 0.0,
        "pnl": -5.7
      },
      {
        "ticker": "KXBTC15M-26FEB080245-45",
        "first_ts": 1770536018,
        "day": 20492,
        "fills": 2,
        "cash": -10.860000000000001,
        "fees": 0.21,
        "ending_yes": 15.0,
        "ending_no": -15.0,
        "self_contained": false,
        "result": "yes",
        "payout": 15.0,
        "pnl": 4.139999999999999
      },
      {
        "ticker": "KXBTC15M-26FEB080300-00",
        "first_ts": 1770537447,
        "day": 20492,
        "fills": 2,
        "cash": -2.0,
        "fees": 0.13,
        "ending_yes": 0.0,
        "ending_no": 187.0,
        "self_contained": true,
        "result": "yes",
        "payout": 0.0,
        "pnl": -2.0
      },
      {
        "ticker": "KXBTC15M-26FEB080400-00",
        "first_ts": 1770540991,
        "day": 20492,
        "fills": 2,
        "cash": 129.54,
        "fees": 0.66,
        "ending_yes": -140.0,
        "ending_no": 140.0,
        "self_contained": false,
        "result": "yes",
        "payout": -140.0,
        "pnl": -10.460000000000008
      },
      {
        "ticker": "KXBTC15M-26FEB080415-15",
        "first_ts": 1770541612,
        "day": 20492,
        "fills": 1,
        "cash": -11.37,
        "fees": 0.59,
        "ending_yes": 49.0,
        "ending_no": 0.0,
        "self_contained": true,
        "result": "no",
        "payout": 0.0,
        "pnl": -11.37
      },
      {
        "ticker": "KXBTC15M-26FEB091645-45",
        "first_ts": 1770673153,
        "day": 20493,
        "fills": 3,
        "cash": -2.0,
        "fees": 0.14,
        "ending_yes": 186.0,
        "ending_no": 0.0,
        "self_contained": true,
        "result": "no",
        "payout": 0.0,
        "pnl": -2.0
      },
      {
        "ticker": "KXBTC15M-26FEB091745-45",
        "first_ts": 1770676354,
        "day": 20493,
        "fills": 2,
        "cash": -10.219999999999999,
        "fees": 0.33999999999999997,
        "ending_yes": 19.0,
        "ending_no": 0.0,
        "self_contained": true,
        "result": "yes",
        "payout": 19.0,
        "pnl": 8.780000000000001
      },
      {
        "ticker": "KXBTC15M-26FEB091830-30",
        "first_ts": 1770679575,
        "day": 20493,
        "fills": 1,
        "cash": -0.47,
        "fees": 0.03,
        "ending_yes": 11.0,
        "ending_no": 0.0,
        "self_contained": true,
        "result": "no",
        "payout": 0.0,
        "pnl": -0.47
      },
      {
        "ticker": "KXBTC15M-26FEB100415-15",
        "first_ts": 1770714148,
        "day": 20494,
        "fills": 9,
        "cash": -381.89000000000004,
        "fees": 7.7,
        "ending_yes": 533.0,
        "ending_no": 0.0,
        "self_contained": true,
        "result": "yes",
        "payout": 533.0,
        "pnl": 151.10999999999996
      },
      {
        "ticker": "KXBTC15M-26FEB100430-30",
        "first_ts": 1770715096,
        "day": 20494,
        "fills": 7,
        "cash": -451.71,
        "fees": 4.48,
        "ending_yes": 562.0,
        "ending_no": 0.0,
        "self_contained": true,
        "result": "yes",
        "payout": 562.0,
        "pnl": 110.29000000000002
      },
      {
        "ticker": "KXBTC15M-26FEB100445-45",
        "first_ts": 1770715830,
        "day": 20494,
        "fills": 3,
        "cash": -225.46,
        "fees": 3.67,
        "ending_yes": 0.0,
        "ending_no": 293.0,
        "self_contained": true,
        "result": "no",
        "payout": 293.0,
        "pnl": 67.53999999999999
      },
      {
        "ticker": "KXBTC15M-26FEB100500-00",
        "first_ts": 1770716740,
        "day": 20494,
        "fills": 5,
        "cash": -129.28,
        "fees": 3.89,
        "ending_yes": 42.0,
        "ending_no": 131.0,
        "self_contained": false,
        "result": "no",
        "payout": 131.0,
        "pnl": 1.7199999999999989
      },
      {
        "ticker": "KXBTC15M-26FEB100515-15",
        "first_ts": 1770718007,
        "day": 20494,
        "fills": 2,
        "cash": -12.27,
        "fees": 0.48,
        "ending_yes": 27.0,
        "ending_no": 0.0,
        "self_contained": true,
        "result": "yes",
        "payout": 27.0,
        "pnl": 14.73
      },
      {
        "ticker": "KXBTC15M-26FEB100530-30",
        "first_ts": 1770718579,
        "day": 20494,
        "fills": 7,
        "cash": -131.29000000000002,
        "fees": 1.37,
        "ending_yes": 0.0,
        "ending_no": 384.0,
        "self_contained": true,
        "result": "yes",
        "payout": 0.0,
        "pnl": -131.29000000000002
      },
      {
        "ticker": "KXBTC15M-26FEB100545-45",
        "first_ts": 1770719425,
        "day": 20494,
        "fills": 8,
        "cash": -399.37,
        "fees": 8.25,
        "ending_yes": 0.0,
        "ending_no": 563.0,
        "self_contained": true,
        "result": "no",
        "payout": 563.0,
        "pnl": 163.63
      },
      {
        "ticker": "KXBTC15M-26FEB100600-00",
        "first_ts": 1770720371,
        "day": 20494,
        "fills": 6,
        "cash": -66.3,
        "fees": 3.54,
        "ending_yes": 57.0,
        "ending_no": 49.0,
        "self_contained": false,
        "result": "no",
        "payout": 49.0,
        "pnl": -17.299999999999997
      },
      {
        "ticker": "KXBTC15M-26FEB100615-15",
        "first_ts": 1770721287,
        "day": 20494,
        "fills": 7,
        "cash": -36.79,
        "fees": 1.66,
        "ending_yes": 60.0,
        "ending_no": 20.0,
        "self_contained": false,
        "result": "no",
        "payout": 20.0,
        "pnl": -16.79
      },
      {
        "ticker": "KXBTC15M-26FEB100630-30",
        "first_ts": 1770722245,
        "day": 20494,
        "fills": 11,
        "cash": -446.5,
        "fees": 8.36,
        "ending_yes": 605.0,
        "ending_no": 0.0,
        "self_contained": true,
        "result": "yes",
        "payout": 605.0,
        "pnl": 158.5
      },
      {
        "ticker": "KXBTC15M-26FEB100645-45",
        "first_ts": 1770723058,
        "day": 20494,
        "fills": 9,
        "cash": -146.22,
        "fees": 1.1900000000000002,
        "ending_yes": 200.0,
        "ending_no": 0.0,
        "self_contained": true,
        "result": "no",
        "payout": 0.0,
        "pnl": -146.22
      },
      {
        "ticker": "KXBTC15M-26FEB100700-00",
        "first_ts": 1770723951,
        "day": 20494,
        "fills": 9,
        "cash": -791.35,
        "fees": 12.08,
        "ending_yes": 0.0,
        "ending_no": 1002.0,
        "self_contained": true,
        "result": "no",
        "payout": 1002.0,
        "pnl": 210.64999999999998
      },
      {
        "ticker": "KXBTC15M-26FEB100715-15",
        "first_ts": 1770725004,
        "day": 20494,
        "fills": 1,
        "cash": -0.8999999999999999,
        "fees": 0.06,
        "ending_yes": 0.0,
        "ending_no": 7.0,
        "self_contained": true,
        "result": "yes",
        "payout": 0.0,
        "pnl": -0.8999999999999999
      },
      {
        "ticker": "KXBTC15M-26FEB101245-45",
        "first_ts": 1770745312,
        "day": 20494,
        "fills": 2,
        "cash": -3.99,
        "fees": 0.26,
        "ending_yes": 0.0,
        "ending_no": 280.0,
        "self_contained": true,
        "result": "yes",
        "payout": 0.0,
        "pnl": -3.99
      },
      {
        "ticker": "KXBTC15M-26FEB101300-00",
        "first_ts": 1770745645,
        "day": 20494,
        "fills": 8,
        "cash": -35.900000000000006,
        "fees": 1.99,
        "ending_yes": 34.0,
        "ending_no": 22.0,
        "self_contained": false,
        "result": "no",
        "payout": 22.0,
        "pnl": -13.900000000000006
      },
      {
        "ticker": "KXBTC15M-26FEB101315-15",
        "first_ts": 1770746593,
        "day": 20494,
        "fills": 3,
        "cash": -25.2,
        "fees": 0.52,
        "ending_yes": 0.0,
        "ending_no": 35.0,
        "self_contained": true,
        "result": "no",
        "payout": 35.0,
        "pnl": 9.8
      },
      {
        "ticker": "KXBTC15M-26FEB101600-00",
        "first_ts": 1770756373,
        "day": 20494,
        "fills": 11,
        "cash": -20.709999999999994,
        "fees": 2.99,
        "ending_yes": 165.0,
        "ending_no": -66.0,
        "self_contained": false,
        "result": "no",
        "payout": -66.0,
        "pnl": -86.71
      },
      {
        "ticker": "KXBTC15M-26FEB101615-15",
        "first_ts": 1770757269,
        "day": 20494,
        "fills": 5,
        "cash": -197.76,
        "fees": 3.03,
        "ending_yes": 250.0,
        "ending_no": 0.0,
        "self_contained": true,
        "result": "yes",
        "payout": 250.0,
        "pnl": 52.24000000000001
      },
      {
        "ticker": "KXBTC15M-26FEB101630-30",
        "first_ts": 1770758133,
        "day": 20494,
        "fills": 6,
        "cash": -56.17999999999999,
        "fees": 1.4500000000000002,
        "ending_yes": 61.0,
        "ending_no": 26.0,
        "self_contained": true,
        "result": "no",
        "payout": 26.0,
        "pnl": -30.179999999999993
      },
      {
        "ticker": "KXBTC15M-26FEB101645-45",
        "first_ts": 1770759006,
        "day": 20494,
        "fills": 7,
        "cash": -374.81,
        "fees": 3.1700000000000004,
        "ending_yes": 0.0,
        "ending_no": 424.0,
        "self_contained": true,
        "result": "no",
        "payout": 424.0,
        "pnl": 49.19
      },
      {
        "ticker": "KXBTC15M-26FEB101715-15",
        "first_ts": 1770760817,
        "day": 20494,
        "fills": 1,
        "cash": -2.84,
        "fees": 0.14,
        "ending_yes": 0.0,
        "ending_no": 9.0,
        "self_contained": true,
        "result": "yes",
        "payout": 0.0,
        "pnl": -2.84
      },
      {
        "ticker": "KXBTC15M-26FEB101730-30",
        "first_ts": 1770761816,
        "day": 20494,
        "fills": 1,
        "cash": -9.650000000000002,
        "fees": 0.3,
        "ending_yes": 17.0,
        "ending_no": 0.0,
        "self_contained": true,
        "result": "no",
        "payout": 0.0,
        "pnl": -9.650000000000002
      },
      {
        "ticker": "KXBTC15M-26FEB101815-15",
        "first_ts": 1770765074,
        "day": 20494,
        "fills": 1,
        "cash": -1.9900000000000002,
        "fees": 0.1,
        "ending_yes": 7.0,
        "ending_no": 0.0,
        "self_contained": true,
        "result": "no",
        "payout": 0.0,
        "pnl": -1.9900000000000002
      },
      {
        "ticker": "KXBTC15M-26FEB101830-30",
        "first_ts": 1770765461,
        "day": 20494,
        "fills": 3,
        "cash": -57.949999999999996,
        "fees": 1.45,
        "ending_yes": 0.0,
        "ending_no": 106.0,
        "self_contained": true,
        "result": "yes",
        "payout": 0.0,
        "pnl": -57.949999999999996
      },
      {
        "ticker": "KXBTC15M-26FEB101845-45",
        "first_ts": 1770766455,
        "day": 20494,
        "fills": 3,
        "cash": -99.77000000000001,
        "fees": 2.14,
        "ending_yes": 0.0,
        "ending_no": 142.0,
        "self_contained": true,
        "result": "yes",
        "payout": 0.0,
        "pnl": -99.77000000000001
      },
      {
        "ticker": "KXBTC15M-26FEB101900-00",
        "first_ts": 1770767129,
        "day": 20494,
        "fills": 2,
        "cash": -91.44,
        "fees": 3.57,
        "ending_yes": 209.0,
        "ending_no": 0.0,
        "self_contained": true,
        "result": "yes",
        "payout": 209.0,
        "pnl": 117.56
      },
      {
        "ticker": "KXBTC15M-26FEB101915-15",
        "first_ts": 1770768161,
        "day": 20495,
        "fills": 4,
        "cash": -50.24,
        "fees": 0.91,
        "ending_yes": 67.0,
        "ending_no": 0.0,
        "self_contained": true,
        "result": "no",
        "payout": 0.0,
        "pnl": -50.24
      },
      {
        "ticker": "KXBTC15M-26FEB101930-30",
        "first_ts": 1770768951,
        "day": 20495,
        "fills": 4,
        "cash": -34.4,
        "fees": 1.5899999999999999,
        "ending_yes": 0.0,
        "ending_no": 134.0,
        "self_contained": true,
        "result": "yes",
        "payout": 0.0,
        "pnl": -34.4
      },
      {
        "ticker": "KXBTC15M-26FEB172345-45",
        "first_ts": 1771389163,
        "day": 20502,
        "fills": 5,
        "cash": -515.89,
        "fees": 6.39,
        "ending_yes": 623.0,
        "ending_no": 0.0,
        "self_contained": true,
        "result": "yes",
        "payout": 623.0,
        "pnl": 107.11000000000001
      },
      {
        "ticker": "KXBTC15M-26FEB180000-00",
        "first_ts": 1771390199,
        "day": 20502,
        "fills": 14,
        "cash": -650.0899999999999,
        "fees": 6.659999999999999,
        "ending_yes": 755.0,
        "ending_no": -755.0,
        "self_contained": false,
        "result": "yes",
        "payout": 755.0,
        "pnl": 104.91000000000008
      },
      {
        "ticker": "KXBTC15M-26FEB180015-15",
        "first_ts": 1771391037,
        "day": 20502,
        "fills": 14,
        "cash": 41.16999999999997,
        "fees": 2.55,
        "ending_yes": -191.0,
        "ending_no": 191.0,
        "self_contained": false,
        "result": "yes",
        "payout": -191.0,
        "pnl": -149.83000000000004
      },
      {
        "ticker": "KXBTC15M-26FEB180030-30",
        "first_ts": 1771391706,
        "day": 20502,
        "fills": 62,
        "cash": -356.54999999999984,
        "fees": 83.55000000000001,
        "ending_yes": 1153.0,
        "ending_no": -660.0,
        "self_contained": false,
        "result": "no",
        "payout": -660.0,
        "pnl": -1016.5499999999998
      },
      {
        "ticker": "KXBTC15M-26FEB180045-45",
        "first_ts": 1771392648,
        "day": 20502,
        "fills": 1,
        "cash": -12.749999999999998,
        "fees": 0.36,
        "ending_yes": 0.0,
        "ending_no": 21.0,
        "self_contained": true,
        "result": "no",
        "payout": 21.0,
        "pnl": 8.250000000000002
      },
      {
        "ticker": "KXBTC15M-26FEB181730-30",
        "first_ts": 1771453534,
        "day": 20502,
        "fills": 1,
        "cash": -20.619999999999997,
        "fees": 0.22,
        "ending_yes": 24.0,
        "ending_no": 0.0,
        "self_contained": true,
        "result": "yes",
        "payout": 24.0,
        "pnl": 3.3800000000000026
      },
      {
        "ticker": "KXBTC15M-26FEB181745-45",
        "first_ts": 1771453904,
        "day": 20502,
        "fills": 2,
        "cash": -24.130000000000003,
        "fees": 0.44999999999999996,
        "ending_yes": 32.0,
        "ending_no": -32.0,
        "self_contained": false,
        "result": "yes",
        "payout": 32.0,
        "pnl": 7.869999999999997
      },
      {
        "ticker": "KXBTC15M-26FEB181800-00",
        "first_ts": 1771454709,
        "day": 20502,
        "fills": 9,
        "cash": -31.660000000000004,
        "fees": 0.91,
        "ending_yes": 52.0,
        "ending_no": -50.0,
        "self_contained": false,
        "result": "yes",
        "payout": 52.0,
        "pnl": 20.339999999999996
      },
      {
        "ticker": "KXBTC15M-26FEB181815-15",
        "first_ts": 1771455632,
        "day": 20502,
        "fills": 3,
        "cash": -26.700000000000003,
        "fees": 0.69,
        "ending_yes": -42.0,
        "ending_no": 42.0,
        "self_contained": false,
        "result": "no",
        "payout": 42.0,
        "pnl": 15.299999999999997
      },
      {
        "ticker": "KXBTC15M-26FEB181830-30",
        "first_ts": 1771456516,
        "day": 20502,
        "fills": 4,
        "cash": -38.83,
        "fees": 1.07,
        "ending_yes": 63.0,
        "ending_no": 0.0,
        "self_contained": true,
        "result": "no",
        "payout": 0.0,
        "pnl": -38.83
      },
      {
        "ticker": "KXBTC15M-26FEB181900-00",
        "first_ts": 1771458307,
        "day": 20502,
        "fills": 4,
        "cash": -73.56,
        "fees": 2.14,
        "ending_yes": 125.0,
        "ending_no": 0.0,
        "self_contained": true,
        "result": "yes",
        "payout": 125.0,
        "pnl": 51.44
      },
      {
        "ticker": "KXBTC15M-26FEB181915-15",
        "first_ts": 1771459673,
        "day": 20503,
        "fills": 2,
        "cash": -369.42999999999995,
        "fees": 1.9699999999999998,
        "ending_yes": 398.0,
        "ending_no": 0.0,
        "self_contained": true,
        "result": "no",
        "payout": 0.0,
        "pnl": -369.42999999999995
      },
      {
        "ticker": "KXBTC15M-26FEB182015-15",
        "first_ts": 1771463110,
        "day": 20503,
        "fills": 6,
        "cash": -197.02,
        "fees": 1.52,
        "ending_yes": 222.0,
        "ending_no": -222.0,
        "self_contained": false,
        "result": "yes",
        "payout": 222.0,
        "pnl": 24.97999999999999
      },
      {
        "ticker": "KXBTC15M-26FEB182345-45",
        "first_ts": 1771476097,
        "day": 20503,
        "fills": 5,
        "cash": 12.009999999999991,
        "fees": 1.56,
        "ending_yes": 251.0,
        "ending_no": -251.0,
        "self_contained": false,
        "result": "no",
        "payout": -251.0,
        "pnl": -238.99
      },
      {
        "ticker": "KXBTC15M-26FEB190000-00",
        "first_ts": 1771476436,
        "day": 20503,
        "fills": 16,
        "cash": -391.06000000000006,
        "fees": 7.9399999999999995,
        "ending_yes": -550.0,
        "ending_no": 550.0,
        "self_contained": false,
        "result": "no",
        "payout": 550.0,
        "pnl": 158.93999999999994
      },
      {
        "ticker": "KXBTC15M-26FEB190015-15",
        "first_ts": 1771477235,
        "day": 20503,
        "fills": 67,
        "cash": -502.11999999999983,
        "fees": 37.25000000000001,
        "ending_yes": -386.0,
        "ending_no": 386.0,
        "self_contained": false,
        "result": "no",
        "payout": 386.0,
        "pnl": -116.11999999999983
      },
      {
        "ticker": "KXBTC15M-26FEB190030-30",
        "first_ts": 1771478125,
        "day": 20503,
        "fills": 7,
        "cash": -523.49,
        "fees": 6.32,
        "ending_yes": -555.0,
        "ending_no": 648.0,
        "self_contained": false,
        "result": "no",
        "payout": 648.0,
        "pnl": 124.50999999999999
      },
      {
        "ticker": "KXBTC15M-26FEB190045-45",
        "first_ts": 1771479078,
        "day": 20503,
        "fills": 12,
        "cash": -42.550000000000004,
        "fees": 1.53,
        "ending_yes": 15.0,
        "ending_no": 89.0,
        "self_contained": true,
        "result": "yes",
        "payout": 15.0,
        "pnl": -27.550000000000004
      },
      {
        "ticker": "KXBTC15M-26FEB190100-00",
        "first_ts": 1771479913,
        "day": 20503,
        "fills": 26,
        "cash": -325.9600000000001,
        "fees": 7.259999999999998,
        "ending_yes": 0.0,
        "ending_no": 594.0,
        "self_contained": true,
        "result": "yes",
        "payout": 0.0,
        "pnl": -325.9600000000001
      },
      {
        "ticker": "KXBTC15M-26FEB190115-15",
        "first_ts": 1771480825,
        "day": 20503,
        "fills": 9,
        "cash": -291.22,
        "fees": 7.249999999999999,
        "ending_yes": 450.0,
        "ending_no": -450.0,
        "self_contained": false,
        "result": "yes",
        "payout": 450.0,
        "pnl": 158.77999999999997
      },
      {
        "ticker": "KXBTC15M-26FEB190130-30",
        "first_ts": 1771481731,
        "day": 20503,
        "fills": 14,
        "cash": -512.65,
        "fees": 12.91,
        "ending_yes": 795.0,
        "ending_no": -795.0,
        "self_contained": false,
        "result": "yes",
        "payout": 795.0,
        "pnl": 282.35
      },
      {
        "ticker": "KXBTC15M-26FEB190145-45",
        "first_ts": 1771482624,
        "day": 20503,
        "fills": 8,
        "cash": -772.16,
        "fees": 13.179999999999998,
        "ending_yes": 1084.0,
        "ending_no": 0.0,
        "self_contained": true,
        "result": "no",
        "payout": 0.0,
        "pnl": -772.16
      },
      {
        "ticker": "KXBTC15M-26FEB200415-15",
        "first_ts": 1771578087,
        "day": 20504,
        "fills": 3,
        "cash": -4.7700000000000005,
        "fees": 0.11,
        "ending_yes": 7.0,
        "ending_no": 0.0,
        "self_contained": true,
        "result": "yes",
        "payout": 7.0,
        "pnl": 2.2299999999999995
      },
      {
        "ticker": "KXBTC15M-26FEB200500-00",
        "first_ts": 1771581040,
        "day": 20504,
        "fills": 1,
        "cash": -4.779999999999999,
        "fees": 0.14,
        "ending_yes": 8.0,
        "ending_no": 0.0,
        "self_contained": true,
        "result": "yes",
        "payout": 8.0,
        "pnl": 3.2200000000000006
      },
      {
        "ticker": "KXBTC15M-26FEB210430-30",
        "first_ts": 1771665642,
        "day": 20505,
        "fills": 5,
        "cash": -127.63,
        "fees": 0.31999999999999995,
        "ending_yes": 132.0,
        "ending_no": 0.0,
        "self_contained": true,
        "result": "yes",
        "payout": 132.0,
        "pnl": 4.3700000000000045
      },
      {
        "ticker": "KXBTC15M-26FEB210515-15",
        "first_ts": 1771668883,
        "day": 20505,
        "fills": 1,
        "cash": -1.0,
        "fees": 0.07,
        "ending_yes": 0.0,
        "ending_no": 93.0,
        "self_contained": true,
        "result": "yes",
        "payout": 0.0,
        "pnl": -1.0
      },
      {
        "ticker": "KXBTC15M-26FEB210530-30",
        "first_ts": 1771669056,
        "day": 20505,
        "fills": 6,
        "cash": -48.63,
        "fees": 0.97,
        "ending_yes": 0.0,
        "ending_no": 67.0,
        "self_contained": true,
        "result": "yes",
        "payout": 0.0,
        "pnl": -48.63
      },
      {
        "ticker": "KXBTC15M-26FEB241545-45",
        "first_ts": 1771965139,
        "day": 20508,
        "fills": 3,
        "cash": -43.93000000000001,
        "fees": 0.8200000000000001,
        "ending_yes": 59.0,
        "ending_no": 0.0,
        "self_contained": true,
        "result": "yes",
        "payout": 59.0,
        "pnl": 15.069999999999993
      },
      {
        "ticker": "KXBTC15M-26FEB241645-45",
        "first_ts": 1771968820,
        "day": 20508,
        "fills": 4,
        "cash": -38.3,
        "fees": 1.07,
        "ending_yes": 0.0,
        "ending_no": 63.0,
        "self_contained": true,
        "result": "yes",
        "payout": 0.0,
        "pnl": -38.3
      },
      {
        "ticker": "KXBTC15M-26FEB241700-00",
        "first_ts": 1771969916,
        "day": 20508,
        "fills": 1,
        "cash": -25.680000000000003,
        "fees": 0.6,
        "ending_yes": 0.0,
        "ending_no": 38.0,
        "self_contained": true,
        "result": "yes",
        "payout": 0.0,
        "pnl": -25.680000000000003
      },
      {
        "ticker": "KXBTC15M-26FEB241945-45",
        "first_ts": 1771979730,
        "day": 20509,
        "fills": 1,
        "cash": -19.740000000000002,
        "fees": 0.16,
        "ending_yes": 22.0,
        "ending_no": 0.0,
        "self_contained": true,
        "result": "yes",
        "payout": 22.0,
        "pnl": 2.259999999999998
      },
      {
        "ticker": "KXBTC15M-26FEB242000-00",
        "first_ts": 1771981002,
        "day": 20509,
        "fills": 1,
        "cash": -100.1,
        "fees": 0.35,
        "ending_yes": 105.0,
        "ending_no": 0.0,
        "self_contained": true,
        "result": "yes",
        "payout": 105.0,
        "pnl": 4.900000000000006
      },
      {
        "ticker": "KXBTC15M-26FEB242030-30",
        "first_ts": 1771982375,
        "day": 20509,
        "fills": 4,
        "cash": -67.96000000000001,
        "fees": 1.08,
        "ending_yes": 87.0,
        "ending_no": 0.0,
        "self_contained": true,
        "result": "yes",
        "payout": 87.0,
        "pnl": 19.039999999999992
      },
      {
        "ticker": "KXBTC15M-26FEB242045-45",
        "first_ts": 1771983141,
        "day": 20509,
        "fills": 6,
        "cash": -29.07,
        "fees": 1.08,
        "ending_yes": 61.0,
        "ending_no": 0.0,
        "self_contained": true,
        "result": "no",
        "payout": 0.0,
        "pnl": -29.07
      },
      {
        "ticker": "KXBTC15M-26FEB250700-00",
        "first_ts": 1772020313,
        "day": 20509,
        "fills": 3,
        "cash": -21.93,
        "fees": 2.11,
        "ending_yes": 44.0,
        "ending_no": -10.0,
        "self_contained": false,
        "result": "yes",
        "payout": 44.0,
        "pnl": 22.07
      },
      {
        "ticker": "KXBTC15M-26FEB250715-15",
        "first_ts": 1772020940,
        "day": 20509,
        "fills": 1,
        "cash": -11.06,
        "fees": 0.5,
        "ending_yes": 0.0,
        "ending_no": 32.0,
        "self_contained": true,
        "result": "yes",
        "payout": 0.0,
        "pnl": -11.06
      },
      {
        "ticker": "KXBTC15M-26FEB251615-15",
        "first_ts": 1772053406,
        "day": 20509,
        "fills": 8,
        "cash": -5.34,
        "fees": 0.02,
        "ending_yes": 9.0,
        "ending_no": 6.0,
        "self_contained": true,
        "result": "no",
        "payout": 6.0,
        "pnl": 0.6600000000000001
      },
      {
        "ticker": "KXBTC15M-26FEB251630-30",
        "first_ts": 1772054322,
        "day": 20509,
        "fills": 9,
        "cash": -39.14,
        "fees": 0.45999999999999996,
        "ending_yes": 66.0,
        "ending_no": 0.0,
        "self_contained": true,
        "result": "no",
        "payout": 0.0,
        "pnl": -39.14
      },
      {
        "ticker": "KXBTC15M-26FEB251700-00",
        "first_ts": 1772056071,
        "day": 20509,
        "fills": 3,
        "cash": -32.26,
        "fees": 0.29000000000000004,
        "ending_yes": 0.0,
        "ending_no": 37.0,
        "self_contained": true,
        "result": "no",
        "payout": 37.0,
        "pnl": 4.740000000000002
      },
      {
        "ticker": "KXBTC15M-26FEB251745-45",
        "first_ts": 1772058986,
        "day": 20509,
        "fills": 1,
        "cash": -28.2,
        "fees": 0.75,
        "ending_yes": 0.0,
        "ending_no": 45.0,
        "self_contained": true,
        "result": "no",
        "payout": 45.0,
        "pnl": 16.8
      },
      {
        "ticker": "KXBTC15M-26FEB251915-15",
        "first_ts": 1772064791,
        "day": 20510,
        "fills": 1,
        "cash": -0.02,
        "fees": 0.01,
        "ending_yes": 0.0,
        "ending_no": 1.0,
        "self_contained": true,
        "result": "yes",
        "payout": 0.0,
        "pnl": -0.02
      },
      {
        "ticker": "KXBTC15M-26FEB252130-30",
        "first_ts": 1772072649,
        "day": 20510,
        "fills": 1,
        "cash": -49.85,
        "fees": 0.35,
        "ending_yes": 55.0,
        "ending_no": 0.0,
        "self_contained": true,
        "result": "yes",
        "payout": 55.0,
        "pnl": 5.149999999999999
      },
      {
        "ticker": "KXBTC15M-26FEB252315-15",
        "first_ts": 1772078830,
        "day": 20510,
        "fills": 1,
        "cash": -0.36000000000000004,
        "fees": 0.02,
        "ending_yes": 0.0,
        "ending_no": 2.0,
        "self_contained": true,
        "result": "yes",
        "payout": 0.0,
        "pnl": -0.36000000000000004
      },
      {
        "ticker": "KXBTC15M-26FEB252330-30",
        "first_ts": 1772079607,
        "day": 20510,
        "fills": 2,
        "cash": -15.64,
        "fees": 0.0,
        "ending_yes": 23.0,
        "ending_no": 0.0,
        "self_contained": true,
        "result": "yes",
        "payout": 23.0,
        "pnl": 7.359999999999999
      },
      {
        "ticker": "KXBTC15M-26FEB260000-00",
        "first_ts": 1772081212,
        "day": 20510,
        "fills": 3,
        "cash": -17.97,
        "fees": 0.54,
        "ending_yes": 1.0,
        "ending_no": 30.0,
        "self_contained": true,
        "result": "no",
        "payout": 30.0,
        "pnl": 12.030000000000001
      },
      {
        "ticker": "KXBTC15M-26FEB260030-30",
        "first_ts": 1772083674,
        "day": 20510,
        "fills": 1,
        "cash": -1.92,
        "fees": 0.12,
        "ending_yes": 0.0,
        "ending_no": 30.0,
        "self_contained": true,
        "result": "yes",
        "payout": 0.0,
        "pnl": -1.92
      },
      {
        "ticker": "KXBTC15M-26FEB260045-45",
        "first_ts": 1772084178,
        "day": 20510,
        "fills": 2,
        "cash": -138.76,
        "fees": 4.109999999999999,
        "ending_yes": 253.0,
        "ending_no": 0.0,
        "self_contained": true,
        "result": "yes",
        "payout": 253.0,
        "pnl": 114.24000000000001
      },
      {
        "ticker": "KXBTC15M-26FEB260100-00",
        "first_ts": 1772084872,
        "day": 20510,
        "fills": 3,
        "cash": -1.15,
        "fees": 0.02,
        "ending_yes": 0.0,
        "ending_no": 3.0,
        "self_contained": true,
        "result": "yes",
        "payout": 0.0,
        "pnl": -1.15
      },
      {
        "ticker": "KXBTC15M-26FEB260145-45",
        "first_ts": 1772087686,
        "day": 20510,
        "fills": 3,
        "cash": -61.74999999999999,
        "fees": 2.56,
        "ending_yes": 164.0,
        "ending_no": 0.0,
        "self_contained": true,
        "result": "no",
        "payout": 0.0,
        "pnl": -61.74999999999999
      },
      {
        "ticker": "KXBTC15M-26FEB260200-00",
        "first_ts": 1772088730,
        "day": 20510,
        "fills": 4,
        "cash": -20.18,
        "fees": 1.04,
        "ending_yes": 0.0,
        "ending_no": 83.0,
        "self_contained": true,
        "result": "yes",
        "payout": 0.0,
        "pnl": -20.18
      },
      {
        "ticker": "KXBTC15M-26FEB260830-30",
        "first_ts": 1772112378,
        "day": 20510,
        "fills": 2,
        "cash": -0.62,
        "fees": 0.01,
        "ending_yes": 0.0,
        "ending_no": 2.0,
        "self_contained": true,
        "result": "yes",
        "payout": 0.0,
        "pnl": -0.62
      },
      {
        "ticker": "KXBTC15M-26FEB261130-30",
        "first_ts": 1772122859,
        "day": 20510,
        "fills": 3,
        "cash": -92.7,
        "fees": 0.8,
        "ending_yes": 107.0,
        "ending_no": 0.0,
        "self_contained": true,
        "result": "yes",
        "payout": 107.0,
        "pnl": 14.299999999999997
      },
      {
        "ticker": "KXBTC15M-26FEB261145-45",
        "first_ts": 1772123653,
        "day": 20510,
        "fills": 3,
        "cash": -220.16,
        "fees": 0.32,
        "ending_yes": 0.0,
        "ending_no": 243.0,
        "self_contained": true,
        "result": "no",
        "payout": 243.0,
        "pnl": 22.840000000000003
      },
      {
        "ticker": "KXBTC15M-26FEB261200-00",
        "first_ts": 1772124515,
        "day": 20510,
        "fills": 7,
        "cash": -195.93,
        "fees": 2.04,
        "ending_yes": 0.0,
        "ending_no": 256.0,
        "self_contained": true,
        "result": "no",
        "payout": 256.0,
        "pnl": 60.06999999999999
      },
      {
        "ticker": "KXBTC15M-26FEB261215-15",
        "first_ts": 1772125294,
        "day": 20510,
        "fills": 2,
        "cash": -82.11,
        "fees": 1.51,
        "ending_yes": 110.0,
        "ending_no": 0.0,
        "self_contained": true,
        "result": "yes",
        "payout": 110.0,
        "pnl": 27.89
      },
      {
        "ticker": "KXBTC15M-26FEB261230-30",
        "first_ts": 1772126935,
        "day": 20510,
        "fills": 1,
        "cash": -95.34,
        "fees": 0.34,
        "ending_yes": 100.0,
        "ending_no": 0.0,
        "self_contained": true,
        "result": "yes",
        "payout": 100.0,
        "pnl": 4.659999999999997
      },
      {
        "ticker": "KXBTC15M-26FEB261345-45",
        "first_ts": 1772130894,
        "day": 20510,
        "fills": 3,
        "cash": -96.0,
        "fees": 0.0,
        "ending_yes": 100.0,
        "ending_no": 0.0,
        "self_contained": true,
        "result": "yes",
        "payout": 100.0,
        "pnl": 4.0
      },
      {
        "ticker": "KXBTC15M-26FEB261400-00",
        "first_ts": 1772132098,
        "day": 20510,
        "fills": 5,
        "cash": -44.96000000000001,
        "fees": 2.38,
        "ending_yes": 22.0,
        "ending_no": 70.0,
        "self_contained": true,
        "result": "yes",
        "payout": 22.0,
        "pnl": -22.960000000000008
      },
      {
        "ticker": "KXBTC15M-26FEB261415-15",
        "first_ts": 1772132824,
        "day": 20510,
        "fills": 2,
        "cash": -9.3,
        "fees": 0.0,
        "ending_yes": 10.0,
        "ending_no": 0.0,
        "self_contained": true,
        "result": "yes",
        "payout": 10.0,
        "pnl": 0.6999999999999993
      },
      {
        "ticker": "KXBTC15M-26FEB261445-45",
        "first_ts": 1772134586,
        "day": 20510,
        "fills": 2,
        "cash": -17.7,
        "fees": 0.02,
        "ending_yes": 26.0,
        "ending_no": 0.0,
        "self_contained": true,
        "result": "no",
        "payout": 0.0,
        "pnl": -17.7
      },
      {
        "ticker": "KXBTC15M-26FEB261530-30",
        "first_ts": 1772137366,
        "day": 20510,
        "fills": 9,
        "cash": -174.99999999999997,
        "fees": 0.0,
        "ending_yes": 0.0,
        "ending_no": 500.0,
        "self_contained": true,
        "result": "no",
        "payout": 500.0,
        "pnl": 325.0
      },
      {
        "ticker": "KXBTC15M-26FEB261600-00",
        "first_ts": 1772139179,
        "day": 20510,
        "fills": 6,
        "cash": -293.05,
        "fees": 0.78,
        "ending_yes": -320.0,
        "ending_no": 320.0,
        "self_contained": false,
        "result": "no",
        "payout": 320.0,
        "pnl": 26.94999999999999
      },
      {
        "ticker": "KXBTC15M-26FEB261645-45",
        "first_ts": 1772142182,
        "day": 20510,
        "fills": 11,
        "cash": -399.95,
        "fees": 0.0,
        "ending_yes": 0.0,
        "ending_no": 421.0,
        "self_contained": true,
        "result": "no",
        "payout": 421.0,
        "pnl": 21.05000000000001
      },
      {
        "ticker": "KXBTC15M-26FEB261800-00",
        "first_ts": 1772146405,
        "day": 20510,
        "fills": 7,
        "cash": -187.13,
        "fees": 1.05,
        "ending_yes": 0.0,
        "ending_no": 215.0,
        "self_contained": true,
        "result": "no",
        "payout": 215.0,
        "pnl": 27.870000000000005
      },
      {
        "ticker": "KXBTC15M-26FEB261815-15",
        "first_ts": 1772147435,
        "day": 20510,
        "fills": 8,
        "cash": -248.78000000000003,
        "fees": 0.32,
        "ending_yes": 0.0,
        "ending_no": 261.0,
        "self_contained": true,
        "result": "no",
        "payout": 261.0,
        "pnl": 12.21999999999997
      },
      {
        "ticker": "KXBTC15M-26FEB261830-30",
        "first_ts": 1772147866,
        "day": 20510,
        "fills": 6,
        "cash": -66.27,
        "fees": 0.9299999999999999,
        "ending_yes": 0.0,
        "ending_no": 92.0,
        "self_contained": true,
        "result": "yes",
        "payout": 0.0,
        "pnl": -66.27
      },
      {
        "ticker": "KXBTC15M-26FEB261845-45",
        "first_ts": 1772148916,
        "day": 20510,
        "fills": 11,
        "cash": -151.55999999999997,
        "fees": 3.36,
        "ending_yes": 0.0,
        "ending_no": 264.0,
        "self_contained": true,
        "result": "no",
        "payout": 264.0,
        "pnl": 112.44000000000003
      },
      {
        "ticker": "KXBTC15M-26FEB261900-00",
        "first_ts": 1772149925,
        "day": 20510,
        "fills": 12,
        "cash": -320.46,
        "fees": 2.74,
        "ending_yes": 0.0,
        "ending_no": 382.0,
        "self_contained": true,
        "result": "no",
        "payout": 382.0,
        "pnl": 61.54000000000002
      },
      {
        "ticker": "KXBTC15M-26FEB261915-15",
        "first_ts": 1772150680,
        "day": 20511,
        "fills": 12,
        "cash": -196.15,
        "fees": 5.58,
        "ending_yes": -353.0,
        "ending_no": 353.0,
        "self_contained": false,
        "result": "no",
        "payout": 353.0,
        "pnl": 156.85
      },
      {
        "ticker": "KXBTC15M-26FEB261930-30",
        "first_ts": 1772151327,
        "day": 20511,
        "fills": 6,
        "cash": -29.360000000000007,
        "fees": 0.0,
        "ending_yes": 49.0,
        "ending_no": 0.0,
        "self_contained": true,
        "result": "no",
        "payout": 0.0,
        "pnl": -29.360000000000007
      },
      {
        "ticker": "KXBTC15M-26FEB261945-45",
        "first_ts": 1772152687,
        "day": 20511,
        "fills": 39,
        "cash": -836.6199999999998,
        "fees": 2.3400000000000003,
        "ending_yes": -890.0,
        "ending_no": 890.0,
        "self_contained": false,
        "result": "no",
        "payout": 890.0,
        "pnl": 53.38000000000022
      },
      {
        "ticker": "KXBTC15M-26FEB262000-00",
        "first_ts": 1772153183,
        "day": 20511,
        "fills": 26,
        "cash": -323.01,
        "fees": 7.609999999999999,
        "ending_yes": 0.0,
        "ending_no": 666.0,
        "self_contained": true,
        "result": "yes",
        "payout": 0.0,
        "pnl": -323.01
      },
      {
        "ticker": "KXBTC15M-26FEB262015-15",
        "first_ts": 1772154080,
        "day": 20511,
        "fills": 30,
        "cash": -396.96,
        "fees": 4.43,
        "ending_yes": -483.0,
        "ending_no": 483.0,
        "self_contained": false,
        "result": "no",
        "payout": 483.0,
        "pnl": 86.04000000000002
      },
      {
        "ticker": "KXBTC15M-26FEB262030-30",
        "first_ts": 1772155375,
        "day": 20511,
        "fills": 37,
        "cash": -685.3799999999999,
        "fees": 8.590000000000002,
        "ending_yes": 899.0,
        "ending_no": -899.0,
        "self_contained": false,
        "result": "yes",
        "payout": 899.0,
        "pnl": 213.62000000000012
      },
      {
        "ticker": "KXBTC15M-26FEB262045-45",
        "first_ts": 1772156111,
        "day": 20511,
        "fills": 14,
        "cash": -285.55,
        "fees": 2.6100000000000003,
        "ending_yes": 329.0,
        "ending_no": -329.0,
        "self_contained": false,
        "result": "yes",
        "payout": 329.0,
        "pnl": 43.44999999999999
      },
      {
        "ticker": "KXBTC15M-26FEB262100-00",
        "first_ts": 1772156773,
        "day": 20511,
        "fills": 13,
        "cash": -40.589999999999996,
        "fees": 3.84,
        "ending_yes": -73.0,
        "ending_no": 278.0,
        "self_contained": false,
        "result": "yes",
        "payout": -73.0,
        "pnl": -113.59
      },
      {
        "ticker": "KXBTC15M-26FEB262115-15",
        "first_ts": 1772157732,
        "day": 20511,
        "fills": 13,
        "cash": -420.23,
        "fees": 3.1399999999999997,
        "ending_yes": 513.0,
        "ending_no": -513.0,
        "self_contained": false,
        "result": "no",
        "payout": -513.0,
        "pnl": -933.23
      },
      {
        "ticker": "KXBTC15M-26FEB262130-30",
        "first_ts": 1772158793,
        "day": 20511,
        "fills": 55,
        "cash": -583.05,
        "fees": 16.37,
        "ending_yes": 519.0,
        "ending_no": 415.0,
        "self_contained": false,
        "result": "yes",
        "payout": 519.0,
        "pnl": -64.04999999999995
      },
      {
        "ticker": "KXBTC15M-26FEB262145-45",
        "first_ts": 1772159554,
        "day": 20511,
        "fills": 21,
        "cash": -495.1,
        "fees": 2.6100000000000003,
        "ending_yes": 614.0,
        "ending_no": -569.0,
        "self_contained": false,
        "result": "yes",
        "payout": 614.0,
        "pnl": 118.89999999999998
      },
      {
        "ticker": "KXBTC15M-26FEB262200-00",
        "first_ts": 1772160543,
        "day": 20511,
        "fills": 34,
        "cash": -1102.9500000000003,
        "fees": 2.47,
        "ending_yes": 151.0,
        "ending_no": 1052.0,
        "self_contained": true,
        "result": "no",
        "payout": 1052.0,
        "pnl": -50.95000000000027
      },
      {
        "ticker": "KXBTC15M-26FEB262215-15",
        "first_ts": 1772161290,
        "day": 20511,
        "fills": 27,
        "cash": -656.2200000000001,
        "fees": 6.81,
        "ending_yes": -814.0,
        "ending_no": 814.0,
        "self_contained": false,
        "result": "no",
        "payout": 814.0,
        "pnl": 157.77999999999986
      },
      {
        "ticker": "KXBTC15M-26FEB262230-30",
        "first_ts": 1772162572,
        "day": 20511,
        "fills": 28,
        "cash": -798.1599999999999,
        "fees": 4.790000000000001,
        "ending_yes": -829.0,
        "ending_no": 871.0,
        "self_contained": false,
        "result": "no",
        "payout": 871.0,
        "pnl": 72.84000000000015
      },
      {
        "ticker": "KXBTC15M-26FEB262245-45",
        "first_ts": 1772163477,
        "day": 20511,
        "fills": 29,
        "cash": -638.4999999999999,
        "fees": 1.6,
        "ending_yes": 674.0,
        "ending_no": -674.0,
        "self_contained": false,
        "result": "yes",
        "payout": 674.0,
        "pnl": 35.500000000000114
      },
      {
        "ticker": "KXBTC15M-26FEB262300-00",
        "first_ts": 1772163971,
        "day": 20511,
        "fills": 44,
        "cash": -1505.8,
        "fees": 6.390000000000001,
        "ending_yes": 1359.0,
        "ending_no": -571.0,
        "self_contained": false,
        "result": "yes",
        "payout": 1359.0,
        "pnl": -146.79999999999995
      },
      {
        "ticker": "KXBTC15M-26FEB262315-15",
        "first_ts": 1772164900,
        "day": 20511,
        "fills": 16,
        "cash": -907.85,
        "fees": 5.24,
        "ending_yes": 1041.0,
        "ending_no": -1041.0,
        "self_contained": false,
        "result": "yes",
        "payout": 1041.0,
        "pnl": 133.14999999999998
      },
      {
        "ticker": "KXBTC15M-26FEB262330-30",
        "first_ts": 1772165728,
        "day": 20511,
        "fills": 32,
        "cash": -799.97,
        "fees": 7.51,
        "ending_yes": 986.0,
        "ending_no": -872.0,
        "self_contained": false,
        "result": "yes",
        "payout": 986.0,
        "pnl": 186.02999999999997
      },
      {
        "ticker": "KXBTC15M-26FEB262345-45",
        "first_ts": 1772166679,
        "day": 20511,
        "fills": 23,
        "cash": -1141.4400000000003,
        "fees": 3.76,
        "ending_yes": -1330.0,
        "ending_no": 1330.0,
        "self_contained": false,
        "result": "no",
        "payout": 1330.0,
        "pnl": 188.55999999999972
      },
      {
        "ticker": "KXBTC15M-26FEB270000-00",
        "first_ts": 1772167546,
        "day": 20511,
        "fills": 26,
        "cash": -1237.5,
        "fees": 8.41,
        "ending_yes": 1407.0,
        "ending_no": 52.0,
        "self_contained": false,
        "result": "no",
        "payout": 52.0,
        "pnl": -1185.5
      },
      {
        "ticker": "KXBTC15M-26FEB270015-15",
        "first_ts": 1772168465,
        "day": 20511,
        "fills": 13,
        "cash": -168.01,
        "fees": 3.79,
        "ending_yes": 262.0,
        "ending_no": -249.0,
        "self_contained": false,
        "result": "yes",
        "payout": 262.0,
        "pnl": 93.99000000000001
      },
      {
        "ticker": "KXBTC15M-26FEB270030-30",
        "first_ts": 1772169340,
        "day": 20511,
        "fills": 22,
        "cash": -214.79,
        "fees": 12.01,
        "ending_yes": -574.0,
        "ending_no": 574.0,
        "self_contained": false,
        "result": "no",
        "payout": 574.0,
        "pnl": 359.21000000000004
      },
      {
        "ticker": "KXBTC15M-26FEB270045-45",
        "first_ts": 1772170244,
        "day": 20511,
        "fills": 25,
        "cash": -314.0899999999999,
        "fees": 4.63,
        "ending_yes": 460.0,
        "ending_no": -460.0,
        "self_contained": false,
        "result": "yes",
        "payout": 460.0,
        "pnl": 145.91000000000008
      },
      {
        "ticker": "KXBTC15M-26FEB270100-00",
        "first_ts": 1772171121,
        "day": 20511,
        "fills": 28,
        "cash": -455.41,
        "fees": 6.849999999999998,
        "ending_yes": -617.0,
        "ending_no": 617.0,
        "self_contained": false,
        "result": "no",
        "payout": 617.0,
        "pnl": 161.58999999999997
      },
      {
        "ticker": "KXBTC15M-26FEB271330-30",
        "first_ts": 1772216640,
        "day": 20511,
        "fills": 30,
        "cash": -608.8400000000001,
        "fees": 1.5700000000000005,
        "ending_yes": 0.0,
        "ending_no": 658.0,
        "self_contained": true,
        "result": "yes",
        "payout": 0.0,
        "pnl": -608.8400000000001
      },
      {
        "ticker": "KXBTC15M-26FEB271345-45",
        "first_ts": 1772217434,
        "day": 20511,
        "fills": 3,
        "cash": -3.949999999999999,
        "fees": 0.47,
        "ending_yes": 10.0,
        "ending_no": -4.0,
        "self_contained": false,
        "result": "yes",
        "payout": 10.0,
        "pnl": 6.050000000000001
      },
      {
        "ticker": "KXBTC15M-26FEB271730-30",
        "first_ts": 1772230733,
        "day": 20511,
        "fills": 2,
        "cash": 0.25,
        "fees": 0.01,
        "ending_yes": 1.0,
        "ending_no": -1.0,
        "self_contained": false,
        "result": "no",
        "payout": -1.0,
        "pnl": -0.75
      },
      {
        "ticker": "KXBTC15M-26FEB271915-15",
        "first_ts": 1772237457,
        "day": 20512,
        "fills": 11,
        "cash": -206.70000000000002,
        "fees": 1.44,
        "ending_yes": 233.0,
        "ending_no": -233.0,
        "self_contained": false,
        "result": "yes",
        "payout": 233.0,
        "pnl": 26.299999999999983
      },
      {
        "ticker": "KXBTC15M-26FEB272145-45",
        "first_ts": 1772245875,
        "day": 20512,
        "fills": 7,
        "cash": -104.28999999999999,
        "fees": 4.24,
        "ending_yes": 134.0,
        "ending_no": 46.0,
        "self_contained": true,
        "result": "yes",
        "payout": 134.0,
        "pnl": 29.710000000000008
      },
      {
        "ticker": "KXBTC15M-26FEB272300-00",
        "first_ts": 1772250812,
        "day": 20512,
        "fills": 16,
        "cash": -439.7800000000001,
        "fees": 2.13,
        "ending_yes": 477.0,
        "ending_no": -477.0,
        "self_contained": false,
        "result": "yes",
        "payout": 477.0,
        "pnl": 37.219999999999914
      },
      {
        "ticker": "KXBTC15M-26FEB272315-15",
        "first_ts": 1772251333,
        "day": 20512,
        "fills": 21,
        "cash": 12.619999999999965,
        "fees": 3.6399999999999997,
        "ending_yes": 257.0,
        "ending_no": -107.0,
        "self_contained": false,
        "result": "no",
        "payout": -107.0,
        "pnl": -94.38000000000004
      },
      {
        "ticker": "KXBTC15M-26FEB272330-30",
        "first_ts": 1772252725,
        "day": 20512,
        "fills": 10,
        "cash": -263.59999999999997,
        "fees": 1.35,
        "ending_yes": 286.0,
        "ending_no": -286.0,
        "self_contained": false,
        "result": "no",
        "payout": -286.0,
        "pnl": -549.5999999999999
      },
      {
        "ticker": "KXBTC15M-26FEB280015-15",
        "first_ts": 1772255319,
        "day": 20512,
        "fills": 19,
        "cash": -152.84999999999997,
        "fees": 0.99,
        "ending_yes": 196.0,
        "ending_no": -196.0,
        "self_contained": false,
        "result": "yes",
        "payout": 196.0,
        "pnl": 43.150000000000034
      },
      {
        "ticker": "KXBTC15M-26FEB280030-30",
        "first_ts": 1772255937,
        "day": 20512,
        "fills": 41,
        "cash": 40.059999999999896,
        "fees": 10.59,
        "ending_yes": 57.0,
        "ending_no": -16.0,
        "self_contained": false,
        "result": "no",
        "payout": -16.0,
        "pnl": 24.059999999999896
      },
      {
        "ticker": "KXBTC15M-26FEB280100-00",
        "first_ts": 1772257805,
        "day": 20512,
        "fills": 17,
        "cash": -116.84,
        "fees": 0.48,
        "ending_yes": -180.0,
        "ending_no": 180.0,
        "self_contained": false,
        "result": "no",
        "payout": 180.0,
        "pnl": 63.16
      },
      {
        "ticker": "KXBTC15M-26FEB280115-15",
        "first_ts": 1772258450,
        "day": 20512,
        "fills": 48,
        "cash": -296.68999999999977,
        "fees": 5.739999999999998,
        "ending_yes": 454.0,
        "ending_no": -454.0,
        "self_contained": false,
        "result": "yes",
        "payout": 454.0,
        "pnl": 157.31000000000023
      },
      {
        "ticker": "KXBTC15M-26FEB280230-30",
        "first_ts": 1772263136,
        "day": 20512,
        "fills": 12,
        "cash": -49.540000000000006,
        "fees": 1.4100000000000001,
        "ending_yes": 87.0,
        "ending_no": 0.0,
        "self_contained": true,
        "result": "no",
        "payout": 0.0,
        "pnl": -49.540000000000006
      },
      {
        "ticker": "KXBTC15M-26FEB280245-45",
        "first_ts": 1772263960,
        "day": 20512,
        "fills": 46,
        "cash": -476.61000000000007,
        "fees": 3.88,
        "ending_yes": 568.0,
        "ending_no": -568.0,
        "self_contained": false,
        "result": "yes",
        "payout": 568.0,
        "pnl": 91.38999999999993
      },
      {
        "ticker": "KXBTC15M-26FEB280300-00",
        "first_ts": 1772264959,
        "day": 20512,
        "fills": 56,
        "cash": -491.58,
        "fees": 12.059999999999999,
        "ending_yes": -529.0,
        "ending_no": 529.0,
        "self_contained": false,
        "result": "no",
        "payout": 529.0,
        "pnl": 37.420000000000016
      },
      {
        "ticker": "KXBTC15M-26FEB280315-15",
        "first_ts": 1772265722,
        "day": 20512,
        "fills": 8,
        "cash": -68.41,
        "fees": 0.85,
        "ending_yes": 0.0,
        "ending_no": 82.0,
        "self_contained": true,
        "result": "no",
        "payout": 82.0,
        "pnl": 13.590000000000003
      },
      {
        "ticker": "KXBTC15M-26FEB280330-30",
        "first_ts": 1772266556,
        "day": 20512,
        "fills": 38,
        "cash": -394.07,
        "fees": 7.059999999999998,
        "ending_yes": 311.0,
        "ending_no": 193.0,
        "self_contained": false,
        "result": "yes",
        "payout": 311.0,
        "pnl": -83.07
      },
      {
        "ticker": "KXBTC15M-26MAR010130-30",
        "first_ts": 1772346473,
        "day": 20513,
        "fills": 2,
        "cash": -10.68,
        "fees": 0.0,
        "ending_yes": 12.0,
        "ending_no": 0.0,
        "self_contained": true,
        "result": "yes",
        "payout": 12.0,
        "pnl": 1.3200000000000003
      },
      {
        "ticker": "KXBTC15M-26MAR011215-15",
        "first_ts": 1772384496,
        "day": 20513,
        "fills": 5,
        "cash": -77.23,
        "fees": 2.74,
        "ending_yes": 158.0,
        "ending_no": 0.0,
        "self_contained": true,
        "result": "no",
        "payout": 0.0,
        "pnl": -77.23
      },
      {
        "ticker": "KXBTC15M-26MAR011230-30",
        "first_ts": 1772385502,
        "day": 20513,
        "fills": 5,
        "cash": -21.139999999999997,
        "fees": 1.24,
        "ending_yes": 166.0,
        "ending_no": 0.0,
        "self_contained": true,
        "result": "no",
        "payout": 0.0,
        "pnl": -21.139999999999997
      },
      {
        "ticker": "KXBTC15M-26MAR011245-45",
        "first_ts": 1772386604,
        "day": 20513,
        "fills": 9,
        "cash": -41.620000000000005,
        "fees": 2.03,
        "ending_yes": 0.0,
        "ending_no": 146.0,
        "self_contained": true,
        "result": "yes",
        "payout": 0.0,
        "pnl": -41.620000000000005
      },
      {
        "ticker": "KXBTC15M-26MAR020230-30",
        "first_ts": 1772436325,
        "day": 20514,
        "fills": 2,
        "cash": -10.37,
        "fees": 0.47,
        "ending_yes": 0.0,
        "ending_no": 30.0,
        "self_contained": true,
        "result": "yes",
        "payout": 0.0,
        "pnl": -10.37
      },
      {
        "ticker": "KXBTC15M-26MAR020245-45",
        "first_ts": 1772436833,
        "day": 20514,
        "fills": 6,
        "cash": -67.71000000000001,
        "fees": 1.0799999999999998,
        "ending_yes": 107.0,
        "ending_no": -107.0,
        "self_contained": false,
        "result": "yes",
        "payout": 107.0,
        "pnl": 39.28999999999999
      },
      {
        "ticker": "KXBTC15M-26MAR020300-00",
        "first_ts": 1772437749,
        "day": 20514,
        "fills": 21,
        "cash": -112.27999999999999,
        "fees": 0.20000000000000004,
        "ending_yes": 182.0,
        "ending_no": -182.0,
        "self_contained": false,
        "result": "yes",
        "payout": 182.0,
        "pnl": 69.72000000000001
      },
      {
        "ticker": "KXBTC15M-26MAR020315-15",
        "first_ts": 1772438478,
        "day": 20514,
        "fills": 17,
        "cash": -141.39999999999998,
        "fees": 1.05,
        "ending_yes": -38.0,
        "ending_no": 159.0,
        "self_contained": false,
        "result": "yes",
        "payout": -38.0,
        "pnl": -179.39999999999998
      },
      {
        "ticker": "KXBTC15M-26MAR020330-30",
        "first_ts": 1772439572,
        "day": 20514,
        "fills": 5,
        "cash": -57.11,
        "fees": 0.9400000000000001,
        "ending_yes": -78.0,
        "ending_no": 78.0,
        "self_contained": false,
        "result": "no",
        "payout": 78.0,
        "pnl": 20.89
      },
      {
        "ticker": "KXBTC15M-26MAR020345-45",
        "first_ts": 1772440449,
        "day": 20514,
        "fills": 6,
        "cash": -96.99,
        "fees": 0.18,
        "ending_yes": 126.0,
        "ending_no": -126.0,
        "self_contained": false,
        "result": "yes",
        "payout": 126.0,
        "pnl": 29.010000000000005
      },
      {
        "ticker": "KXBTC15M-26MAR020400-00",
        "first_ts": 1772441128,
        "day": 20514,
        "fills": 6,
        "cash": -58.64999999999999,
        "fees": 1.25,
        "ending_yes": 99.0,
        "ending_no": -99.0,
        "self_contained": false,
        "result": "yes",
        "payout": 99.0,
        "pnl": 40.35000000000001
      },
      {
        "ticker": "KXBTC15M-26MAR021130-30",
        "first_ts": 1772468307,
        "day": 20514,
        "fills": 4,
        "cash": -38.120000000000005,
        "fees": 0.76,
        "ending_yes": -62.0,
        "ending_no": 62.0,
        "self_contained": false,
        "result": "no",
        "payout": 62.0,
        "pnl": 23.879999999999995
      },
      {
        "ticker": "KXBTC15M-26MAR021200-00",
        "first_ts": 1772470070,
        "day": 20514,
        "fills": 7,
        "cash": 2.6099999999999994,
        "fees": 2.48,
        "ending_yes": 92.0,
        "ending_no": -92.0,
        "self_contained": false,
        "result": "no",
        "payout": -92.0,
        "pnl": -89.39
      },
      {
        "ticker": "KXBTC15M-26MAR021215-15",
        "first_ts": 1772470836,
        "day": 20514,
        "fills": 8,
        "cash": -58.5,
        "fees": 0.32,
        "ending_yes": -94.0,
        "ending_no": 94.0,
        "self_contained": false,
        "result": "no",
        "payout": 94.0,
        "pnl": 35.5
      },
      {
        "ticker": "KXBTC15M-26MAR021230-30",
        "first_ts": 1772471805,
        "day": 20514,
        "fills": 6,
        "cash": -69.89,
        "fees": 1.3399999999999999,
        "ending_yes": -75.0,
        "ending_no": 97.0,
        "self_contained": false,
        "result": "no",
        "payout": 97.0,
        "pnl": 27.11
      },
      {
        "ticker": "KXBTC15M-26MAR021245-45",
        "first_ts": 1772472669,
        "day": 20514,
        "fills": 8,
        "cash": -47.900000000000006,
        "fees": 0.8300000000000001,
        "ending_yes": -25.0,
        "ending_no": 59.0,
        "self_contained": false,
        "result": "no",
        "payout": 59.0,
        "pnl": 11.099999999999994
      },
      {
        "ticker": "KXBTC15M-26MAR021300-00",
        "first_ts": 1772473660,
        "day": 20514,
        "fills": 8,
        "cash": -58.31,
        "fees": 0.53,
        "ending_yes": 77.0,
        "ending_no": 0.0,
        "self_contained": true,
        "result": "yes",
        "payout": 77.0,
        "pnl": 18.689999999999998
      },
      {
        "ticker": "KXBTC15M-26MAR021315-15",
        "first_ts": 1772474449,
        "day": 20514,
        "fills": 30,
        "cash": -313.92,
        "fees": 6.21,
        "ending_yes": -367.0,
        "ending_no": 367.0,
        "self_contained": false,
        "result": "no",
        "payout": 367.0,
        "pnl": 53.079999999999984
      },
      {
        "ticker": "KXBTC15M-26MAR021330-30",
        "first_ts": 1772475371,
        "day": 20514,
        "fills": 18,
        "cash": -25.959999999999994,
        "fees": 3.05,
        "ending_yes": 38.0,
        "ending_no": 10.0,
        "self_contained": false,
        "result": "yes",
        "payout": 38.0,
        "pnl": 12.040000000000006
      },
      {
        "ticker": "KXBTC15M-26MAR021345-45",
        "first_ts": 1772476299,
        "day": 20514,
        "fills": 22,
        "cash": -109.21999999999997,
        "fees": 5.379999999999999,
        "ending_yes": 118.0,
        "ending_no": -82.0,
        "self_contained": false,
        "result": "no",
        "payout": -82.0,
        "pnl": -191.21999999999997
      },
      {
        "ticker": "KXBTC15M-26MAR021400-00",
        "first_ts": 1772477132,
        "day": 20514,
        "fills": 3,
        "cash": -108.94999999999999,
        "fees": 0.97,
        "ending_yes": -71.0,
        "ending_no": 109.0,
        "self_contained": false,
        "result": "no",
        "payout": 109.0,
        "pnl": 0.05000000000001137
      },
      {
        "ticker": "KXBTC15M-26MAR021430-30",
        "first_ts": 1772479037,
        "day": 20514,
        "fills": 9,
        "cash": -87.20999999999998,
        "fees": 0.28,
        "ending_yes": 126.0,
        "ending_no": -126.0,
        "self_contained": false,
        "result": "yes",
        "payout": 126.0,
        "pnl": 38.79000000000002
      },
      {
        "ticker": "KXBTC15M-26MAR021445-45",
        "first_ts": 1772480020,
        "day": 20514,
        "fills": 2,
        "cash": -9.9,
        "fees": 0.0,
        "ending_yes": 18.0,
        "ending_no": 0.0,
        "self_contained": true,
        "result": "no",
        "payout": 0.0,
        "pnl": -9.9
      },
      {
        "ticker": "KXBTC15M-26MAR021545-45",
        "first_ts": 1772484117,
        "day": 20514,
        "fills": 2,
        "cash": -17.77,
        "fees": 0.17,
        "ending_yes": 20.0,
        "ending_no": -20.0,
        "self_contained": false,
        "result": "yes",
        "payout": 20.0,
        "pnl": 2.2300000000000004
      },
      {
        "ticker": "KXBTC15M-26MAR021715-15",
        "first_ts": 1772489334,
        "day": 20514,
        "fills": 1,
        "cash": -9.66,
        "fees": 0.0,
        "ending_yes": 14.0,
        "ending_no": 0.0,
        "self_contained": true,
        "result": "no",
        "payout": 0.0,
        "pnl": -9.66
      },
      {
        "ticker": "KXBTC15M-26MAR021730-30",
        "first_ts": 1772489779,
        "day": 20514,
        "fills": 44,
        "cash": -191.1,
        "fees": 13.100000000000003,
        "ending_yes": 204.0,
        "ending_no": -204.0,
        "self_contained": false,
        "result": "yes",
        "payout": 204.0,
        "pnl": 12.900000000000006
      },
      {
        "ticker": "KXBTC15M-26MAR021745-45",
        "first_ts": 1772490622,
        "day": 20514,
        "fills": 39,
        "cash": -88.64999999999998,
        "fees": 6.039999999999999,
        "ending_yes": -64.0,
        "ending_no": 64.0,
        "self_contained": false,
        "result": "no",
        "payout": 64.0,
        "pnl": -24.649999999999977
      },
      {
        "ticker": "KXBTC15M-26MAR021800-00",
        "first_ts": 1772491600,
        "day": 20514,
        "fills": 40,
        "cash": -141.24,
        "fees": 5.31,
        "ending_yes": -39.0,
        "ending_no": 78.0,
        "self_contained": false,
        "result": "no",
        "payout": 78.0,
        "pnl": -63.24000000000001
      },
      {
        "ticker": "KXBTC15M-26MAR021815-15",
        "first_ts": 1772492426,
        "day": 20514,
        "fills": 19,
        "cash": -155.16000000000003,
        "fees": 5.2700000000000005,
        "ending_yes": -136.0,
        "ending_no": 136.0,
        "self_contained": false,
        "result": "no",
        "payout": 136.0,
        "pnl": -19.160000000000025
      },
      {
        "ticker": "KXBTC15M-26MAR021830-30",
        "first_ts": 1772493385,
        "day": 20514,
        "fills": 6,
        "cash": -37.65,
        "fees": 0.8,
        "ending_yes": -62.0,
        "ending_no": 62.0,
        "self_contained": false,
        "result": "no",
        "payout": 62.0,
        "pnl": 24.35
      },
      {
        "ticker": "KXBTC15M-26MAR021845-45",
        "first_ts": 1772494604,
        "day": 20514,
        "fills": 10,
        "cash": -213.63999999999996,
        "fees": 1.6100000000000003,
        "ending_yes": -240.0,
        "ending_no": 240.0,
        "self_contained": false,
        "result": "no",
        "payout": 240.0,
        "pnl": 26.360000000000042
      },
      {
        "ticker": "KXBTC15M-26MAR021900-00",
        "first_ts": 1772495130,
        "day": 20514,
        "fills": 23,
        "cash": -19.57,
        "fees": 1.92,
        "ending_yes": -37.0,
        "ending_no": 86.0,
        "self_contained": false,
        "result": "no",
        "payout": 86.0,
        "pnl": 66.43
      },
      {
        "ticker": "KXBTC15M-26MAR021915-15",
        "first_ts": 1772496712,
        "day": 20515,
        "fills": 10,
        "cash": -231.88,
        "fees": 1.01,
        "ending_yes": 283.0,
        "ending_no": 0.0,
        "self_contained": true,
        "result": "no",
        "payout": 0.0,
        "pnl": -231.88
      },
      {
        "ticker": "KXBTC15M-26MAR021930-30",
        "first_ts": 1772497059,
        "day": 20515,
        "fills": 15,
        "cash": -8.180000000000001,
        "fees": 2.6100000000000003,
        "ending_yes": 96.0,
        "ending_no": -65.0,
        "self_contained": false,
        "result": "no",
        "payout": -65.0,
        "pnl": -73.18
      },
      {
        "ticker": "KXBTC15M-26MAR021945-45",
        "first_ts": 1772498050,
        "day": 20515,
        "fills": 4,
        "cash": -28.87,
        "fees": 0.31,
        "ending_yes": 34.0,
        "ending_no": -34.0,
        "self_contained": false,
        "result": "yes",
        "payout": 34.0,
        "pnl": 5.129999999999999
      },
      {
        "ticker": "KXBTC15M-26MAR022000-00",
        "first_ts": 1772498762,
        "day": 20515,
        "fills": 13,
        "cash": -24.24,
        "fees": 0.8400000000000001,
        "ending_yes": -19.0,
        "ending_no": 19.0,
        "self_contained": false,
        "result": "no",
        "payout": 19.0,
        "pnl": -5.239999999999998
      },
      {
        "ticker": "KXBTC15M-26MAR022045-45",
        "first_ts": 1772501502,
        "day": 20515,
        "fills": 17,
        "cash": -26.229999999999997,
        "fees": 1.7,
        "ending_yes": -23.0,
        "ending_no": 23.0,
        "self_contained": false,
        "result": "yes",
        "payout": -23.0,
        "pnl": -49.23
      },
      {
        "ticker": "KXBTC15M-26MAR022100-00",
        "first_ts": 1772502351,
        "day": 20515,
        "fills": 10,
        "cash": -28.3,
        "fees": 0.22999999999999998,
        "ending_yes": -39.0,
        "ending_no": 39.0,
        "self_contained": false,
        "result": "no",
        "payout": 39.0,
        "pnl": 10.7
      },
      {
        "ticker": "KXBTC15M-26MAR022115-15",
        "first_ts": 1772503253,
        "day": 20515,
        "fills": 16,
        "cash": -186.11999999999995,
        "fees": 2.5699999999999994,
        "ending_yes": -239.0,
        "ending_no": 239.0,
        "self_contained": false,
        "result": "no",
        "payout": 239.0,
        "pnl": 52.88000000000005
      },
      {
        "ticker": "KXBTC15M-26MAR022130-30",
        "first_ts": 1772504178,
        "day": 20515,
        "fills": 5,
        "cash": -95.86,
        "fees": 2.34,
        "ending_yes": -157.0,
        "ending_no": 157.0,
        "self_contained": false,
        "result": "no",
        "payout": 157.0,
        "pnl": 61.14
      },
      {
        "ticker": "KXBTC15M-26MAR022145-45",
        "first_ts": 1772505061,
        "day": 20515,
        "fills": 33,
        "cash": -121.43000000000004,
        "fees": 14.039999999999996,
        "ending_yes": 88.0,
        "ending_no": 36.0,
        "self_contained": false,
        "result": "yes",
        "payout": 88.0,
        "pnl": -33.430000000000035
      },
      {
        "ticker": "KXBTC15M-26MAR022200-00",
        "first_ts": 1772505927,
        "day": 20515,
        "fills": 16,
        "cash": -168.08000000000004,
        "fees": 2.26,
        "ending_yes": 221.0,
        "ending_no": -221.0,
        "self_contained": false,
        "result": "yes",
        "payout": 221.0,
        "pnl": 52.91999999999996
      },
      {
        "ticker": "KXBTC15M-26MAR022215-15",
        "first_ts": 1772506948,
        "day": 20515,
        "fills": 4,
        "cash": -98.56,
        "fees": 0.48000000000000004,
        "ending_yes": 0.0,
        "ending_no": 112.0,
        "self_contained": true,
        "result": "no",
        "payout": 112.0,
        "pnl": 13.439999999999998
      },
      {
        "ticker": "KXBTC15M-26MAR022245-45",
        "first_ts": 1772508629,
        "day": 20515,
        "fills": 26,
        "cash": -77.17,
        "fees": 7.41,
        "ending_yes": 56.0,
        "ending_no": 96.0,
        "self_contained": false,
        "result": "yes",
        "payout": 56.0,
        "pnl": -21.17
      },
      {
        "ticker": "KXBTC15M-26MAR030130-30",
        "first_ts": 1772518633,
        "day": 20515,
        "fills": 7,
        "cash": -48.120000000000005,
        "fees": 4.01,
        "ending_yes": -5.0,
        "ending_no": 5.0,
        "self_contained": false,
        "result": "yes",
        "payout": -5.0,
        "pnl": -53.120000000000005
      },
      {
        "ticker": "KXBTC15M-26MAR030145-45",
        "first_ts": 1772519648,
        "day": 20515,
        "fills": 16,
        "cash": -158.22999999999996,
        "fees": 1.1400000000000001,
        "ending_yes": 0.0,
        "ending_no": 237.0,
        "self_contained": true,
        "result": "yes",
        "payout": 0.0,
        "pnl": -158.22999999999996
      },
      {
        "ticker": "KXBTC15M-26MAR030200-00",
        "first_ts": 1772520673,
        "day": 20515,
        "fills": 6,
        "cash": -27.930000000000003,
        "fees": 0.34,
        "ending_yes": 56.0,
        "ending_no": -56.0,
        "self_contained": false,
        "result": "yes",
        "payout": 56.0,
        "pnl": 28.069999999999997
      },
      {
        "ticker": "KXBTC15M-26MAR030215-15",
        "first_ts": 1772521244,
        "day": 20515,
        "fills": 3,
        "cash": -38.28,
        "fees": 0.0,
        "ending_yes": -58.0,
        "ending_no": 58.0,
        "self_contained": false,
        "result": "no",
        "payout": 58.0,
        "pnl": 19.72
      },
      {
        "ticker": "KXBTC15M-26MAR030230-30",
        "first_ts": 1772522623,
        "day": 20515,
        "fills": 6,
        "cash": -48.37,
        "fees": 0.9400000000000001,
        "ending_yes": 65.0,
        "ending_no": -65.0,
        "self_contained": false,
        "result": "yes",
        "payout": 65.0,
        "pnl": 16.630000000000003
      },
      {
        "ticker": "KXBTC15M-26MAR031245-45",
        "first_ts": 1772559156,
        "day": 20515,
        "fills": 4,
        "cash": -18.310000000000002,
        "fees": 0.05,
        "ending_yes": -22.0,
        "ending_no": 22.0,
        "self_contained": false,
        "result": "no",
        "payout": 22.0,
        "pnl": 3.6899999999999977
      },
      {
        "ticker": "KXBTC15M-26MAR031300-00",
        "first_ts": 1772560211,
        "day": 20515,
        "fills": 5,
        "cash": -28.82,
        "fees": 0.33,
        "ending_yes": 36.0,
        "ending_no": -36.0,
        "self_contained": false,
        "result": "yes",
        "payout": 36.0,
        "pnl": 7.18
      },
      {
        "ticker": "KXBTC15M-26MAR031315-15",
        "first_ts": 1772561039,
        "day": 20515,
        "fills": 10,
        "cash": -128.36,
        "fees": 2.6,
        "ending_yes": -224.0,
        "ending_no": 224.0,
        "self_contained": false,
        "result": "no",
        "payout": 224.0,
        "pnl": 95.63999999999999
      },
      {
        "ticker": "KXBTC15M-26MAR031330-30",
        "first_ts": 1772561856,
        "day": 20515,
        "fills": 27,
        "cash": -356.54,
        "fees": 4.71,
        "ending_yes": 396.0,
        "ending_no": 142.0,
        "self_contained": false,
        "result": "yes",
        "payout": 396.0,
        "pnl": 39.45999999999998
      },
      {
        "ticker": "KXBTC15M-26MAR031430-30",
        "first_ts": 1772565834,
        "day": 20515,
        "fills": 4,
        "cash": -147.35000000000002,
        "fees": 1.0099999999999998,
        "ending_yes": 162.0,
        "ending_no": 0.0,
        "self_contained": true,
        "result": "yes",
        "payout": 162.0,
        "pnl": 14.649999999999977
      },
      {
        "ticker": "KXBTC15M-26MAR031445-45",
        "first_ts": 1772566515,
        "day": 20515,
        "fills": 3,
        "cash": -97.67999999999999,
        "fees": 0.56,
        "ending_yes": 0.0,
        "ending_no": 117.0,
        "self_contained": true,
        "result": "no",
        "payout": 117.0,
        "pnl": 19.320000000000007
      },
      {
        "ticker": "KXBTC15M-26MAR031500-00",
        "first_ts": 1772567303,
        "day": 20515,
        "fills": 12,
        "cash": -214.67000000000002,
        "fees": 7.02,
        "ending_yes": -12.0,
        "ending_no": 274.0,
        "self_contained": false,
        "result": "no",
        "payout": 274.0,
        "pnl": 59.329999999999984
      },
      {
        "ticker": "KXBTC15M-26MAR031515-15",
        "first_ts": 1772568385,
        "day": 20515,
        "fills": 14,
        "cash": -351.27000000000004,
        "fees": 0.39,
        "ending_yes": -510.0,
        "ending_no": 510.0,
        "self_contained": false,
        "result": "no",
        "payout": 510.0,
        "pnl": 158.72999999999996
      },
      {
        "ticker": "KXBTC15M-26MAR031545-45",
        "first_ts": 1772569998,
        "day": 20515,
        "fills": 1,
        "cash": -10.239999999999998,
        "fees": 0.37,
        "ending_yes": 21.0,
        "ending_no": 0.0,
        "self_contained": true,
        "result": "yes",
        "payout": 21.0,
        "pnl": 10.760000000000002
      },
      {
        "ticker": "KXBTC15M-26MAR031615-15",
        "first_ts": 1772571860,
        "day": 20515,
        "fills": 5,
        "cash": -56.839999999999996,
        "fees": 0.66,
        "ending_yes": -70.0,
        "ending_no": 70.0,
        "self_contained": false,
        "result": "no",
        "payout": 70.0,
        "pnl": 13.160000000000004
      },
      {
        "ticker": "KXBTC15M-26MAR031630-30",
        "first_ts": 1772572773,
        "day": 20515,
        "fills": 30,
        "cash": -370.38000000000005,
        "fees": 13.249999999999998,
        "ending_yes": -406.0,
        "ending_no": 406.0,
        "self_contained": false,
        "result": "no",
        "payout": 406.0,
        "pnl": 35.61999999999995
      },
      {
        "ticker": "KXBTC15M-26MAR032130-30",
        "first_ts": 1772590709,
        "day": 20516,
        "fills": 6,
        "cash": -47.7,
        "fees": 1.3900000000000001,
        "ending_yes": -82.0,
        "ending_no": 82.0,
        "self_contained": false,
        "result": "no",
        "payout": 82.0,
        "pnl": 34.3
      },
      {
        "ticker": "KXBTC15M-26MAR032145-45",
        "first_ts": 1772591431,
        "day": 20516,
        "fills": 40,
        "cash": -488.68999999999994,
        "fees": 22.55,
        "ending_yes": 898.0,
        "ending_no": -898.0,
        "self_contained": false,
        "result": "yes",
        "payout": 898.0,
        "pnl": 409.31000000000006
      },
      {
        "ticker": "KXBTC15M-26MAR032200-00",
        "first_ts": 1772592349,
        "day": 20516,
        "fills": 12,
        "cash": -249.70999999999998,
        "fees": 2.2600000000000002,
        "ending_yes": 320.0,
        "ending_no": -284.0,
        "self_contained": false,
        "result": "yes",
        "payout": 320.0,
        "pnl": 70.29000000000002
      },
      {
        "ticker": "KXBTC15M-26MAR041130-30",
        "first_ts": 1772641225,
        "day": 20516,
        "fills": 13,
        "cash": -14.810000000000002,
        "fees": 1.4300000000000002,
        "ending_yes": 52.0,
        "ending_no": -18.0,
        "self_contained": false,
        "result": "yes",
        "payout": 52.0,
        "pnl": 37.19
      },
      {
        "ticker": "KXBTC15M-26MAR051500-00",
        "first_ts": 1772740509,
        "day": 20517,
        "fills": 1,
        "cash": -98.79,
        "fees": 0.69,
        "ending_yes": 0.0,
        "ending_no": 109.0,
        "self_contained": true,
        "result": "no",
        "payout": 109.0,
        "pnl": 10.209999999999994
      },
      {
        "ticker": "KXBTC15M-26MAR051515-15",
        "first_ts": 1772741407,
        "day": 20517,
        "fills": 7,
        "cash": -115.99000000000001,
        "fees": 0.6499999999999999,
        "ending_yes": 134.0,
        "ending_no": -134.0,
        "self_contained": false,
        "result": "yes",
        "payout": 134.0,
        "pnl": 18.00999999999999
      },
      {
        "ticker": "KXBTC15M-26MAR051530-30",
        "first_ts": 1772741806,
        "day": 20517,
        "fills": 10,
        "cash": -143.82000000000005,
        "fees": 4.11,
        "ending_yes": 242.0,
        "ending_no": -242.0,
        "self_contained": false,
        "result": "yes",
        "payout": 242.0,
        "pnl": 98.17999999999995
      },
      {
        "ticker": "KXBTC15M-26MAR051545-45",
        "first_ts": 1772742700,
        "day": 20517,
        "fills": 13,
        "cash": -11.960000000000008,
        "fees": 2.01,
        "ending_yes": 67.0,
        "ending_no": -67.0,
        "self_contained": false,
        "result": "no",
        "payout": -67.0,
        "pnl": -78.96000000000001
      },
      {
        "ticker": "KXBTC15M-26MAR051600-00",
        "first_ts": 1772743539,
        "day": 20517,
        "fills": 60,
        "cash": -777.9199999999998,
        "fees": 40.10999999999999,
        "ending_yes": 874.0,
        "ending_no": -836.0,
        "self_contained": false,
        "result": "yes",
        "payout": 874.0,
        "pnl": 96.08000000000015
      },
      {
        "ticker": "KXBTC15M-26MAR051615-15",
        "first_ts": 1772744542,
        "day": 20517,
        "fills": 9,
        "cash": -144.62000000000003,
        "fees": 0.37,
        "ending_yes": 232.0,
        "ending_no": -232.0,
        "self_contained": false,
        "result": "yes",
        "payout": 232.0,
        "pnl": 87.37999999999997
      },
      {
        "ticker": "KXBTC15M-26MAR051645-45",
        "first_ts": 1772746326,
        "day": 20517,
        "fills": 14,
        "cash": 100.38000000000002,
        "fees": 4.99,
        "ending_yes": 226.0,
        "ending_no": -226.0,
        "self_contained": false,
        "result": "no",
        "payout": -226.0,
        "pnl": -125.61999999999998
      },
      {
        "ticker": "KXBTC15M-26MAR051700-00",
        "first_ts": 1772747842,
        "day": 20517,
        "fills": 3,
        "cash": -200.76,
        "fees": 1.12,
        "ending_yes": 0.0,
        "ending_no": 217.0,
        "self_contained": true,
        "result": "no",
        "payout": 217.0,
        "pnl": 16.24000000000001
      },
      {
        "ticker": "KXBTC15M-26MAR051715-15",
        "first_ts": 1772748149,
        "day": 20517,
        "fills": 30,
        "cash": -426.8499999999999,
        "fees": 14.809999999999999,
        "ending_yes": 442.0,
        "ending_no": 74.0,
        "self_contained": false,
        "result": "no",
        "payout": 74.0,
        "pnl": -352.8499999999999
      },
      {
        "ticker": "KXBTC15M-26MAR051730-30",
        "first_ts": 1772748933,
        "day": 20517,
        "fills": 21,
        "cash": -103.33000000000004,
        "fees": 10.99,
        "ending_yes": 716.0,
        "ending_no": -494.0,
        "self_contained": false,
        "result": "yes",
        "payout": 716.0,
        "pnl": 612.67
      },
      {
        "ticker": "KXBTC15M-26MAR051745-45",
        "first_ts": 1772749871,
        "day": 20517,
        "fills": 5,
        "cash": -230.45,
        "fees": 7.2700000000000005,
        "ending_yes": 420.0,
        "ending_no": -420.0,
        "self_contained": false,
        "result": "yes",
        "payout": 420.0,
        "pnl": 189.55
      },
      {
        "ticker": "KXBTC15M-26MAR051800-00",
        "first_ts": 1772750760,
        "day": 20517,
        "fills": 102,
        "cash": -78.92000000000016,
        "fees": 43.91000000000004,
        "ending_yes": 728.0,
        "ending_no": -626.0,
        "self_contained": false,
        "result": "no",
        "payout": -626.0,
        "pnl": -704.9200000000002
      },
      {
        "ticker": "KXBTC15M-26MAR051830-30",
        "first_ts": 1772752878,
        "day": 20517,
        "fills": 1,
        "cash": -50.68,
        "fees": 1.18,
        "ending_yes": 0.0,
        "ending_no": 75.0,
        "self_contained": true,
        "result": "yes",
        "payout": 0.0,
        "pnl": -50.68
      },
      {
        "ticker": "KXBTC15M-26MAR052330-30",
        "first_ts": 1772771097,
        "day": 20518,
        "fills": 1,
        "cash": -49.199999999999996,
        "fees": 0.0,
        "ending_yes": 60.0,
        "ending_no": 0.0,
        "self_contained": true,
        "result": "no",
        "payout": 0.0,
        "pnl": -49.199999999999996
      },
      {
        "ticker": "KXBTC15M-26MAR052345-45",
        "first_ts": 1772771483,
        "day": 20518,
        "fills": 6,
        "cash": -39.55,
        "fees": 0.7,
        "ending_yes": -56.0,
        "ending_no": 56.0,
        "self_contained": false,
        "result": "no",
        "payout": 56.0,
        "pnl": 16.450000000000003
      },
      {
        "ticker": "KXBTC15M-26MAR060000-00",
        "first_ts": 1772772483,
        "day": 20518,
        "fills": 8,
        "cash": -18.79,
        "fees": 1.25,
        "ending_yes": 31.0,
        "ending_no": 1.0,
        "self_contained": false,
        "result": "yes",
        "payout": 31.0,
        "pnl": 12.21
      },
      {
        "ticker": "KXBTC15M-26MAR060015-15",
        "first_ts": 1772773482,
        "day": 20518,
        "fills": 9,
        "cash": -67.41,
        "fees": 1.03,
        "ending_yes": -45.0,
        "ending_no": 45.0,
        "self_contained": false,
        "result": "no",
        "payout": 45.0,
        "pnl": -22.409999999999997
      },
      {
        "ticker": "KXBTC15M-26MAR060030-30",
        "first_ts": 1772774125,
        "day": 20518,
        "fills": 2,
        "cash": -22.990000000000002,
        "fees": 0.5,
        "ending_yes": 33.0,
        "ending_no": 0.0,
        "self_contained": true,
        "result": "no",
        "payout": 0.0,
        "pnl": -22.990000000000002
      },
      {
        "ticker": "KXBTC15M-26MAR060100-00",
        "first_ts": 1772776510,
        "day": 20518,
        "fills": 2,
        "cash": -48.45,
        "fees": 0.38999999999999996,
        "ending_yes": 54.0,
        "ending_no": -54.0,
        "self_contained": false,
        "result": "yes",
        "payout": 54.0,
        "pnl": 5.549999999999997
      },
      {
        "ticker": "KXBTC15M-26MAR060115-15",
        "first_ts": 1772776829,
        "day": 20518,
        "fills": 3,
        "cash": -55.28,
        "fees": 1.21,
        "ending_yes": -91.0,
        "ending_no": 91.0,
        "self_contained": false,
        "result": "no",
        "payout": 91.0,
        "pnl": 35.72
      },
      {
        "ticker": "KXBTC15M-26MAR060130-30",
        "first_ts": 1772778024,
        "day": 20518,
        "fills": 4,
        "cash": -77.51,
        "fees": 0.46,
        "ending_yes": 89.0,
        "ending_no": -89.0,
        "self_contained": false,
        "result": "yes",
        "payout": 89.0,
        "pnl": 11.489999999999995
      },
      {
        "ticker": "KXBTC15M-26MAR060145-45",
        "first_ts": 1772778749,
        "day": 20518,
        "fills": 7,
        "cash": -74.69999999999999,
        "fees": 3.8400000000000003,
        "ending_yes": -10.0,
        "ending_no": 10.0,
        "self_contained": false,
        "result": "yes",
        "payout": -10.0,
        "pnl": -84.69999999999999
      },
      {
        "ticker": "KXBTC15M-26MAR060200-00",
        "first_ts": 1772779703,
        "day": 20518,
        "fills": 10,
        "cash": -73.14999999999999,
        "fees": 3.85,
        "ending_yes": 34.0,
        "ending_no": 20.0,
        "self_contained": false,
        "result": "no",
        "payout": 20.0,
        "pnl": -53.14999999999999
      },
      {
        "ticker": "KXBTC15M-26MAR060215-15",
        "first_ts": 1772780573,
        "day": 20518,
        "fills": 7,
        "cash": -9.630000000000013,
        "fees": 0.9,
        "ending_yes": 41.0,
        "ending_no": -41.0,
        "self_contained": false,
        "result": "no",
        "payout": -41.0,
        "pnl": -50.63000000000001
      },
      {
        "ticker": "KXBTC15M-26MAR060230-30",
        "first_ts": 1772781527,
        "day": 20518,
        "fills": 6,
        "cash": -18.080000000000002,
        "fees": 0.06,
        "ending_yes": 26.0,
        "ending_no": -26.0,
        "self_contained": false,
        "result": "yes",
        "payout": 26.0,
        "pnl": 7.919999999999998
      },
      {
        "ticker": "KXBTC15M-26MAR060245-45",
        "first_ts": 1772782443,
        "day": 20518,
        "fills": 9,
        "cash": -32.769999999999996,
        "fees": 1.2,
        "ending_yes": 61.0,
        "ending_no": -61.0,
        "self_contained": false,
        "result": "yes",
        "payout": 61.0,
        "pnl": 28.230000000000004
      },
      {
        "ticker": "KXBTC15M-26MAR060300-00",
        "first_ts": 1772783291,
        "day": 20518,
        "fills": 4,
        "cash": -18.200000000000003,
        "fees": 0.11,
        "ending_yes": 27.0,
        "ending_no": -27.0,
        "self_contained": false,
        "result": "yes",
        "payout": 27.0,
        "pnl": 8.799999999999997
      },
      {
        "ticker": "KXBTC15M-26MAR060315-15",
        "first_ts": 1772784132,
        "day": 20518,
        "fills": 3,
        "cash": -23.44,
        "fees": 0.0,
        "ending_yes": -31.0,
        "ending_no": 31.0,
        "self_contained": false,
        "result": "no",
        "payout": 31.0,
        "pnl": 7.559999999999999
      },
      {
        "ticker": "KXBTC15M-26MAR060330-30",
        "first_ts": 1772785160,
        "day": 20518,
        "fills": 6,
        "cash": -13.74,
        "fees": 0.11,
        "ending_yes": -44.0,
        "ending_no": 22.0,
        "self_contained": false,
        "result": "no",
        "payout": 22.0,
        "pnl": 8.26
      },
      {
        "ticker": "KXBTC15M-26MAR060345-45",
        "first_ts": 1772786008,
        "day": 20518,
        "fills": 5,
        "cash": -16.19,
        "fees": 0.62,
        "ending_yes": 27.0,
        "ending_no": -27.0,
        "self_contained": false,
        "result": "yes",
        "payout": 27.0,
        "pnl": 10.809999999999999
      },
      {
        "ticker": "KXBTC15M-26MAR060400-00",
        "first_ts": 1772787053,
        "day": 20518,
        "fills": 6,
        "cash": -32.49,
        "fees": 0.0,
        "ending_yes": -25.0,
        "ending_no": 41.0,
        "self_contained": false,
        "result": "no",
        "payout": 41.0,
        "pnl": 8.509999999999998
      },
      {
        "ticker": "KXBTC15M-26MAR060445-45",
        "first_ts": 1772789531,
        "day": 20518,
        "fills": 3,
        "cash": -39.2,
        "fees": 0.64,
        "ending_yes": 8.0,
        "ending_no": 51.0,
        "self_contained": true,
        "result": "yes",
        "payout": 8.0,
        "pnl": -31.200000000000003
      },
      {
        "ticker": "KXBTC15M-26MAR060500-00",
        "first_ts": 1772790356,
        "day": 20518,
        "fills": 1,
        "cash": -9.85,
        "fees": 0.25,
        "ending_yes": 15.0,
        "ending_no": 0.0,
        "self_contained": true,
        "result": "yes",
        "payout": 15.0,
        "pnl": 5.15
      },
      {
        "ticker": "KXBTC15M-26MAR060515-15",
        "first_ts": 1772791501,
        "day": 20518,
        "fills": 2,
        "cash": -12.219999999999999,
        "fees": 0.22,
        "ending_yes": 16.0,
        "ending_no": 0.0,
        "self_contained": true,
        "result": "yes",
        "payout": 16.0,
        "pnl": 3.780000000000001
      },
      {
        "ticker": "KXBTC15M-26MAR060530-30",
        "first_ts": 1772792458,
        "day": 20518,
        "fills": 4,
        "cash": -23.719999999999995,
        "fees": 0.41000000000000003,
        "ending_yes": 33.0,
        "ending_no": -33.0,
        "self_contained": false,
        "result": "yes",
        "payout": 33.0,
        "pnl": 9.280000000000005
      },
      {
        "ticker": "KXBTC15M-26MAR060545-45",
        "first_ts": 1772793344,
        "day": 20518,
        "fills": 2,
        "cash": -11.040000000000001,
        "fees": 0.0,
        "ending_yes": -12.0,
        "ending_no": 12.0,
        "self_contained": false,
        "result": "no",
        "payout": 12.0,
        "pnl": 0.9599999999999991
      },
      {
        "ticker": "KXBTC15M-26MAR060600-00",
        "first_ts": 1772794316,
        "day": 20518,
        "fills": 1,
        "cash": -11.39,
        "fees": 0.0,
        "ending_yes": 0.0,
        "ending_no": 17.0,
        "self_contained": true,
        "result": "yes",
        "payout": 0.0,
        "pnl": -11.39
      },
      {
        "ticker": "KXBTC15M-26MAR060615-15",
        "first_ts": 1772795175,
        "day": 20518,
        "fills": 1,
        "cash": -11.18,
        "fees": 0.0,
        "ending_yes": 0.0,
        "ending_no": 13.0,
        "self_contained": true,
        "result": "yes",
        "payout": 0.0,
        "pnl": -11.18
      },
      {
        "ticker": "KXBTC15M-26MAR062315-15",
        "first_ts": 1772856302,
        "day": 20519,
        "fills": 2,
        "cash": -11.4,
        "fees": 0.0,
        "ending_yes": -12.0,
        "ending_no": 12.0,
        "self_contained": false,
        "result": "no",
        "payout": 12.0,
        "pnl": 0.5999999999999996
      },
      {
        "ticker": "KXBTC15M-26MAR071845-45",
        "first_ts": 1772926763,
        "day": 20519,
        "fills": 3,
        "cash": -11.360000000000001,
        "fees": 0.16,
        "ending_yes": -14.0,
        "ending_no": 14.0,
        "self_contained": false,
        "result": "no",
        "payout": 14.0,
        "pnl": 2.639999999999999
      },
      {
        "ticker": "KXBTC15M-26MAR071915-15",
        "first_ts": 1772928550,
        "day": 20520,
        "fills": 2,
        "cash": -11.77,
        "fees": 0.01,
        "ending_yes": 12.0,
        "ending_no": -12.0,
        "self_contained": false,
        "result": "yes",
        "payout": 12.0,
        "pnl": 0.23000000000000043
      },
      {
        "ticker": "KXBTC15M-26MAR071930-30",
        "first_ts": 1772929202,
        "day": 20520,
        "fills": 2,
        "cash": -11.01,
        "fees": 0.21,
        "ending_yes": -15.0,
        "ending_no": 15.0,
        "self_contained": false,
        "result": "no",
        "payout": 15.0,
        "pnl": 3.99
      },
      {
        "ticker": "KXBTC15M-26MAR071945-45",
        "first_ts": 1772930107,
        "day": 20520,
        "fills": 2,
        "cash": -5.709999999999999,
        "fees": 0.0,
        "ending_yes": -19.0,
        "ending_no": 10.0,
        "self_contained": false,
        "result": "no",
        "payout": 10.0,
        "pnl": 4.290000000000001
      },
      {
        "ticker": "KXBTC15M-26MAR072000-00",
        "first_ts": 1772931003,
        "day": 20520,
        "fills": 3,
        "cash": -11.549999999999999,
        "fees": 0.0,
        "ending_yes": -15.0,
        "ending_no": 15.0,
        "self_contained": false,
        "result": "no",
        "payout": 15.0,
        "pnl": 3.450000000000001
      },
      {
        "ticker": "KXBTC15M-26MAR072015-15",
        "first_ts": 1772931974,
        "day": 20520,
        "fills": 1,
        "cash": -11.34,
        "fees": 0.0,
        "ending_yes": 0.0,
        "ending_no": 18.0,
        "self_contained": true,
        "result": "yes",
        "payout": 0.0,
        "pnl": -11.34
      },
      {
        "ticker": "KXBTC15M-26MAR080030-30",
        "first_ts": 1772947322,
        "day": 20520,
        "fills": 2,
        "cash": -11.309999999999999,
        "fees": 0.0,
        "ending_yes": 13.0,
        "ending_no": -13.0,
        "self_contained": false,
        "result": "yes",
        "payout": 13.0,
        "pnl": 1.6900000000000013
      },
      {
        "ticker": "KXBTC15M-26MAR080115-15",
        "first_ts": 1772949902,
        "day": 20520,
        "fills": 1,
        "cash": -9.850000000000001,
        "fees": 0.13,
        "ending_yes": 12.0,
        "ending_no": 0.0,
        "self_contained": true,
        "result": "no",
        "payout": 0.0,
        "pnl": -9.850000000000001
      },
      {
        "ticker": "KXBTC15M-26MAR080900-00",
        "first_ts": 1772974298,
        "day": 20520,
        "fills": 4,
        "cash": -9.03,
        "fees": 0.16,
        "ending_yes": -25.0,
        "ending_no": 12.0,
        "self_contained": false,
        "result": "no",
        "payout": 12.0,
        "pnl": 2.9700000000000006
      },
      {
        "ticker": "KXBTC15M-26MAR080915-15",
        "first_ts": 1772975103,
        "day": 20520,
        "fills": 3,
        "cash": -10.65,
        "fees": 0.29000000000000004,
        "ending_yes": -17.0,
        "ending_no": 17.0,
        "self_contained": false,
        "result": "no",
        "payout": 17.0,
        "pnl": 6.35
      },
      {
        "ticker": "KXBTC15M-26MAR080930-30",
        "first_ts": 1772976222,
        "day": 20520,
        "fills": 2,
        "cash": -11.72,
        "fees": 0.32,
        "ending_yes": 19.0,
        "ending_no": -19.0,
        "self_contained": false,
        "result": "yes",
        "payout": 19.0,
        "pnl": 7.279999999999999
      },
      {
        "ticker": "KXBTC15M-26MAR081745-45",
        "first_ts": 1773005701,
        "day": 20520,
        "fills": 3,
        "cash": -10.540000000000001,
        "fees": 0.35000000000000003,
        "ending_yes": 20.0,
        "ending_no": -20.0,
        "self_contained": false,
        "result": "yes",
        "payout": 20.0,
        "pnl": 9.459999999999999
      },
      {
        "ticker": "KXBTC15M-26MAR081800-00",
        "first_ts": 1773006601,
        "day": 20520,
        "fills": 2,
        "cash": -10.969999999999999,
        "fees": 0.33,
        "ending_yes": -19.0,
        "ending_no": 19.0,
        "self_contained": false,
        "result": "no",
        "payout": 19.0,
        "pnl": 8.030000000000001
      },
      {
        "ticker": "KXBTC15M-26MAR081815-15",
        "first_ts": 1773007514,
        "day": 20520,
        "fills": 4,
        "cash": -23.040000000000003,
        "fees": 0.0,
        "ending_yes": -24.0,
        "ending_no": 24.0,
        "self_contained": false,
        "result": "no",
        "payout": 24.0,
        "pnl": 0.9599999999999973
      },
      {
        "ticker": "KXBTC15M-26MAR081830-30",
        "first_ts": 1773008193,
        "day": 20520,
        "fills": 10,
        "cash": -12.03,
        "fees": 0.35,
        "ending_yes": -10.0,
        "ending_no": 10.0,
        "self_contained": false,
        "result": "no",
        "payout": 10.0,
        "pnl": -2.0299999999999994
      },
      {
        "ticker": "KXBTC15M-26MAR081845-45",
        "first_ts": 1773009181,
        "day": 20520,
        "fills": 5,
        "cash": -12.370000000000001,
        "fees": 0.06,
        "ending_yes": 15.0,
        "ending_no": -15.0,
        "self_contained": false,
        "result": "yes",
        "payout": 15.0,
        "pnl": 2.629999999999999
      },
      {
        "ticker": "KXBTC15M-26MAR081900-00",
        "first_ts": 1773010059,
        "day": 20520,
        "fills": 8,
        "cash": -87.92000000000002,
        "fees": 0.7,
        "ending_yes": 106.0,
        "ending_no": -106.0,
        "self_contained": false,
        "result": "yes",
        "payout": 106.0,
        "pnl": 18.079999999999984
      },
      {
        "ticker": "KXBTC15M-26MAR081915-15",
        "first_ts": 1773010902,
        "day": 20520,
        "fills": 7,
        "cash": -28.849999999999998,
        "fees": 0.51,
        "ending_yes": 25.0,
        "ending_no": -25.0,
        "self_contained": false,
        "result": "yes",
        "payout": 25.0,
        "pnl": -3.849999999999998
      },
      {
        "ticker": "KXBTC15M-26MAR081930-30",
        "first_ts": 1773012052,
        "day": 20520,
        "fills": 3,
        "cash": -21.45,
        "fees": 0.0,
        "ending_yes": 0.0,
        "ending_no": 39.0,
        "self_contained": true,
        "result": "yes",
        "payout": 0.0,
        "pnl": -21.45
      },
      {
        "ticker": "KXBTC15M-26MAR081945-45",
        "first_ts": 1773012943,
        "day": 20520,
        "fills": 5,
        "cash": -56.97,
        "fees": 0.7,
        "ending_yes": -74.0,
        "ending_no": 74.0,
        "self_contained": false,
        "result": "no",
        "payout": 74.0,
        "pnl": 17.03
      },
      {
        "ticker": "KXBTC15M-26MAR082000-00",
        "first_ts": 1773013802,
        "day": 20520,
        "fills": 3,
        "cash": -21.31,
        "fees": 0.37,
        "ending_yes": -37.0,
        "ending_no": 37.0,
        "self_contained": false,
        "result": "no",
        "payout": 37.0,
        "pnl": 15.690000000000001
      },
      {
        "ticker": "KXBTC15M-26MAR082015-15",
        "first_ts": 1773014702,
        "day": 20521,
        "fills": 2,
        "cash": -17.93,
        "fees": 0.13,
        "ending_yes": 20.0,
        "ending_no": -20.0,
        "self_contained": false,
        "result": "yes",
        "payout": 20.0,
        "pnl": 2.0700000000000003
      },
      {
        "ticker": "KXBTC15M-26MAR082045-45",
        "first_ts": 1773016502,
        "day": 20521,
        "fills": 2,
        "cash": -23.12,
        "fees": 0.12,
        "ending_yes": 25.0,
        "ending_no": -25.0,
        "self_contained": false,
        "result": "yes",
        "payout": 25.0,
        "pnl": 1.879999999999999
      },
      {
        "ticker": "KXBTC15M-26MAR082100-00",
        "first_ts": 1773017407,
        "day": 20521,
        "fills": 3,
        "cash": -16.8,
        "fees": 0.0,
        "ending_yes": -30.0,
        "ending_no": 30.0,
        "self_contained": false,
        "result": "no",
        "payout": 30.0,
        "pnl": 13.2
      },
      {
        "ticker": "KXBTC15M-26MAR082115-15",
        "first_ts": 1773018421,
        "day": 20521,
        "fills": 3,
        "cash": -29.23,
        "fees": 0.0,
        "ending_yes": -37.0,
        "ending_no": 37.0,
        "self_contained": false,
        "result": "no",
        "payout": 37.0,
        "pnl": 7.77
      },
      {
        "ticker": "KXBTC15M-26MAR082130-30",
        "first_ts": 1773019201,
        "day": 20521,
        "fills": 5,
        "cash": -20.9,
        "fees": 0.74,
        "ending_yes": 42.0,
        "ending_no": -42.0,
        "self_contained": false,
        "result": "yes",
        "payout": 42.0,
        "pnl": 21.1
      },
      {
        "ticker": "KXBTC15M-26MAR082145-45",
        "first_ts": 1773020102,
        "day": 20521,
        "fills": 2,
        "cash": -27.080000000000002,
        "fees": 0.35,
        "ending_yes": 33.0,
        "ending_no": -33.0,
        "self_contained": false,
        "result": "yes",
        "payout": 33.0,
        "pnl": 5.919999999999998
      },
      {
        "ticker": "KXBTC15M-26MAR082200-00",
        "first_ts": 1773021001,
        "day": 20521,
        "fills": 4,
        "cash": -23.240000000000002,
        "fees": 0.33,
        "ending_yes": -29.0,
        "ending_no": 29.0,
        "self_contained": false,
        "result": "no",
        "payout": 29.0,
        "pnl": 5.759999999999998
      },
      {
        "ticker": "KXBTC15M-26MAR090130-30",
        "first_ts": 1773033588,
        "day": 20521,
        "fills": 2,
        "cash": -34.63,
        "fees": 0.99,
        "ending_yes": 58.0,
        "ending_no": -58.0,
        "self_contained": false,
        "result": "yes",
        "payout": 58.0,
        "pnl": 23.369999999999997
      },
      {
        "ticker": "KXBTC15M-26MAR090145-45",
        "first_ts": 1773034507,
        "day": 20521,
        "fills": 3,
        "cash": -34.96,
        "fees": 0.25,
        "ending_yes": 39.0,
        "ending_no": -39.0,
        "self_contained": false,
        "result": "yes",
        "payout": 39.0,
        "pnl": 4.039999999999999
      },
      {
        "ticker": "KXBTC15M-26MAR090200-00",
        "first_ts": 1773035341,
        "day": 20521,
        "fills": 9,
        "cash": -41.44,
        "fees": 1.0299999999999998,
        "ending_yes": 45.0,
        "ending_no": 14.0,
        "self_contained": false,
        "result": "no",
        "payout": 14.0,
        "pnl": -27.439999999999998
      },
      {
        "ticker": "KXBTC15M-26MAR090215-15",
        "first_ts": 1773036251,
        "day": 20521,
        "fills": 2,
        "cash": -4.19,
        "fees": 0.0,
        "ending_yes": -43.0,
        "ending_no": 6.0,
        "self_contained": false,
        "result": "no",
        "payout": 6.0,
        "pnl": 1.8099999999999996
      },
      {
        "ticker": "KXBTC15M-26MAR090230-30",
        "first_ts": 1773037106,
        "day": 20521,
        "fills": 4,
        "cash": -30.920000000000005,
        "fees": 1.19,
        "ending_yes": -28.0,
        "ending_no": 28.0,
        "self_contained": false,
        "result": "no",
        "payout": 28.0,
        "pnl": -2.9200000000000053
      },
      {
        "ticker": "KXBTC15M-26MAR090245-45",
        "first_ts": 1773038075,
        "day": 20521,
        "fills": 4,
        "cash": -54.53,
        "fees": 0.77,
        "ending_yes": -71.0,
        "ending_no": 71.0,
        "self_contained": false,
        "result": "no",
        "payout": 71.0,
        "pnl": 16.47
      },
      {
        "ticker": "KXBTC15M-26MAR090300-00",
        "first_ts": 1773038894,
        "day": 20521,
        "fills": 7,
        "cash": -40.160000000000004,
        "fees": 1.7899999999999998,
        "ending_yes": -49.0,
        "ending_no": 84.0,
        "self_contained": false,
        "result": "no",
        "payout": 84.0,
        "pnl": 43.839999999999996
      },
      {
        "ticker": "KXBTC15M-26MAR091700-00",
        "first_ts": 1773089327,
        "day": 20521,
        "fills": 3,
        "cash": -36.0,
        "fees": 0.0,
        "ending_yes": 0.0,
        "ending_no": 48.0,
        "self_contained": true,
        "result": "yes",
        "payout": 0.0,
        "pnl": -36.0
      },
      {
        "ticker": "KXBTC15M-26MAR091715-15",
        "first_ts": 1773090302,
        "day": 20521,
        "fills": 4,
        "cash": -37.08,
        "fees": 0.6000000000000001,
        "ending_yes": 48.0,
        "ending_no": -48.0,
        "self_contained": false,
        "result": "yes",
        "payout": 48.0,
        "pnl": 10.920000000000002
      },
      {
        "ticker": "KXBTC15M-26MAR091730-30",
        "first_ts": 1773091210,
        "day": 20521,
        "fills": 3,
        "cash": -18.0,
        "fees": 0.0,
        "ending_yes": -25.0,
        "ending_no": 25.0,
        "self_contained": false,
        "result": "no",
        "payout": 25.0,
        "pnl": 7.0
      },
      {
        "ticker": "KXBTC15M-26MAR091745-45",
        "first_ts": 1773092402,
        "day": 20521,
        "fills": 3,
        "cash": -23.22,
        "fees": 0.12000000000000001,
        "ending_yes": 15.0,
        "ending_no": 15.0,
        "self_contained": false,
        "result": "yes",
        "payout": 15.0,
        "pnl": -8.219999999999999
      },
      {
        "ticker": "KXBTC15M-26MAR091800-00",
        "first_ts": 1773093002,
        "day": 20521,
        "fills": 1,
        "cash": -26.560000000000002,
        "fees": 0.8,
        "ending_yes": 0.0,
        "ending_no": 46.0,
        "self_contained": true,
        "result": "yes",
        "payout": 0.0,
        "pnl": -26.560000000000002
      },
      {
        "ticker": "KXBTC15M-26MAR091815-15",
        "first_ts": 1773094113,
        "day": 20521,
        "fills": 4,
        "cash": -14.399999999999999,
        "fees": 0.0,
        "ending_yes": -16.0,
        "ending_no": 16.0,
        "self_contained": false,
        "result": "no",
        "payout": 16.0,
        "pnl": 1.6000000000000014
      },
      {
        "ticker": "KXBTC15M-26MAR100045-45",
        "first_ts": 1773117308,
        "day": 20522,
        "fills": 8,
        "cash": -16.599999999999998,
        "fees": 0.37,
        "ending_yes": 24.0,
        "ending_no": -24.0,
        "self_contained": false,
        "result": "yes",
        "payout": 24.0,
        "pnl": 7.400000000000002
      },
      {
        "ticker": "KXBTC15M-26MAR100100-00",
        "first_ts": 1773118561,
        "day": 20522,
        "fills": 1,
        "cash": -15.389999999999999,
        "fees": 0.0,
        "ending_yes": 0.0,
        "ending_no": 27.0,
        "self_contained": true,
        "result": "yes",
        "payout": 0.0,
        "pnl": -15.389999999999999
      },
      {
        "ticker": "KXBTC15M-26MAR100115-15",
        "first_ts": 1773119112,
        "day": 20522,
        "fills": 3,
        "cash": -13.76,
        "fees": 0.0,
        "ending_yes": 16.0,
        "ending_no": -16.0,
        "self_contained": false,
        "result": "yes",
        "payout": 16.0,
        "pnl": 2.24
      },
      {
        "ticker": "KXBTC15M-26MAR100130-30",
        "first_ts": 1773120004,
        "day": 20522,
        "fills": 3,
        "cash": -10.44,
        "fees": 0.29000000000000004,
        "ending_yes": 17.0,
        "ending_no": 0.0,
        "self_contained": true,
        "result": "no",
        "payout": 0.0,
        "pnl": -10.44
      },
      {
        "ticker": "KXBTC15M-26MAR100145-45",
        "first_ts": 1773120903,
        "day": 20522,
        "fills": 2,
        "cash": -11.59,
        "fees": 0.19999999999999998,
        "ending_yes": 15.0,
        "ending_no": 0.0,
        "self_contained": true,
        "result": "no",
        "payout": 0.0,
        "pnl": -11.59
      },
      {
        "ticker": "KXBTC15M-26MAR160215-15",
        "first_ts": 1773641605,
        "day": 20528,
        "fills": 1,
        "cash": -1.0,
        "fees": 0.07,
        "ending_yes": 93.0,
        "ending_no": 0.0,
        "self_contained": true,
        "result": "no",
        "payout": 0.0,
        "pnl": -1.0
      },
      {
        "ticker": "KXBTC15M-26MAR160230-30",
        "first_ts": 1773642105,
        "day": 20528,
        "fills": 6,
        "cash": -104.0,
        "fees": 1.0799999999999998,
        "ending_yes": 122.0,
        "ending_no": -122.0,
        "self_contained": false,
        "result": "yes",
        "payout": 122.0,
        "pnl": 18.0
      },
      {
        "ticker": "KXBTC15M-26MAR160245-45",
        "first_ts": 1773643051,
        "day": 20528,
        "fills": 10,
        "cash": -66.59000000000002,
        "fees": 1.07,
        "ending_yes": 86.0,
        "ending_no": -86.0,
        "self_contained": false,
        "result": "yes",
        "payout": 86.0,
        "pnl": 19.409999999999982
      },
      {
        "ticker": "KXBTC15M-26MAR160300-00",
        "first_ts": 1773643748,
        "day": 20528,
        "fills": 5,
        "cash": -65.89999999999999,
        "fees": 0.63,
        "ending_yes": -98.0,
        "ending_no": 98.0,
        "self_contained": false,
        "result": "no",
        "payout": 98.0,
        "pnl": 32.10000000000001
      },
      {
        "ticker": "KXBTC15M-26MAR160315-15",
        "first_ts": 1773644756,
        "day": 20528,
        "fills": 2,
        "cash": -51.33,
        "fees": 0.0,
        "ending_yes": 59.0,
        "ending_no": -59.0,
        "self_contained": false,
        "result": "yes",
        "payout": 59.0,
        "pnl": 7.670000000000002
      },
      {
        "ticker": "KXBTC15M-26MAR160330-30",
        "first_ts": 1773645603,
        "day": 20528,
        "fills": 2,
        "cash": -47.84,
        "fees": 0.64,
        "ending_yes": -59.0,
        "ending_no": 59.0,
        "self_contained": false,
        "result": "no",
        "payout": 59.0,
        "pnl": 11.159999999999997
      },
      {
        "ticker": "KXBTC15M-26MAR160345-45",
        "first_ts": 1773646529,
        "day": 20528,
        "fills": 2,
        "cash": -52.46,
        "fees": 0.0,
        "ending_yes": -61.0,
        "ending_no": 61.0,
        "self_contained": false,
        "result": "no",
        "payout": 61.0,
        "pnl": 8.54
      },
      {
        "ticker": "KXBTC15M-26MAR160400-00",
        "first_ts": 1773647380,
        "day": 20528,
        "fills": 10,
        "cash": -82.39999999999999,
        "fees": 0.0,
        "ending_yes": -116.0,
        "ending_no": 116.0,
        "self_contained": false,
        "result": "no",
        "payout": 116.0,
        "pnl": 33.60000000000001
      },
      {
        "ticker": "KXBTC15M-26MAR160415-15",
        "first_ts": 1773648303,
        "day": 20528,
        "fills": 5,
        "cash": -59.15999999999999,
        "fees": 0.23,
        "ending_yes": 63.0,
        "ending_no": -63.0,
        "self_contained": false,
        "result": "yes",
        "payout": 63.0,
        "pnl": 3.8400000000000105
      },
      {
        "ticker": "KXBTC15M-26MAR160430-30",
        "first_ts": 1773649211,
        "day": 20528,
        "fills": 3,
        "cash": -59.160000000000004,
        "fees": 0.0,
        "ending_yes": -87.0,
        "ending_no": 87.0,
        "self_contained": false,
        "result": "no",
        "payout": 87.0,
        "pnl": 27.839999999999996
      },
      {
        "ticker": "KXBTC15M-26MAR160445-45",
        "first_ts": 1773650127,
        "day": 20528,
        "fills": 9,
        "cash": -65.57000000000001,
        "fees": 0.0,
        "ending_yes": -83.0,
        "ending_no": 83.0,
        "self_contained": false,
        "result": "no",
        "payout": 83.0,
        "pnl": 17.429999999999993
      },
      {
        "ticker": "KXBTC15M-26MAR160500-00",
        "first_ts": 1773651005,
        "day": 20528,
        "fills": 4,
        "cash": -65.0,
        "fees": 0.0,
        "ending_yes": -100.0,
        "ending_no": 100.0,
        "self_contained": false,
        "result": "no",
        "payout": 100.0,
        "pnl": 35.0
      },
      {
        "ticker": "KXBTC15M-26MAR160700-00",
        "first_ts": 1773658349,
        "day": 20528,
        "fills": 2,
        "cash": -66.68999999999998,
        "fees": 0.05,
        "ending_yes": 68.0,
        "ending_no": -68.0,
        "self_contained": false,
        "result": "yes",
        "payout": 68.0,
        "pnl": 1.3100000000000165
      },
      {
        "ticker": "KXBTC15M-26MAR160715-15",
        "first_ts": 1773658950,
        "day": 20528,
        "fills": 11,
        "cash": -64.44,
        "fees": 0.9400000000000001,
        "ending_yes": -46.0,
        "ending_no": 46.0,
        "self_contained": false,
        "result": "no",
        "payout": 46.0,
        "pnl": -18.439999999999998
      },
      {
        "ticker": "KXBTC15M-26MAR160730-30",
        "first_ts": 1773660003,
        "day": 20528,
        "fills": 1,
        "cash": -74.73,
        "fees": 0.78,
        "ending_yes": 87.0,
        "ending_no": 0.0,
        "self_contained": true,
        "result": "no",
        "payout": 0.0,
        "pnl": -74.73
      },
      {
        "ticker": "KXBTC15M-26MAR160745-45",
        "first_ts": 1773660904,
        "day": 20528,
        "fills": 3,
        "cash": -54.71,
        "fees": 1.54,
        "ending_yes": 91.0,
        "ending_no": -91.0,
        "self_contained": false,
        "result": "yes",
        "payout": 91.0,
        "pnl": 36.29
      },
      {
        "ticker": "KXBTC15M-26MAR160800-00",
        "first_ts": 1773662093,
        "day": 20528,
        "fills": 2,
        "cash": -63.9,
        "fees": 0.0,
        "ending_yes": -71.0,
        "ending_no": 71.0,
        "self_contained": false,
        "result": "no",
        "payout": 71.0,
        "pnl": 7.100000000000001
      },
      {
        "ticker": "KXBTC15M-26MAR160815-15",
        "first_ts": 1773662704,
        "day": 20528,
        "fills": 3,
        "cash": -61.76,
        "fees": 1.08,
        "ending_yes": 82.0,
        "ending_no": -82.0,
        "self_contained": false,
        "result": "yes",
        "payout": 82.0,
        "pnl": 20.240000000000002
      },
      {
        "ticker": "KXBTC15M-26MAR160830-30",
        "first_ts": 1773663603,
        "day": 20528,
        "fills": 2,
        "cash": -70.46000000000001,
        "fees": 1.04,
        "ending_yes": 89.0,
        "ending_no": -89.0,
        "self_contained": false,
        "result": "yes",
        "payout": 89.0,
        "pnl": 18.539999999999992
      },
      {
        "ticker": "KXBTC15M-26MAR160845-45",
        "first_ts": 1773664518,
        "day": 20528,
        "fills": 5,
        "cash": -68.0,
        "fees": 0.0,
        "ending_yes": 100.0,
        "ending_no": 0.0,
        "self_contained": true,
        "result": "no",
        "payout": 0.0,
        "pnl": -68.0
      },
      {
        "ticker": "KXBTC15M-26MAR160900-00",
        "first_ts": 1773665403,
        "day": 20528,
        "fills": 2,
        "cash": -56.730000000000004,
        "fees": 1.63,
        "ending_yes": 0.0,
        "ending_no": 95.0,
        "self_contained": true,
        "result": "yes",
        "payout": 0.0,
        "pnl": -56.730000000000004
      },
      {
        "ticker": "KXBTC15M-26MAR160915-15",
        "first_ts": 1773666491,
        "day": 20528,
        "fills": 3,
        "cash": -76.77,
        "fees": 0.0,
        "ending_yes": 109.0,
        "ending_no": -109.0,
        "self_contained": false,
        "result": "yes",
        "payout": 109.0,
        "pnl": 32.230000000000004
      },
      {
        "ticker": "KXBTC15M-26MAR160930-30",
        "first_ts": 1773667086,
        "day": 20528,
        "fills": 7,
        "cash": -130.39000000000001,
        "fees": 2.38,
        "ending_yes": -177.0,
        "ending_no": 177.0,
        "self_contained": false,
        "result": "no",
        "payout": 177.0,
        "pnl": 46.609999999999985
      },
      {
        "ticker": "KXBTC15M-26MAR160945-45",
        "first_ts": 1773668102,
        "day": 20528,
        "fills": 3,
        "cash": -59.07,
        "fees": 0.16999999999999998,
        "ending_yes": 62.0,
        "ending_no": -62.0,
        "self_contained": false,
        "result": "yes",
        "payout": 62.0,
        "pnl": 2.9299999999999997
      },
      {
        "ticker": "KXBTC15M-26MAR161000-00",
        "first_ts": 1773669009,
        "day": 20528,
        "fills": 2,
        "cash": -67.89999999999999,
        "fees": 0.0,
        "ending_yes": 97.0,
        "ending_no": 0.0,
        "self_contained": true,
        "result": "no",
        "payout": 0.0,
        "pnl": -67.89999999999999
      },
      {
        "ticker": "KXBTC15M-26MAR161015-15",
        "first_ts": 1773669764,
        "day": 20528,
        "fills": 6,
        "cash": -89.75,
        "fees": 1.12,
        "ending_yes": 112.0,
        "ending_no": -112.0,
        "self_contained": false,
        "result": "yes",
        "payout": 112.0,
        "pnl": 22.25
      },
      {
        "ticker": "KXBTC15M-26MAR161030-30",
        "first_ts": 1773670804,
        "day": 20528,
        "fills": 2,
        "cash": -56.61,
        "fees": 0.72,
        "ending_yes": -69.0,
        "ending_no": 69.0,
        "self_contained": false,
        "result": "no",
        "payout": 69.0,
        "pnl": 12.39
      },
      {
        "ticker": "KXBTC15M-26MAR161045-45",
        "first_ts": 1773671704,
        "day": 20528,
        "fills": 2,
        "cash": -57.519999999999996,
        "fees": 0.57,
        "ending_yes": -67.0,
        "ending_no": 67.0,
        "self_contained": false,
        "result": "no",
        "payout": 67.0,
        "pnl": 9.480000000000004
      },
      {
        "ticker": "KXBTC15M-26MAR161100-00",
        "first_ts": 1773672605,
        "day": 20528,
        "fills": 5,
        "cash": -49.17,
        "fees": 1.7499999999999998,
        "ending_yes": 100.0,
        "ending_no": -100.0,
        "self_contained": false,
        "result": "yes",
        "payout": 100.0,
        "pnl": 50.83
      },
      {
        "ticker": "KXBTC15M-26MAR161115-15",
        "first_ts": 1773673504,
        "day": 20528,
        "fills": 2,
        "cash": -57.71999999999999,
        "fees": 1.72,
        "ending_yes": 100.0,
        "ending_no": -100.0,
        "self_contained": false,
        "result": "yes",
        "payout": 100.0,
        "pnl": 42.28000000000001
      },
      {
        "ticker": "KXBTC15M-26MAR161130-30",
        "first_ts": 1773674404,
        "day": 20528,
        "fills": 3,
        "cash": -65.60000000000001,
        "fees": 1.6,
        "ending_yes": 100.0,
        "ending_no": -100.0,
        "self_contained": false,
        "result": "yes",
        "payout": 100.0,
        "pnl": 34.39999999999999
      },
      {
        "ticker": "KXBTC15M-26MAR161145-45",
        "first_ts": 1773675304,
        "day": 20528,
        "fills": 2,
        "cash": -62.65,
        "fees": 1.65,
        "ending_yes": -100.0,
        "ending_no": 100.0,
        "self_contained": false,
        "result": "no",
        "payout": 100.0,
        "pnl": 37.35
      },
      {
        "ticker": "KXBTC15M-26MAR161200-00",
        "first_ts": 1773676204,
        "day": 20528,
        "fills": 6,
        "cash": -63.64,
        "fees": 1.6400000000000001,
        "ending_yes": -100.0,
        "ending_no": 100.0,
        "self_contained": false,
        "result": "no",
        "payout": 100.0,
        "pnl": 36.36
      },
      {
        "ticker": "KXBTC15M-26MAR161215-15",
        "first_ts": 1773677103,
        "day": 20528,
        "fills": 2,
        "cash": -54.66000000000001,
        "fees": 1.75,
        "ending_yes": 0.0,
        "ending_no": 100.0,
        "self_contained": true,
        "result": "yes",
        "payout": 0.0,
        "pnl": -54.66000000000001
      },
      {
        "ticker": "KXBTC15M-26MAR161230-30",
        "first_ts": 1773678003,
        "day": 20528,
        "fills": 2,
        "cash": -84.9,
        "fees": 0.9,
        "ending_yes": 100.0,
        "ending_no": -100.0,
        "self_contained": false,
        "result": "yes",
        "payout": 100.0,
        "pnl": 15.099999999999994
      },
      {
        "ticker": "KXBTC15M-26MAR161245-45",
        "first_ts": 1773679305,
        "day": 20528,
        "fills": 2,
        "cash": -93.26,
        "fees": 0.14,
        "ending_yes": 96.0,
        "ending_no": -96.0,
        "self_contained": false,
        "result": "yes",
        "payout": 96.0,
        "pnl": 2.739999999999995
      },
      {
        "ticker": "KXBTC15M-26MAR161300-00",
        "first_ts": 1773679804,
        "day": 20528,
        "fills": 5,
        "cash": -63.99999999999999,
        "fees": 0.0,
        "ending_yes": 100.0,
        "ending_no": -100.0,
        "self_contained": false,
        "result": "yes",
        "payout": 100.0,
        "pnl": 36.00000000000001
      },
      {
        "ticker": "KXBTC15M-26MAR161815-15",
        "first_ts": 1773698861,
        "day": 20528,
        "fills": 5,
        "cash": -96.21,
        "fees": 0.21,
        "ending_yes": 100.0,
        "ending_no": -100.0,
        "self_contained": false,
        "result": "yes",
        "payout": 100.0,
        "pnl": 3.7900000000000063
      },
      {
        "ticker": "KXBTC15M-26MAR161830-30",
        "first_ts": 1773699602,
        "day": 20528,
        "fills": 1,
        "cash": -56.74000000000001,
        "fees": 1.74,
        "ending_yes": 100.0,
        "ending_no": 0.0,
        "self_contained": true,
        "result": "no",
        "payout": 0.0,
        "pnl": -56.74000000000001
      },
      {
        "ticker": "KXBTC15M-26MAR161845-45",
        "first_ts": 1773700474,
        "day": 20528,
        "fills": 2,
        "cash": -63.629999999999995,
        "fees": 1.6500000000000001,
        "ending_yes": 0.0,
        "ending_no": 100.0,
        "self_contained": true,
        "result": "yes",
        "payout": 0.0,
        "pnl": -63.629999999999995
      },
      {
        "ticker": "KXBTC15M-26MAR161900-00",
        "first_ts": 1773701442,
        "day": 20528,
        "fills": 7,
        "cash": -75.66,
        "fees": 0.0,
        "ending_yes": 97.0,
        "ending_no": 0.0,
        "self_contained": true,
        "result": "no",
        "payout": 0.0,
        "pnl": -75.66
      },
      {
        "ticker": "KXBTC15M-26MAR161915-15",
        "first_ts": 1773702302,
        "day": 20528,
        "fills": 2,
        "cash": -58.690000000000005,
        "fees": 0.13,
        "ending_yes": -61.0,
        "ending_no": 61.0,
        "self_contained": false,
        "result": "no",
        "payout": 61.0,
        "pnl": 2.309999999999995
      },
      {
        "ticker": "KXBTC15M-26MAR180700-00",
        "first_ts": 1773831004,
        "day": 20530,
        "fills": 9,
        "cash": -85.83999999999999,
        "fees": 1.2700000000000002,
        "ending_yes": 117.0,
        "ending_no": -117.0,
        "self_contained": false,
        "result": "yes",
        "payout": 117.0,
        "pnl": 31.16000000000001
      },
      {
        "ticker": "KXBTC15M-26MAR180715-15",
        "first_ts": 1773831883,
        "day": 20530,
        "fills": 19,
        "cash": -230.47000000000003,
        "fees": 1.92,
        "ending_yes": 6.0,
        "ending_no": 262.0,
        "self_contained": true,
        "result": "yes",
        "payout": 6.0,
        "pnl": -224.47000000000003
      },
      {
        "ticker": "KXBTC15M-26MAR180730-30",
        "first_ts": 1773832804,
        "day": 20530,
        "fills": 2,
        "cash": -38.94,
        "fees": 0.86,
        "ending_yes": 56.0,
        "ending_no": 0.0,
        "self_contained": true,
        "result": "no",
        "payout": 0.0,
        "pnl": -38.94
      },
      {
        "ticker": "KXBTC15M-26MAR180745-45",
        "first_ts": 1773833704,
        "day": 20530,
        "fills": 4,
        "cash": -29.769999999999996,
        "fees": 0.072,
        "ending_yes": -31.0,
        "ending_no": 31.0,
        "self_contained": false,
        "result": "no",
        "payout": 31.0,
        "pnl": 1.230000000000004
      },
      {
        "ticker": "KXBTC15M-26MAR180800-00",
        "first_ts": 1773834604,
        "day": 20530,
        "fills": 2,
        "cash": -30.1,
        "fees": 0.98,
        "ending_yes": -56.0,
        "ending_no": 56.0,
        "self_contained": false,
        "result": "no",
        "payout": 56.0,
        "pnl": 25.9
      },
      {
        "ticker": "KXBTC15M-26MAR180815-15",
        "first_ts": 1773835524,
        "day": 20530,
        "fills": 4,
        "cash": -35.99,
        "fees": 0.0,
        "ending_yes": -61.0,
        "ending_no": 61.0,
        "self_contained": false,
        "result": "no",
        "payout": 61.0,
        "pnl": 25.009999999999998
      },
      {
        "ticker": "KXBTC15M-26MAR180830-30",
        "first_ts": 1773836724,
        "day": 20530,
        "fills": 2,
        "cash": -40.76,
        "fees": 0.26,
        "ending_yes": 45.0,
        "ending_no": -45.0,
        "self_contained": false,
        "result": "yes",
        "payout": 45.0,
        "pnl": 4.240000000000002
      },
      {
        "ticker": "KXBTC15M-26MAR180845-45",
        "first_ts": 1773837304,
        "day": 20530,
        "fills": 2,
        "cash": -41.330000000000005,
        "fees": 0.093,
        "ending_yes": -43.0,
        "ending_no": 43.0,
        "self_contained": false,
        "result": "no",
        "payout": 43.0,
        "pnl": 1.6699999999999946
      },
      {
        "ticker": "KXBTC15M-26MAR180900-00",
        "first_ts": 1773838204,
        "day": 20530,
        "fills": 2,
        "cash": -43.27,
        "fees": 1.11,
        "ending_yes": -68.0,
        "ending_no": 68.0,
        "self_contained": false,
        "result": "no",
        "payout": 68.0,
        "pnl": 24.729999999999997
      },
      {
        "ticker": "KXBTC15M-26MAR180930-30",
        "first_ts": 1773839933,
        "day": 20530,
        "fills": 2,
        "cash": -68.21,
        "fees": 1.4300000000000002,
        "ending_yes": 0.0,
        "ending_no": 96.0,
        "self_contained": true,
        "result": "yes",
        "payout": 0.0,
        "pnl": -68.21
      },
      {
        "ticker": "KXBTC15M-26MAR180945-45",
        "first_ts": 1773840800,
        "day": 20530,
        "fills": 6,
        "cash": -51.46000000000001,
        "fees": 0.8100000000000002,
        "ending_yes": -66.0,
        "ending_no": 66.0,
        "self_contained": false,
        "result": "no",
        "payout": 66.0,
        "pnl": 14.539999999999992
      },
      {
        "ticker": "KXBTC15M-26MAR181000-00",
        "first_ts": 1773841803,
        "day": 20530,
        "fills": 4,
        "cash": -34.11,
        "fees": 0.07,
        "ending_yes": -46.0,
        "ending_no": 46.0,
        "self_contained": false,
        "result": "no",
        "payout": 46.0,
        "pnl": 11.89
      },
      {
        "ticker": "KXBTC15M-26MAR181015-15",
        "first_ts": 1773842704,
        "day": 20530,
        "fills": 4,
        "cash": -84.77999999999999,
        "fees": 0.5700000000000001,
        "ending_yes": -111.0,
        "ending_no": 111.0,
        "self_contained": false,
        "result": "no",
        "payout": 111.0,
        "pnl": 26.220000000000013
      },
      {
        "ticker": "KXBTC15M-26MAR181030-30",
        "first_ts": 1773843603,
        "day": 20530,
        "fills": 3,
        "cash": -40.94,
        "fees": 0.02,
        "ending_yes": 62.0,
        "ending_no": 0.0,
        "self_contained": true,
        "result": "no",
        "payout": 0.0,
        "pnl": -40.94
      },
      {
        "ticker": "KXBTC15M-26MAR181045-45",
        "first_ts": 1773844504,
        "day": 20530,
        "fills": 1,
        "cash": -33.38,
        "fees": 0.74,
        "ending_yes": 48.0,
        "ending_no": 0.0,
        "self_contained": true,
        "result": "no",
        "payout": 0.0,
        "pnl": -33.38
      },
      {
        "ticker": "KXBTC15M-26MAR181100-00",
        "first_ts": 1773845404,
        "day": 20530,
        "fills": 3,
        "cash": -25.840000000000003,
        "fees": 0.0,
        "ending_yes": 38.0,
        "ending_no": 0.0,
        "self_contained": true,
        "result": "no",
        "payout": 0.0,
        "pnl": -25.840000000000003
      },
      {
        "ticker": "KXBTC15M-26MAR181115-15",
        "first_ts": 1773846304,
        "day": 20530,
        "fills": 1,
        "cash": -20.56,
        "fees": 0.61,
        "ending_yes": 35.0,
        "ending_no": 0.0,
        "self_contained": true,
        "result": "no",
        "payout": 0.0,
        "pnl": -20.56
      },
      {
        "ticker": "KXBTC15M-26MAR181130-30",
        "first_ts": 1773847204,
        "day": 20530,
        "fills": 2,
        "cash": -16.23,
        "fees": 0.27,
        "ending_yes": 21.0,
        "ending_no": -21.0,
        "self_contained": false,
        "result": "yes",
        "payout": 21.0,
        "pnl": 4.77
      },
      {
        "ticker": "KXBTC15M-26MAR181145-45",
        "first_ts": 1773848103,
        "day": 20530,
        "fills": 2,
        "cash": -17.000000000000004,
        "fees": 0.28,
        "ending_yes": 22.0,
        "ending_no": -22.0,
        "self_contained": false,
        "result": "yes",
        "payout": 22.0,
        "pnl": 4.9999999999999964
      },
      {
        "ticker": "KXBTC15M-26MAR181200-00",
        "first_ts": 1773849014,
        "day": 20530,
        "fills": 3,
        "cash": -18.88,
        "fees": 0.0,
        "ending_yes": 0.0,
        "ending_no": 32.0,
        "self_contained": true,
        "result": "yes",
        "payout": 0.0,
        "pnl": -18.88
      },
      {
        "ticker": "KXBTC15M-26MAR181215-15",
        "first_ts": 1773849903,
        "day": 20530,
        "fills": 3,
        "cash": -14.77,
        "fees": 0.19,
        "ending_yes": -18.0,
        "ending_no": 18.0,
        "self_contained": false,
        "result": "no",
        "payout": 18.0,
        "pnl": 3.2300000000000004
      },
      {
        "ticker": "KXBTC15M-26MAR181230-30",
        "first_ts": 1773851153,
        "day": 20530,
        "fills": 2,
        "cash": -14.6,
        "fees": 0.088,
        "ending_yes": -16.0,
        "ending_no": 16.0,
        "self_contained": false,
        "result": "no",
        "payout": 16.0,
        "pnl": 1.4000000000000004
      },
      {
        "ticker": "KXBTC15M-26MAR181245-45",
        "first_ts": 1773851704,
        "day": 20530,
        "fills": 3,
        "cash": -16.0,
        "fees": 0.0,
        "ending_yes": 0.0,
        "ending_no": 20.0,
        "self_contained": true,
        "result": "yes",
        "payout": 0.0,
        "pnl": -16.0
      },
      {
        "ticker": "KXBTC15M-26MAR181300-00",
        "first_ts": 1773852604,
        "day": 20530,
        "fills": 2,
        "cash": -12.16,
        "fees": 0.28,
        "ending_yes": 18.0,
        "ending_no": -18.0,
        "self_contained": false,
        "result": "yes",
        "payout": 18.0,
        "pnl": 5.84
      },
      {
        "ticker": "KXBTC15M-26MAR181315-15",
        "first_ts": 1773853508,
        "day": 20530,
        "fills": 2,
        "cash": -13.500000000000002,
        "fees": 0.0,
        "ending_yes": -25.0,
        "ending_no": 25.0,
        "self_contained": false,
        "result": "no",
        "payout": 25.0,
        "pnl": 11.499999999999998
      },
      {
        "ticker": "KXBTC15M-26MAR181330-30",
        "first_ts": 1773854403,
        "day": 20530,
        "fills": 7,
        "cash": -15.469999999999999,
        "fees": 0.29000000000000004,
        "ending_yes": 21.0,
        "ending_no": -21.0,
        "self_contained": false,
        "result": "yes",
        "payout": 21.0,
        "pnl": 5.530000000000001
      },
      {
        "ticker": "KXBTC15M-26MAR181345-45",
        "first_ts": 1773855303,
        "day": 20530,
        "fills": 1,
        "cash": -16.36,
        "fees": 0.55,
        "ending_yes": 0.0,
        "ending_no": 31.0,
        "self_contained": true,
        "result": "yes",
        "payout": 0.0,
        "pnl": -16.36
      },
      {
        "ticker": "KXBTC15M-26MAR181400-00",
        "first_ts": 1773856203,
        "day": 20530,
        "fills": 2,
        "cash": -13.76,
        "fees": 0.27,
        "ending_yes": 19.0,
        "ending_no": -19.0,
        "self_contained": false,
        "result": "yes",
        "payout": 19.0,
        "pnl": 5.24
      },
      {
        "ticker": "KXBTC15M-26MAR181415-15",
        "first_ts": 1773857103,
        "day": 20530,
        "fills": 2,
        "cash": -14.65,
        "fees": 0.09,
        "ending_yes": 16.0,
        "ending_no": -16.0,
        "self_contained": false,
        "result": "yes",
        "payout": 16.0,
        "pnl": 1.3499999999999996
      },
      {
        "ticker": "KXBTC15M-26MAR181430-30",
        "first_ts": 1773858004,
        "day": 20530,
        "fills": 3,
        "cash": -14.73,
        "fees": 0.19,
        "ending_yes": -18.0,
        "ending_no": 18.0,
        "self_contained": false,
        "result": "no",
        "payout": 18.0,
        "pnl": 3.2699999999999996
      },
      {
        "ticker": "KXBTC15M-26MAR181445-45",
        "first_ts": 1773858903,
        "day": 20530,
        "fills": 3,
        "cash": -13.950000000000001,
        "fees": 0.27,
        "ending_yes": -19.0,
        "ending_no": 19.0,
        "self_contained": false,
        "result": "no",
        "payout": 19.0,
        "pnl": 5.049999999999999
      },
      {
        "ticker": "KXBTC15M-26MAR181500-00",
        "first_ts": 1773859804,
        "day": 20530,
        "fills": 2,
        "cash": -16.13,
        "fees": 0.17,
        "ending_yes": -19.0,
        "ending_no": 19.0,
        "self_contained": false,
        "result": "no",
        "payout": 19.0,
        "pnl": 2.870000000000001
      },
      {
        "ticker": "KXBTC15M-26MAR181515-15",
        "first_ts": 1773860704,
        "day": 20530,
        "fills": 2,
        "cash": -16.46,
        "fees": 0.098,
        "ending_yes": 18.0,
        "ending_no": -18.0,
        "self_contained": false,
        "result": "yes",
        "payout": 18.0,
        "pnl": 1.5399999999999991
      },
      {
        "ticker": "KXBTC15M-26MAR181530-30",
        "first_ts": 1773861603,
        "day": 20530,
        "fills": 1,
        "cash": -17.62,
        "fees": 0.34,
        "ending_yes": 24.0,
        "ending_no": 0.0,
        "self_contained": true,
        "result": "no",
        "payout": 0.0,
        "pnl": -17.62
      },
      {
        "ticker": "KXBTC15M-26MAR181545-45",
        "first_ts": 1773862504,
        "day": 20530,
        "fills": 2,
        "cash": -13.91,
        "fees": 0.23,
        "ending_yes": -18.0,
        "ending_no": 18.0,
        "self_contained": false,
        "result": "no",
        "payout": 18.0,
        "pnl": 4.09
      },
      {
        "ticker": "KXBTC15M-26MAR181600-00",
        "first_ts": 1773863403,
        "day": 20530,
        "fills": 2,
        "cash": -14.8,
        "fees": 0.4,
        "ending_yes": -24.0,
        "ending_no": 24.0,
        "self_contained": false,
        "result": "no",
        "payout": 24.0,
        "pnl": 9.2
      },
      {
        "ticker": "KXBTC15M-26MAR181615-15",
        "first_ts": 1773864304,
        "day": 20530,
        "fills": 2,
        "cash": -15.29,
        "fees": 0.33,
        "ending_yes": -22.0,
        "ending_no": 22.0,
        "self_contained": false,
        "result": "no",
        "payout": 22.0,
        "pnl": 6.710000000000001
      },
      {
        "ticker": "KXBTC15M-26MAR181630-30",
        "first_ts": 1773865204,
        "day": 20530,
        "fills": 2,
        "cash": -17.98,
        "fees": 0.0,
        "ending_yes": 29.0,
        "ending_no": -29.0,
        "self_contained": false,
        "result": "yes",
        "payout": 29.0,
        "pnl": 11.02
      },
      {
        "ticker": "KXBTC15M-26MAR181645-45",
        "first_ts": 1773866104,
        "day": 20530,
        "fills": 2,
        "cash": -19.97,
        "fees": 0.062,
        "ending_yes": 21.0,
        "ending_no": -21.0,
        "self_contained": false,
        "result": "yes",
        "payout": 21.0,
        "pnl": 1.0300000000000011
      },
      {
        "ticker": "KXBTC15M-26MAR181700-00",
        "first_ts": 1773867004,
        "day": 20530,
        "fills": 2,
        "cash": -20.25,
        "fees": 0.0,
        "ending_yes": 25.0,
        "ending_no": -25.0,
        "self_contained": false,
        "result": "yes",
        "payout": 25.0,
        "pnl": 4.75
      },
      {
        "ticker": "KXBTC15M-26MAR181715-15",
        "first_ts": 1773867903,
        "day": 20530,
        "fills": 2,
        "cash": -21.0,
        "fees": 0.41,
        "ending_yes": 29.0,
        "ending_no": -29.0,
        "self_contained": false,
        "result": "yes",
        "payout": 29.0,
        "pnl": 8.0
      },
      {
        "ticker": "KXBTC15M-26MAR181730-30",
        "first_ts": 1773868845,
        "day": 20530,
        "fills": 2,
        "cash": -23.400000000000002,
        "fees": 0.0,
        "ending_yes": 39.0,
        "ending_no": 0.0,
        "self_contained": true,
        "result": "no",
        "payout": 0.0,
        "pnl": -23.400000000000002
      },
      {
        "ticker": "KXBTC15M-26MAR181745-45",
        "first_ts": 1773869724,
        "day": 20530,
        "fills": 1,
        "cash": -18.48,
        "fees": 0.0,
        "ending_yes": 0.0,
        "ending_no": 24.0,
        "self_contained": true,
        "result": "yes",
        "payout": 0.0,
        "pnl": -18.48
      },
      {
        "ticker": "KXBTC15M-26MAR181800-00",
        "first_ts": 1773870603,
        "day": 20530,
        "fills": 3,
        "cash": -12.67,
        "fees": 0.44,
        "ending_yes": -25.0,
        "ending_no": 25.0,
        "self_contained": false,
        "result": "no",
        "payout": 25.0,
        "pnl": 12.33
      },
      {
        "ticker": "KXBTC15M-26MAR181815-15",
        "first_ts": 1773871503,
        "day": 20530,
        "fills": 3,
        "cash": -16.22,
        "fees": 0.052,
        "ending_yes": -17.0,
        "ending_no": 17.0,
        "self_contained": false,
        "result": "no",
        "payout": 17.0,
        "pnl": 0.7800000000000011
      },
      {
        "ticker": "KXBTC15M-26MAR181830-30",
        "first_ts": 1773872403,
        "day": 20530,
        "fills": 2,
        "cash": -16.790000000000003,
        "fees": 0.19,
        "ending_yes": 20.0,
        "ending_no": -20.0,
        "self_contained": false,
        "result": "yes",
        "payout": 20.0,
        "pnl": 3.2099999999999973
      },
      {
        "ticker": "KXBTC15M-26MAR181845-45",
        "first_ts": 1773873302,
        "day": 20530,
        "fills": 2,
        "cash": -17.450000000000003,
        "fees": 0.44,
        "ending_yes": -27.0,
        "ending_no": 27.0,
        "self_contained": false,
        "result": "no",
        "payout": 27.0,
        "pnl": 9.549999999999997
      },
      {
        "ticker": "KXBTC15M-26MAR181900-00",
        "first_ts": 1773874203,
        "day": 20530,
        "fills": 4,
        "cash": -19.82,
        "fees": 0.48,
        "ending_yes": 30.0,
        "ending_no": -30.0,
        "self_contained": false,
        "result": "yes",
        "payout": 30.0,
        "pnl": 10.18
      },
      {
        "ticker": "KXBTC15M-26MAR181930-30",
        "first_ts": 1773876003,
        "day": 20530,
        "fills": 1,
        "cash": -22.029999999999998,
        "fees": 0.43,
        "ending_yes": 0.0,
        "ending_no": 30.0,
        "self_contained": true,
        "result": "yes",
        "payout": 0.0,
        "pnl": -22.029999999999998
      },
      {
        "ticker": "KXBTC15M-26MAR181945-45",
        "first_ts": 1773876843,
        "day": 20530,
        "fills": 8,
        "cash": -66.64999999999999,
        "fees": 0.24000000000000002,
        "ending_yes": 77.0,
        "ending_no": -19.0,
        "self_contained": false,
        "result": "yes",
        "payout": 77.0,
        "pnl": 10.350000000000009
      },
      {
        "ticker": "KXBTC15M-26MAR182000-00",
        "first_ts": 1773877804,
        "day": 20530,
        "fills": 1,
        "cash": -17.46,
        "fees": 0.45,
        "ending_yes": 27.0,
        "ending_no": 0.0,
        "self_contained": true,
        "result": "no",
        "payout": 0.0,
        "pnl": -17.46
      },
      {
        "ticker": "KXBTC15M-26MAR182015-15",
        "first_ts": 1773878723,
        "day": 20531,
        "fills": 1,
        "cash": -14.75,
        "fees": 0.0,
        "ending_yes": 25.0,
        "ending_no": 0.0,
        "self_contained": true,
        "result": "no",
        "payout": 0.0,
        "pnl": -14.75
      },
      {
        "ticker": "KXBTC15M-26MAR182030-30",
        "first_ts": 1773879604,
        "day": 20531,
        "fills": 1,
        "cash": -11.72,
        "fees": 0.32,
        "ending_yes": 0.0,
        "ending_no": 19.0,
        "self_contained": true,
        "result": "yes",
        "payout": 0.0,
        "pnl": -11.72
      },
      {
        "ticker": "KXBTC15M-26MAR182045-45",
        "first_ts": 1773880503,
        "day": 20531,
        "fills": 2,
        "cash": -8.97,
        "fees": 0.07,
        "ending_yes": -10.0,
        "ending_no": 10.0,
        "self_contained": false,
        "result": "no",
        "payout": 10.0,
        "pnl": 1.0299999999999994
      },
      {
        "ticker": "KXBTC15M-26MAR182100-00",
        "first_ts": 1773881799,
        "day": 20531,
        "fills": 2,
        "cash": -9.129999999999999,
        "fees": 0.11,
        "ending_yes": -11.0,
        "ending_no": 11.0,
        "self_contained": false,
        "result": "no",
        "payout": 11.0,
        "pnl": 1.870000000000001
      },
      {
        "ticker": "KXBTC15M-26MAR182145-45",
        "first_ts": 1773884185,
        "day": 20531,
        "fills": 2,
        "cash": -10.11,
        "fees": 0.3,
        "ending_yes": 17.0,
        "ending_no": 0.0,
        "self_contained": true,
        "result": "yes",
        "payout": 17.0,
        "pnl": 6.890000000000001
      },
      {
        "ticker": "KXBTC15M-26MAR182200-00",
        "first_ts": 1773885120,
        "day": 20531,
        "fills": 13,
        "cash": -52.16,
        "fees": 1.03,
        "ending_yes": 142.0,
        "ending_no": 13.0,
        "self_contained": false,
        "result": "no",
        "payout": 13.0,
        "pnl": -39.16
      },
      {
        "ticker": "KXBTC15M-26MAR212345-45",
        "first_ts": 1774150856,
        "day": 20534,
        "fills": 2,
        "cash": -24.86,
        "fees": 0.22,
        "ending_yes": 0.0,
        "ending_no": 28.0,
        "self_contained": true,
        "result": "no",
        "payout": 28.0,
        "pnl": 3.1400000000000006
      },
      {
        "ticker": "KXBTC15M-26MAR220015-15",
        "first_ts": 1774152409,
        "day": 20534,
        "fills": 4,
        "cash": -51.300000000000004,
        "fees": 0.34,
        "ending_yes": 56.0,
        "ending_no": 0.0,
        "self_contained": true,
        "result": "yes",
        "payout": 56.0,
        "pnl": 4.699999999999996
      },
      {
        "ticker": "KXBTC15M-26MAR220030-30",
        "first_ts": 1774153318,
        "day": 20534,
        "fills": 5,
        "cash": -63.089999999999996,
        "fees": 0.237,
        "ending_yes": 0.0,
        "ending_no": 66.0,
        "self_contained": true,
        "result": "no",
        "payout": 66.0,
        "pnl": 2.9100000000000037
      },
      {
        "ticker": "KXBTC15M-26MAR220045-45",
        "first_ts": 1774154418,
        "day": 20534,
        "fills": 3,
        "cash": -24.290000000000003,
        "fees": 0.123,
        "ending_yes": 26.0,
        "ending_no": 0.0,
        "self_contained": true,
        "result": "yes",
        "payout": 26.0,
        "pnl": 1.7099999999999973
      },
      {
        "ticker": "KXBTC15M-26MAR220115-15",
        "first_ts": 1774156103,
        "day": 20534,
        "fills": 6,
        "cash": -75.44,
        "fees": 0.32800000000000007,
        "ending_yes": 0.0,
        "ending_no": 80.0,
        "self_contained": true,
        "result": "no",
        "payout": 80.0,
        "pnl": 4.560000000000002
      },
      {
        "ticker": "KXBTC15M-26MAR220130-30",
        "first_ts": 1774157203,
        "day": 20534,
        "fills": 2,
        "cash": -24.84,
        "fees": 0.088,
        "ending_yes": 0.0,
        "ending_no": 26.0,
        "self_contained": true,
        "result": "no",
        "payout": 26.0,
        "pnl": 1.1600000000000001
      },
      {
        "ticker": "KXBTC15M-26MAR220200-00",
        "first_ts": 1774158991,
        "day": 20534,
        "fills": 2,
        "cash": -25.019999999999996,
        "fees": 0.086,
        "ending_yes": 0.0,
        "ending_no": 26.0,
        "self_contained": true,
        "result": "no",
        "payout": 26.0,
        "pnl": 0.980000000000004
      },
      {
        "ticker": "KXBTC15M-26MAR220215-15",
        "first_ts": 1774159692,
        "day": 20534,
        "fills": 4,
        "cash": -49.519999999999996,
        "fees": 0.19799999999999998,
        "ending_yes": 0.0,
        "ending_no": 52.0,
        "self_contained": true,
        "result": "no",
        "payout": 52.0,
        "pnl": 2.480000000000004
      },
      {
        "ticker": "KXBTC15M-26MAR220345-45",
        "first_ts": 1774164905,
        "day": 20534,
        "fills": 2,
        "cash": -16.32,
        "fees": 0.17,
        "ending_yes": -19.0,
        "ending_no": 19.0,
        "self_contained": false,
        "result": "no",
        "payout": 19.0,
        "pnl": 2.6799999999999997
      },
      {
        "ticker": "KXBTC15M-26MAR220400-00",
        "first_ts": 1774165971,
        "day": 20534,
        "fills": 3,
        "cash": -36.68000000000001,
        "fees": 0.24000000000000002,
        "ending_yes": 40.0,
        "ending_no": 0.0,
        "self_contained": true,
        "result": "no",
        "payout": 0.0,
        "pnl": -36.68000000000001
      },
      {
        "ticker": "KXBTC15M-26MAR220415-15",
        "first_ts": 1774166705,
        "day": 20534,
        "fills": 5,
        "cash": -23.56,
        "fees": 0.46,
        "ending_yes": 0.0,
        "ending_no": 32.0,
        "self_contained": true,
        "result": "yes",
        "payout": 0.0,
        "pnl": -23.56
      },
      {
        "ticker": "KXBTC15M-26MAR220430-30",
        "first_ts": 1774167602,
        "day": 20534,
        "fills": 2,
        "cash": -5.380000000000001,
        "fees": 0.04,
        "ending_yes": -6.0,
        "ending_no": 6.0,
        "self_contained": false,
        "result": "no",
        "payout": 6.0,
        "pnl": 0.6199999999999992
      },
      {
        "ticker": "KXBTC15M-26MAR220445-45",
        "first_ts": 1774168527,
        "day": 20534,
        "fills": 1,
        "cash": -4.9399999999999995,
        "fees": 0.14,
        "ending_yes": 0.0,
        "ending_no": 8.0,
        "self_contained": true,
        "result": "yes",
        "payout": 0.0,
        "pnl": -4.9399999999999995
      },
      {
        "ticker": "KXBTC15M-26MAR220530-30",
        "first_ts": 1774171203,
        "day": 20534,
        "fills": 2,
        "cash": -4.44,
        "fees": 0.04,
        "ending_yes": -5.0,
        "ending_no": 5.0,
        "self_contained": false,
        "result": "no",
        "payout": 5.0,
        "pnl": 0.5599999999999996
      },
      {
        "ticker": "KXBTC15M-26MAR220545-45",
        "first_ts": 1774172283,
        "day": 20534,
        "fills": 2,
        "cash": -4.49,
        "fees": 0.04,
        "ending_yes": 5.0,
        "ending_no": -5.0,
        "self_contained": false,
        "result": "yes",
        "payout": 5.0,
        "pnl": 0.5099999999999998
      },
      {
        "ticker": "KXBTC15M-26MAR220615-15",
        "first_ts": 1774173972,
        "day": 20534,
        "fills": 2,
        "cash": -4.49,
        "fees": 0.04,
        "ending_yes": -5.0,
        "ending_no": 5.0,
        "self_contained": false,
        "result": "no",
        "payout": 5.0,
        "pnl": 0.5099999999999998
      },
      {
        "ticker": "KXBTC15M-26MAR220645-45",
        "first_ts": 1774175764,
        "day": 20534,
        "fills": 2,
        "cash": -5.21,
        "fees": 0.05,
        "ending_yes": -6.0,
        "ending_no": 6.0,
        "self_contained": false,
        "result": "no",
        "payout": 6.0,
        "pnl": 0.79
      },
      {
        "ticker": "KXBTC15M-26MAR220715-15",
        "first_ts": 1774178002,
        "day": 20534,
        "fills": 2,
        "cash": -49.14,
        "fees": 0.0,
        "ending_yes": 54.0,
        "ending_no": -54.0,
        "self_contained": false,
        "result": "yes",
        "payout": 54.0,
        "pnl": 4.859999999999999
      },
      {
        "ticker": "KXBTC15M-26MAR220730-30",
        "first_ts": 1774178777,
        "day": 20534,
        "fills": 2,
        "cash": -0.99,
        "fees": 0.01,
        "ending_yes": -1.0,
        "ending_no": 1.0,
        "self_contained": false,
        "result": "no",
        "payout": 1.0,
        "pnl": 0.010000000000000009
      },
      {
        "ticker": "KXBTC15M-26MAR220745-45",
        "first_ts": 1774179622,
        "day": 20534,
        "fills": 1,
        "cash": -11.070000000000002,
        "fees": 0.066,
        "ending_yes": 12.0,
        "ending_no": 0.0,
        "self_contained": true,
        "result": "no",
        "payout": 0.0,
        "pnl": -11.070000000000002
      },
      {
        "ticker": "KXBTC15M-26MAR220800-00",
        "first_ts": 1774180302,
        "day": 20534,
        "fills": 2,
        "cash": -9.959999999999999,
        "fees": 0.12,
        "ending_yes": -12.0,
        "ending_no": 12.0,
        "self_contained": false,
        "result": "no",
        "payout": 12.0,
        "pnl": 2.040000000000001
      },
      {
        "ticker": "KXBTC15M-26MAR220815-15",
        "first_ts": 1774181400,
        "day": 20534,
        "fills": 2,
        "cash": -11.409999999999998,
        "fees": 0.1,
        "ending_yes": 13.0,
        "ending_no": -13.0,
        "self_contained": false,
        "result": "yes",
        "payout": 13.0,
        "pnl": 1.5900000000000016
      },
      {
        "ticker": "KXBTC15M-26MAR220830-30",
        "first_ts": 1774182005,
        "day": 20534,
        "fills": 2,
        "cash": -18.669999999999998,
        "fees": 0.09,
        "ending_yes": 20.0,
        "ending_no": -20.0,
        "self_contained": false,
        "result": "yes",
        "payout": 20.0,
        "pnl": 1.3300000000000018
      },
      {
        "ticker": "KXBTC15M-26MAR220915-15",
        "first_ts": 1774184706,
        "day": 20534,
        "fills": 2,
        "cash": -17.36,
        "fees": 0.16,
        "ending_yes": 20.0,
        "ending_no": -20.0,
        "self_contained": false,
        "result": "yes",
        "payout": 20.0,
        "pnl": 2.6400000000000006
      },
      {
        "ticker": "KXBTC15M-26MAR221445-45",
        "first_ts": 1774204509,
        "day": 20534,
        "fills": 2,
        "cash": -24.66,
        "fees": 0.144,
        "ending_yes": -27.0,
        "ending_no": 27.0,
        "self_contained": false,
        "result": "no",
        "payout": 27.0,
        "pnl": 2.34
      },
      {
        "ticker": "KXBTC15M-26MAR221515-15",
        "first_ts": 1774206312,
        "day": 20534,
        "fills": 2,
        "cash": -17.740000000000002,
        "fees": 0.14,
        "ending_yes": -20.0,
        "ending_no": 20.0,
        "self_contained": false,
        "result": "no",
        "payout": 20.0,
        "pnl": 2.259999999999998
      },
      {
        "ticker": "KXBTC15M-26MAR221715-15",
        "first_ts": 1774213652,
        "day": 20534,
        "fills": 3,
        "cash": -26.0,
        "fees": 0.19,
        "ending_yes": -29.0,
        "ending_no": 29.0,
        "self_contained": false,
        "result": "no",
        "payout": 29.0,
        "pnl": 3.0
      },
      {
        "ticker": "KXBTC15M-26MAR221730-30",
        "first_ts": 1774214405,
        "day": 20534,
        "fills": 1,
        "cash": -27.73,
        "fees": 0.16,
        "ending_yes": 0.0,
        "ending_no": 30.0,
        "self_contained": true,
        "result": "yes",
        "payout": 0.0,
        "pnl": -27.73
      },
      {
        "ticker": "KXBTC15M-26MAR222045-45",
        "first_ts": 1774225824,
        "day": 20535,
        "fills": 4,
        "cash": -9.86,
        "fees": 0.30000000000000004,
        "ending_yes": 0.0,
        "ending_no": 17.0,
        "self_contained": true,
        "result": "no",
        "payout": 17.0,
        "pnl": 7.140000000000001
      },
      {
        "ticker": "KXBTC15M-26MAR222100-00",
        "first_ts": 1774227086,
        "day": 20535,
        "fills": 2,
        "cash": -16.75,
        "fees": 0.25,
        "ending_yes": 21.0,
        "ending_no": 0.0,
        "self_contained": true,
        "result": "no",
        "payout": 0.0,
        "pnl": -16.75
      },
      {
        "ticker": "KXBTC15M-26MAR222115-15",
        "first_ts": 1774228044,
        "day": 20535,
        "fills": 2,
        "cash": -2.67,
        "fees": 0.03,
        "ending_yes": 3.0,
        "ending_no": -3.0,
        "self_contained": false,
        "result": "yes",
        "payout": 3.0,
        "pnl": 0.33000000000000007
      },
      {
        "ticker": "KXBTC15M-26MAR222130-30",
        "first_ts": 1774228817,
        "day": 20535,
        "fills": 2,
        "cash": -3.44,
        "fees": 0.04,
        "ending_yes": 4.0,
        "ending_no": -4.0,
        "self_contained": false,
        "result": "yes",
        "payout": 4.0,
        "pnl": 0.56
      },
      {
        "ticker": "KXBTC15M-26MAR222215-15",
        "first_ts": 1774231845,
        "day": 20535,
        "fills": 1,
        "cash": -4.25,
        "fees": 0.05,
        "ending_yes": 5.0,
        "ending_no": 0.0,
        "self_contained": true,
        "result": "no",
        "payout": 0.0,
        "pnl": -4.25
      },
      {
        "ticker": "KXBTC15M-26MAR222230-30",
        "first_ts": 1774232509,
        "day": 20535,
        "fills": 2,
        "cash": -2.64,
        "fees": 0.03,
        "ending_yes": 3.0,
        "ending_no": -3.0,
        "self_contained": false,
        "result": "yes",
        "payout": 3.0,
        "pnl": 0.3599999999999999
      },
      {
        "ticker": "KXBTC15M-26MAR240215-15",
        "first_ts": 1774332409,
        "day": 20536,
        "fills": 2,
        "cash": -2.7300000000000004,
        "fees": 0.024,
        "ending_yes": 3.0,
        "ending_no": -3.0,
        "self_contained": false,
        "result": "yes",
        "payout": 3.0,
        "pnl": 0.2699999999999996
      },
      {
        "ticker": "KXBTC15M-26MAR240315-15",
        "first_ts": 1774336071,
        "day": 20536,
        "fills": 2,
        "cash": -2.7600000000000002,
        "fees": 0.024,
        "ending_yes": 3.0,
        "ending_no": -3.0,
        "self_contained": false,
        "result": "yes",
        "payout": 3.0,
        "pnl": 0.23999999999999977
      },
      {
        "ticker": "KXBTC15M-26MAR240330-30",
        "first_ts": 1774337174,
        "day": 20536,
        "fills": 2,
        "cash": -2.72,
        "fees": 0.026,
        "ending_yes": 3.0,
        "ending_no": -3.0,
        "self_contained": false,
        "result": "yes",
        "payout": 3.0,
        "pnl": 0.2799999999999998
      },
      {
        "ticker": "KXBTC15M-26MAR240945-45",
        "first_ts": 1774359602,
        "day": 20536,
        "fills": 2,
        "cash": -2.4100000000000006,
        "fees": 0.04,
        "ending_yes": -3.0,
        "ending_no": 3.0,
        "self_contained": false,
        "result": "no",
        "payout": 3.0,
        "pnl": 0.5899999999999994
      },
      {
        "ticker": "KXBTC15M-26MAR250045-45",
        "first_ts": 1774413304,
        "day": 20537,
        "fills": 2,
        "cash": -2.6900000000000004,
        "fees": 0.02,
        "ending_yes": -3.0,
        "ending_no": 3.0,
        "self_contained": false,
        "result": "no",
        "payout": 3.0,
        "pnl": 0.3099999999999996
      },
      {
        "ticker": "KXBTC15M-26MAR250115-15",
        "first_ts": 1774415185,
        "day": 20537,
        "fills": 3,
        "cash": -2.82,
        "fees": 0.012,
        "ending_yes": 3.0,
        "ending_no": -3.0,
        "self_contained": false,
        "result": "yes",
        "payout": 3.0,
        "pnl": 0.18000000000000016
      },
      {
        "ticker": "KXBTC15M-26MAR250945-45",
        "first_ts": 1774445616,
        "day": 20537,
        "fills": 2,
        "cash": -2.4899999999999998,
        "fees": 0.03,
        "ending_yes": 3.0,
        "ending_no": -3.0,
        "self_contained": false,
        "result": "yes",
        "payout": 3.0,
        "pnl": 0.5100000000000002
      },
      {
        "ticker": "KXBTC15M-26MAR251000-00",
        "first_ts": 1774446652,
        "day": 20537,
        "fills": 2,
        "cash": -2.35,
        "fees": 0.04,
        "ending_yes": -3.0,
        "ending_no": 3.0,
        "self_contained": false,
        "result": "no",
        "payout": 3.0,
        "pnl": 0.6499999999999999
      },
      {
        "ticker": "KXBTC15M-26APR071645-45",
        "first_ts": 1775594543,
        "day": 20550,
        "fills": 1,
        "cash": -15.420000000000002,
        "fees": 0.22,
        "ending_yes": 0.0,
        "ending_no": 19.0,
        "self_contained": true,
        "result": "no",
        "payout": 19.0,
        "pnl": 3.5799999999999983
      }
    ]
  },
  "self_contained_ticker_ledger": {
    "tickers": 179,
    "fills": 731,
    "pnl": -3319.65,
    "mean_pnl_per_ticker": -18.545530726256985,
    "day_cluster_lo95_per_ticker": -44.567433472191624,
    "positive_tickers": 70,
    "negative_tickers": 109,
    "zero_tickers": 0,
    "first_time": "2026-02-04T01:09:56+00:00",
    "last_time": "2026-04-07T20:42:23+00:00",
    "max_day_gross_positive_share": 0.4361443485722458,
    "negative_ending_inventory_tickers": 0,
    "rows": [
      {
        "ticker": "KXBTC15M-26FEB032015-15",
        "first_ts": 1770167396,
        "day": 20488,
        "fills": 1,
        "cash": -4.28,
        "fees": 0.28,
        "ending_yes": 0.0,
        "ending_no": 200.0,
        "self_contained": true,
        "result": "yes",
        "payout": 0.0,
        "pnl": -4.28
      },
      {
        "ticker": "KXBTC15M-26FEB032045-45",
        "first_ts": 1770169236,
        "day": 20488,
        "fills": 2,
        "cash": -3.21,
        "fees": 0.21000000000000002,
        "ending_yes": 0.0,
        "ending_no": 150.0,
        "self_contained": true,
        "result": "yes",
        "payout": 0.0,
        "pnl": -3.21
      },
      {
        "ticker": "KXBTC15M-26FEB032230-30",
        "first_ts": 1770174933,
        "day": 20488,
        "fills": 1,
        "cash": -5.19,
        "fees": 0.24,
        "ending_yes": 0.0,
        "ending_no": 15.0,
        "self_contained": true,
        "result": "no",
        "payout": 15.0,
        "pnl": 9.809999999999999
      },
      {
        "ticker": "KXBTC15M-26FEB041130-30",
        "first_ts": 1770222083,
        "day": 20488,
        "fills": 1,
        "cash": -9.45,
        "fees": 0.1,
        "ending_yes": 0.0,
        "ending_no": 11.0,
        "self_contained": true,
        "result": "yes",
        "payout": 0.0,
        "pnl": -9.45
      },
      {
        "ticker": "KXBTC15M-26FEB041730-30",
        "first_ts": 1770243528,
        "day": 20488,
        "fills": 1,
        "cash": -5.32,
        "fees": 0.32,
        "ending_yes": 0.0,
        "ending_no": 50.0,
        "self_contained": true,
        "result": "yes",
        "payout": 0.0,
        "pnl": -5.32
      },
      {
        "ticker": "KXBTC15M-26FEB042215-15",
        "first_ts": 1770260583,
        "day": 20489,
        "fills": 1,
        "cash": -5.11,
        "fees": 0.25,
        "ending_yes": 0.0,
        "ending_no": 18.0,
        "self_contained": true,
        "result": "yes",
        "payout": 0.0,
        "pnl": -5.11
      },
      {
        "ticker": "KXBTC15M-26FEB050230-30",
        "first_ts": 1770275840,
        "day": 20489,
        "fills": 1,
        "cash": -2.9899999999999998,
        "fees": 0.12,
        "ending_yes": 0.0,
        "ending_no": 7.0,
        "self_contained": true,
        "result": "yes",
        "payout": 0.0,
        "pnl": -2.9899999999999998
      },
      {
        "ticker": "KXBTC15M-26FEB070030-30",
        "first_ts": 1770441621,
        "day": 20491,
        "fills": 1,
        "cash": -5.000000000000001,
        "fees": 0.24,
        "ending_yes": 0.0,
        "ending_no": 17.0,
        "self_contained": true,
        "result": "no",
        "payout": 17.0,
        "pnl": 12.0
      },
      {
        "ticker": "KXBTC15M-26FEB070145-45",
        "first_ts": 1770446055,
        "day": 20491,
        "fills": 1,
        "cash": -36.55,
        "fees": 1.19,
        "ending_yes": 0.0,
        "ending_no": 68.0,
        "self_contained": true,
        "result": "no",
        "payout": 68.0,
        "pnl": 31.450000000000003
      },
      {
        "ticker": "KXBTC15M-26FEB070215-15",
        "first_ts": 1770447786,
        "day": 20491,
        "fills": 1,
        "cash": -20.959999999999997,
        "fees": 0.75,
        "ending_yes": 0.0,
        "ending_no": 43.0,
        "self_contained": true,
        "result": "no",
        "payout": 43.0,
        "pnl": 22.040000000000003
      },
      {
        "ticker": "KXBTC15M-26FEB071345-45",
        "first_ts": 1770489233,
        "day": 20491,
        "fills": 1,
        "cash": -4.68,
        "fees": 0.26,
        "ending_yes": 0.0,
        "ending_no": 26.0,
        "self_contained": true,
        "result": "yes",
        "payout": 0.0,
        "pnl": -4.68
      },
      {
        "ticker": "KXBTC15M-26FEB072130-30",
        "first_ts": 1770517523,
        "day": 20492,
        "fills": 2,
        "cash": -6.390000000000001,
        "fees": 0.39,
        "ending_yes": 0.0,
        "ending_no": 73.0,
        "self_contained": true,
        "result": "yes",
        "payout": 0.0,
        "pnl": -6.390000000000001
      },
      {
        "ticker": "KXBTC15M-26FEB072215-15",
        "first_ts": 1770519839,
        "day": 20492,
        "fills": 4,
        "cash": -8.020000000000001,
        "fees": 0.44,
        "ending_yes": 124.0,
        "ending_no": 0.0,
        "self_contained": true,
        "result": "no",
        "payout": 0.0,
        "pnl": -8.020000000000001
      },
      {
        "ticker": "KXBTC15M-26FEB072230-30",
        "first_ts": 1770521200,
        "day": 20492,
        "fills": 14,
        "cash": -7.7,
        "fees": 0.5,
        "ending_yes": 0.0,
        "ending_no": 335.0,
        "self_contained": true,
        "result": "yes",
        "payout": 0.0,
        "pnl": -7.7
      },
      {
        "ticker": "KXBTC15M-26FEB080230-30",
        "first_ts": 1770535667,
        "day": 20492,
        "fills": 2,
        "cash": -5.7,
        "fees": 0.36,
        "ending_yes": 0.0,
        "ending_no": 116.0,
        "self_contained": true,
        "result": "yes",
        "payout": 0.0,
        "pnl": -5.7
      },
      {
        "ticker": "KXBTC15M-26FEB080300-00",
        "first_ts": 1770537447,
        "day": 20492,
        "fills": 2,
        "cash": -2.0,
        "fees": 0.13,
        "ending_yes": 0.0,
        "ending_no": 187.0,
        "self_contained": true,
        "result": "yes",
        "payout": 0.0,
        "pnl": -2.0
      },
      {
        "ticker": "KXBTC15M-26FEB080415-15",
        "first_ts": 1770541612,
        "day": 20492,
        "fills": 1,
        "cash": -11.37,
        "fees": 0.59,
        "ending_yes": 49.0,
        "ending_no": 0.0,
        "self_contained": true,
        "result": "no",
        "payout": 0.0,
        "pnl": -11.37
      },
      {
        "ticker": "KXBTC15M-26FEB091645-45",
        "first_ts": 1770673153,
        "day": 20493,
        "fills": 3,
        "cash": -2.0,
        "fees": 0.14,
        "ending_yes": 186.0,
        "ending_no": 0.0,
        "self_contained": true,
        "result": "no",
        "payout": 0.0,
        "pnl": -2.0
      },
      {
        "ticker": "KXBTC15M-26FEB091745-45",
        "first_ts": 1770676354,
        "day": 20493,
        "fills": 2,
        "cash": -10.219999999999999,
        "fees": 0.33999999999999997,
        "ending_yes": 19.0,
        "ending_no": 0.0,
        "self_contained": true,
        "result": "yes",
        "payout": 19.0,
        "pnl": 8.780000000000001
      },
      {
        "ticker": "KXBTC15M-26FEB091830-30",
        "first_ts": 1770679575,
        "day": 20493,
        "fills": 1,
        "cash": -0.47,
        "fees": 0.03,
        "ending_yes": 11.0,
        "ending_no": 0.0,
        "self_contained": true,
        "result": "no",
        "payout": 0.0,
        "pnl": -0.47
      },
      {
        "ticker": "KXBTC15M-26FEB100415-15",
        "first_ts": 1770714148,
        "day": 20494,
        "fills": 9,
        "cash": -381.89000000000004,
        "fees": 7.7,
        "ending_yes": 533.0,
        "ending_no": 0.0,
        "self_contained": true,
        "result": "yes",
        "payout": 533.0,
        "pnl": 151.10999999999996
      },
      {
        "ticker": "KXBTC15M-26FEB100430-30",
        "first_ts": 1770715096,
        "day": 20494,
        "fills": 7,
        "cash": -451.71,
        "fees": 4.48,
        "ending_yes": 562.0,
        "ending_no": 0.0,
        "self_contained": true,
        "result": "yes",
        "payout": 562.0,
        "pnl": 110.29000000000002
      },
      {
        "ticker": "KXBTC15M-26FEB100445-45",
        "first_ts": 1770715830,
        "day": 20494,
        "fills": 3,
        "cash": -225.46,
        "fees": 3.67,
        "ending_yes": 0.0,
        "ending_no": 293.0,
        "self_contained": true,
        "result": "no",
        "payout": 293.0,
        "pnl": 67.53999999999999
      },
      {
        "ticker": "KXBTC15M-26FEB100515-15",
        "first_ts": 1770718007,
        "day": 20494,
        "fills": 2,
        "cash": -12.27,
        "fees": 0.48,
        "ending_yes": 27.0,
        "ending_no": 0.0,
        "self_contained": true,
        "result": "yes",
        "payout": 27.0,
        "pnl": 14.73
      },
      {
        "ticker": "KXBTC15M-26FEB100530-30",
        "first_ts": 1770718579,
        "day": 20494,
        "fills": 7,
        "cash": -131.29000000000002,
        "fees": 1.37,
        "ending_yes": 0.0,
        "ending_no": 384.0,
        "self_contained": true,
        "result": "yes",
        "payout": 0.0,
        "pnl": -131.29000000000002
      },
      {
        "ticker": "KXBTC15M-26FEB100545-45",
        "first_ts": 1770719425,
        "day": 20494,
        "fills": 8,
        "cash": -399.37,
        "fees": 8.25,
        "ending_yes": 0.0,
        "ending_no": 563.0,
        "self_contained": true,
        "result": "no",
        "payout": 563.0,
        "pnl": 163.63
      },
      {
        "ticker": "KXBTC15M-26FEB100630-30",
        "first_ts": 1770722245,
        "day": 20494,
        "fills": 11,
        "cash": -446.5,
        "fees": 8.36,
        "ending_yes": 605.0,
        "ending_no": 0.0,
        "self_contained": true,
        "result": "yes",
        "payout": 605.0,
        "pnl": 158.5
      },
      {
        "ticker": "KXBTC15M-26FEB100645-45",
        "first_ts": 1770723058,
        "day": 20494,
        "fills": 9,
        "cash": -146.22,
        "fees": 1.1900000000000002,
        "ending_yes": 200.0,
        "ending_no": 0.0,
        "self_contained": true,
        "result": "no",
        "payout": 0.0,
        "pnl": -146.22
      },
      {
        "ticker": "KXBTC15M-26FEB100700-00",
        "first_ts": 1770723951,
        "day": 20494,
        "fills": 9,
        "cash": -791.35,
        "fees": 12.08,
        "ending_yes": 0.0,
        "ending_no": 1002.0,
        "self_contained": true,
        "result": "no",
        "payout": 1002.0,
        "pnl": 210.64999999999998
      },
      {
        "ticker": "KXBTC15M-26FEB100715-15",
        "first_ts": 1770725004,
        "day": 20494,
        "fills": 1,
        "cash": -0.8999999999999999,
        "fees": 0.06,
        "ending_yes": 0.0,
        "ending_no": 7.0,
        "self_contained": true,
        "result": "yes",
        "payout": 0.0,
        "pnl": -0.8999999999999999
      },
      {
        "ticker": "KXBTC15M-26FEB101245-45",
        "first_ts": 1770745312,
        "day": 20494,
        "fills": 2,
        "cash": -3.99,
        "fees": 0.26,
        "ending_yes": 0.0,
        "ending_no": 280.0,
        "self_contained": true,
        "result": "yes",
        "payout": 0.0,
        "pnl": -3.99
      },
      {
        "ticker": "KXBTC15M-26FEB101315-15",
        "first_ts": 1770746593,
        "day": 20494,
        "fills": 3,
        "cash": -25.2,
        "fees": 0.52,
        "ending_yes": 0.0,
        "ending_no": 35.0,
        "self_contained": true,
        "result": "no",
        "payout": 35.0,
        "pnl": 9.8
      },
      {
        "ticker": "KXBTC15M-26FEB101615-15",
        "first_ts": 1770757269,
        "day": 20494,
        "fills": 5,
        "cash": -197.76,
        "fees": 3.03,
        "ending_yes": 250.0,
        "ending_no": 0.0,
        "self_contained": true,
        "result": "yes",
        "payout": 250.0,
        "pnl": 52.24000000000001
      },
      {
        "ticker": "KXBTC15M-26FEB101630-30",
        "first_ts": 1770758133,
        "day": 20494,
        "fills": 6,
        "cash": -56.17999999999999,
        "fees": 1.4500000000000002,
        "ending_yes": 61.0,
        "ending_no": 26.0,
        "self_contained": true,
        "result": "no",
        "payout": 26.0,
        "pnl": -30.179999999999993
      },
      {
        "ticker": "KXBTC15M-26FEB101645-45",
        "first_ts": 1770759006,
        "day": 20494,
        "fills": 7,
        "cash": -374.81,
        "fees": 3.1700000000000004,
        "ending_yes": 0.0,
        "ending_no": 424.0,
        "self_contained": true,
        "result": "no",
        "payout": 424.0,
        "pnl": 49.19
      },
      {
        "ticker": "KXBTC15M-26FEB101715-15",
        "first_ts": 1770760817,
        "day": 20494,
        "fills": 1,
        "cash": -2.84,
        "fees": 0.14,
        "ending_yes": 0.0,
        "ending_no": 9.0,
        "self_contained": true,
        "result": "yes",
        "payout": 0.0,
        "pnl": -2.84
      },
      {
        "ticker": "KXBTC15M-26FEB101730-30",
        "first_ts": 1770761816,
        "day": 20494,
        "fills": 1,
        "cash": -9.650000000000002,
        "fees": 0.3,
        "ending_yes": 17.0,
        "ending_no": 0.0,
        "self_contained": true,
        "result": "no",
        "payout": 0.0,
        "pnl": -9.650000000000002
      },
      {
        "ticker": "KXBTC15M-26FEB101815-15",
        "first_ts": 1770765074,
        "day": 20494,
        "fills": 1,
        "cash": -1.9900000000000002,
        "fees": 0.1,
        "ending_yes": 7.0,
        "ending_no": 0.0,
        "self_contained": true,
        "result": "no",
        "payout": 0.0,
        "pnl": -1.9900000000000002
      },
      {
        "ticker": "KXBTC15M-26FEB101830-30",
        "first_ts": 1770765461,
        "day": 20494,
        "fills": 3,
        "cash": -57.949999999999996,
        "fees": 1.45,
        "ending_yes": 0.0,
        "ending_no": 106.0,
        "self_contained": true,
        "result": "yes",
        "payout": 0.0,
        "pnl": -57.949999999999996
      },
      {
        "ticker": "KXBTC15M-26FEB101845-45",
        "first_ts": 1770766455,
        "day": 20494,
        "fills": 3,
        "cash": -99.77000000000001,
        "fees": 2.14,
        "ending_yes": 0.0,
        "ending_no": 142.0,
        "self_contained": true,
        "result": "yes",
        "payout": 0.0,
        "pnl": -99.77000000000001
      },
      {
        "ticker": "KXBTC15M-26FEB101900-00",
        "first_ts": 1770767129,
        "day": 20494,
        "fills": 2,
        "cash": -91.44,
        "fees": 3.57,
        "ending_yes": 209.0,
        "ending_no": 0.0,
        "self_contained": true,
        "result": "yes",
        "payout": 209.0,
        "pnl": 117.56
      },
      {
        "ticker": "KXBTC15M-26FEB101915-15",
        "first_ts": 1770768161,
        "day": 20495,
        "fills": 4,
        "cash": -50.24,
        "fees": 0.91,
        "ending_yes": 67.0,
        "ending_no": 0.0,
        "self_contained": true,
        "result": "no",
        "payout": 0.0,
        "pnl": -50.24
      },
      {
        "ticker": "KXBTC15M-26FEB101930-30",
        "first_ts": 1770768951,
        "day": 20495,
        "fills": 4,
        "cash": -34.4,
        "fees": 1.5899999999999999,
        "ending_yes": 0.0,
        "ending_no": 134.0,
        "self_contained": true,
        "result": "yes",
        "payout": 0.0,
        "pnl": -34.4
      },
      {
        "ticker": "KXBTC15M-26FEB172345-45",
        "first_ts": 1771389163,
        "day": 20502,
        "fills": 5,
        "cash": -515.89,
        "fees": 6.39,
        "ending_yes": 623.0,
        "ending_no": 0.0,
        "self_contained": true,
        "result": "yes",
        "payout": 623.0,
        "pnl": 107.11000000000001
      },
      {
        "ticker": "KXBTC15M-26FEB180045-45",
        "first_ts": 1771392648,
        "day": 20502,
        "fills": 1,
        "cash": -12.749999999999998,
        "fees": 0.36,
        "ending_yes": 0.0,
        "ending_no": 21.0,
        "self_contained": true,
        "result": "no",
        "payout": 21.0,
        "pnl": 8.250000000000002
      },
      {
        "ticker": "KXBTC15M-26FEB181730-30",
        "first_ts": 1771453534,
        "day": 20502,
        "fills": 1,
        "cash": -20.619999999999997,
        "fees": 0.22,
        "ending_yes": 24.0,
        "ending_no": 0.0,
        "self_contained": true,
        "result": "yes",
        "payout": 24.0,
        "pnl": 3.3800000000000026
      },
      {
        "ticker": "KXBTC15M-26FEB181830-30",
        "first_ts": 1771456516,
        "day": 20502,
        "fills": 4,
        "cash": -38.83,
        "fees": 1.07,
        "ending_yes": 63.0,
        "ending_no": 0.0,
        "self_contained": true,
        "result": "no",
        "payout": 0.0,
        "pnl": -38.83
      },
      {
        "ticker": "KXBTC15M-26FEB181900-00",
        "first_ts": 1771458307,
        "day": 20502,
        "fills": 4,
        "cash": -73.56,
        "fees": 2.14,
        "ending_yes": 125.0,
        "ending_no": 0.0,
        "self_contained": true,
        "result": "yes",
        "payout": 125.0,
        "pnl": 51.44
      },
      {
        "ticker": "KXBTC15M-26FEB181915-15",
        "first_ts": 1771459673,
        "day": 20503,
        "fills": 2,
        "cash": -369.42999999999995,
        "fees": 1.9699999999999998,
        "ending_yes": 398.0,
        "ending_no": 0.0,
        "self_contained": true,
        "result": "no",
        "payout": 0.0,
        "pnl": -369.42999999999995
      },
      {
        "ticker": "KXBTC15M-26FEB190045-45",
        "first_ts": 1771479078,
        "day": 20503,
        "fills": 12,
        "cash": -42.550000000000004,
        "fees": 1.53,
        "ending_yes": 15.0,
        "ending_no": 89.0,
        "self_contained": true,
        "result": "yes",
        "payout": 15.0,
        "pnl": -27.550000000000004
      },
      {
        "ticker": "KXBTC15M-26FEB190100-00",
        "first_ts": 1771479913,
        "day": 20503,
        "fills": 26,
        "cash": -325.9600000000001,
        "fees": 7.259999999999998,
        "ending_yes": 0.0,
        "ending_no": 594.0,
        "self_contained": true,
        "result": "yes",
        "payout": 0.0,
        "pnl": -325.9600000000001
      },
      {
        "ticker": "KXBTC15M-26FEB190145-45",
        "first_ts": 1771482624,
        "day": 20503,
        "fills": 8,
        "cash": -772.16,
        "fees": 13.179999999999998,
        "ending_yes": 1084.0,
        "ending_no": 0.0,
        "self_contained": true,
        "result": "no",
        "payout": 0.0,
        "pnl": -772.16
      },
      {
        "ticker": "KXBTC15M-26FEB200415-15",
        "first_ts": 1771578087,
        "day": 20504,
        "fills": 3,
        "cash": -4.7700000000000005,
        "fees": 0.11,
        "ending_yes": 7.0,
        "ending_no": 0.0,
        "self_contained": true,
        "result": "yes",
        "payout": 7.0,
        "pnl": 2.2299999999999995
      },
      {
        "ticker": "KXBTC15M-26FEB200500-00",
        "first_ts": 1771581040,
        "day": 20504,
        "fills": 1,
        "cash": -4.779999999999999,
        "fees": 0.14,
        "ending_yes": 8.0,
        "ending_no": 0.0,
        "self_contained": true,
        "result": "yes",
        "payout": 8.0,
        "pnl": 3.2200000000000006
      },
      {
        "ticker": "KXBTC15M-26FEB210430-30",
        "first_ts": 1771665642,
        "day": 20505,
        "fills": 5,
        "cash": -127.63,
        "fees": 0.31999999999999995,
        "ending_yes": 132.0,
        "ending_no": 0.0,
        "self_contained": true,
        "result": "yes",
        "payout": 132.0,
        "pnl": 4.3700000000000045
      },
      {
        "ticker": "KXBTC15M-26FEB210515-15",
        "first_ts": 1771668883,
        "day": 20505,
        "fills": 1,
        "cash": -1.0,
        "fees": 0.07,
        "ending_yes": 0.0,
        "ending_no": 93.0,
        "self_contained": true,
        "result": "yes",
        "payout": 0.0,
        "pnl": -1.0
      },
      {
        "ticker": "KXBTC15M-26FEB210530-30",
        "first_ts": 1771669056,
        "day": 20505,
        "fills": 6,
        "cash": -48.63,
        "fees": 0.97,
        "ending_yes": 0.0,
        "ending_no": 67.0,
        "self_contained": true,
        "result": "yes",
        "payout": 0.0,
        "pnl": -48.63
      },
      {
        "ticker": "KXBTC15M-26FEB241545-45",
        "first_ts": 1771965139,
        "day": 20508,
        "fills": 3,
        "cash": -43.93000000000001,
        "fees": 0.8200000000000001,
        "ending_yes": 59.0,
        "ending_no": 0.0,
        "self_contained": true,
        "result": "yes",
        "payout": 59.0,
        "pnl": 15.069999999999993
      },
      {
        "ticker": "KXBTC15M-26FEB241645-45",
        "first_ts": 1771968820,
        "day": 20508,
        "fills": 4,
        "cash": -38.3,
        "fees": 1.07,
        "ending_yes": 0.0,
        "ending_no": 63.0,
        "self_contained": true,
        "result": "yes",
        "payout": 0.0,
        "pnl": -38.3
      },
      {
        "ticker": "KXBTC15M-26FEB241700-00",
        "first_ts": 1771969916,
        "day": 20508,
        "fills": 1,
        "cash": -25.680000000000003,
        "fees": 0.6,
        "ending_yes": 0.0,
        "ending_no": 38.0,
        "self_contained": true,
        "result": "yes",
        "payout": 0.0,
        "pnl": -25.680000000000003
      },
      {
        "ticker": "KXBTC15M-26FEB241945-45",
        "first_ts": 1771979730,
        "day": 20509,
        "fills": 1,
        "cash": -19.740000000000002,
        "fees": 0.16,
        "ending_yes": 22.0,
        "ending_no": 0.0,
        "self_contained": true,
        "result": "yes",
        "payout": 22.0,
        "pnl": 2.259999999999998
      },
      {
        "ticker": "KXBTC15M-26FEB242000-00",
        "first_ts": 1771981002,
        "day": 20509,
        "fills": 1,
        "cash": -100.1,
        "fees": 0.35,
        "ending_yes": 105.0,
        "ending_no": 0.0,
        "self_contained": true,
        "result": "yes",
        "payout": 105.0,
        "pnl": 4.900000000000006
      },
      {
        "ticker": "KXBTC15M-26FEB242030-30",
        "first_ts": 1771982375,
        "day": 20509,
        "fills": 4,
        "cash": -67.96000000000001,
        "fees": 1.08,
        "ending_yes": 87.0,
        "ending_no": 0.0,
        "self_contained": true,
        "result": "yes",
        "payout": 87.0,
        "pnl": 19.039999999999992
      },
      {
        "ticker": "KXBTC15M-26FEB242045-45",
        "first_ts": 1771983141,
        "day": 20509,
        "fills": 6,
        "cash": -29.07,
        "fees": 1.08,
        "ending_yes": 61.0,
        "ending_no": 0.0,
        "self_contained": true,
        "result": "no",
        "payout": 0.0,
        "pnl": -29.07
      },
      {
        "ticker": "KXBTC15M-26FEB250715-15",
        "first_ts": 1772020940,
        "day": 20509,
        "fills": 1,
        "cash": -11.06,
        "fees": 0.5,
        "ending_yes": 0.0,
        "ending_no": 32.0,
        "self_contained": true,
        "result": "yes",
        "payout": 0.0,
        "pnl": -11.06
      },
      {
        "ticker": "KXBTC15M-26FEB251615-15",
        "first_ts": 1772053406,
        "day": 20509,
        "fills": 8,
        "cash": -5.34,
        "fees": 0.02,
        "ending_yes": 9.0,
        "ending_no": 6.0,
        "self_contained": true,
        "result": "no",
        "payout": 6.0,
        "pnl": 0.6600000000000001
      },
      {
        "ticker": "KXBTC15M-26FEB251630-30",
        "first_ts": 1772054322,
        "day": 20509,
        "fills": 9,
        "cash": -39.14,
        "fees": 0.45999999999999996,
        "ending_yes": 66.0,
        "ending_no": 0.0,
        "self_contained": true,
        "result": "no",
        "payout": 0.0,
        "pnl": -39.14
      },
      {
        "ticker": "KXBTC15M-26FEB251700-00",
        "first_ts": 1772056071,
        "day": 20509,
        "fills": 3,
        "cash": -32.26,
        "fees": 0.29000000000000004,
        "ending_yes": 0.0,
        "ending_no": 37.0,
        "self_contained": true,
        "result": "no",
        "payout": 37.0,
        "pnl": 4.740000000000002
      },
      {
        "ticker": "KXBTC15M-26FEB251745-45",
        "first_ts": 1772058986,
        "day": 20509,
        "fills": 1,
        "cash": -28.2,
        "fees": 0.75,
        "ending_yes": 0.0,
        "ending_no": 45.0,
        "self_contained": true,
        "result": "no",
        "payout": 45.0,
        "pnl": 16.8
      },
      {
        "ticker": "KXBTC15M-26FEB251915-15",
        "first_ts": 1772064791,
        "day": 20510,
        "fills": 1,
        "cash": -0.02,
        "fees": 0.01,
        "ending_yes": 0.0,
        "ending_no": 1.0,
        "self_contained": true,
        "result": "yes",
        "payout": 0.0,
        "pnl": -0.02
      },
      {
        "ticker": "KXBTC15M-26FEB252130-30",
        "first_ts": 1772072649,
        "day": 20510,
        "fills": 1,
        "cash": -49.85,
        "fees": 0.35,
        "ending_yes": 55.0,
        "ending_no": 0.0,
        "self_contained": true,
        "result": "yes",
        "payout": 55.0,
        "pnl": 5.149999999999999
      },
      {
        "ticker": "KXBTC15M-26FEB252315-15",
        "first_ts": 1772078830,
        "day": 20510,
        "fills": 1,
        "cash": -0.36000000000000004,
        "fees": 0.02,
        "ending_yes": 0.0,
        "ending_no": 2.0,
        "self_contained": true,
        "result": "yes",
        "payout": 0.0,
        "pnl": -0.36000000000000004
      },
      {
        "ticker": "KXBTC15M-26FEB252330-30",
        "first_ts": 1772079607,
        "day": 20510,
        "fills": 2,
        "cash": -15.64,
        "fees": 0.0,
        "ending_yes": 23.0,
        "ending_no": 0.0,
        "self_contained": true,
        "result": "yes",
        "payout": 23.0,
        "pnl": 7.359999999999999
      },
      {
        "ticker": "KXBTC15M-26FEB260000-00",
        "first_ts": 1772081212,
        "day": 20510,
        "fills": 3,
        "cash": -17.97,
        "fees": 0.54,
        "ending_yes": 1.0,
        "ending_no": 30.0,
        "self_contained": true,
        "result": "no",
        "payout": 30.0,
        "pnl": 12.030000000000001
      },
      {
        "ticker": "KXBTC15M-26FEB260030-30",
        "first_ts": 1772083674,
        "day": 20510,
        "fills": 1,
        "cash": -1.92,
        "fees": 0.12,
        "ending_yes": 0.0,
        "ending_no": 30.0,
        "self_contained": true,
        "result": "yes",
        "payout": 0.0,
        "pnl": -1.92
      },
      {
        "ticker": "KXBTC15M-26FEB260045-45",
        "first_ts": 1772084178,
        "day": 20510,
        "fills": 2,
        "cash": -138.76,
        "fees": 4.109999999999999,
        "ending_yes": 253.0,
        "ending_no": 0.0,
        "self_contained": true,
        "result": "yes",
        "payout": 253.0,
        "pnl": 114.24000000000001
      },
      {
        "ticker": "KXBTC15M-26FEB260100-00",
        "first_ts": 1772084872,
        "day": 20510,
        "fills": 3,
        "cash": -1.15,
        "fees": 0.02,
        "ending_yes": 0.0,
        "ending_no": 3.0,
        "self_contained": true,
        "result": "yes",
        "payout": 0.0,
        "pnl": -1.15
      },
      {
        "ticker": "KXBTC15M-26FEB260145-45",
        "first_ts": 1772087686,
        "day": 20510,
        "fills": 3,
        "cash": -61.74999999999999,
        "fees": 2.56,
        "ending_yes": 164.0,
        "ending_no": 0.0,
        "self_contained": true,
        "result": "no",
        "payout": 0.0,
        "pnl": -61.74999999999999
      },
      {
        "ticker": "KXBTC15M-26FEB260200-00",
        "first_ts": 1772088730,
        "day": 20510,
        "fills": 4,
        "cash": -20.18,
        "fees": 1.04,
        "ending_yes": 0.0,
        "ending_no": 83.0,
        "self_contained": true,
        "result": "yes",
        "payout": 0.0,
        "pnl": -20.18
      },
      {
        "ticker": "KXBTC15M-26FEB260830-30",
        "first_ts": 1772112378,
        "day": 20510,
        "fills": 2,
        "cash": -0.62,
        "fees": 0.01,
        "ending_yes": 0.0,
        "ending_no": 2.0,
        "self_contained": true,
        "result": "yes",
        "payout": 0.0,
        "pnl": -0.62
      },
      {
        "ticker": "KXBTC15M-26FEB261130-30",
        "first_ts": 1772122859,
        "day": 20510,
        "fills": 3,
        "cash": -92.7,
        "fees": 0.8,
        "ending_yes": 107.0,
        "ending_no": 0.0,
        "self_contained": true,
        "result": "yes",
        "payout": 107.0,
        "pnl": 14.299999999999997
      },
      {
        "ticker": "KXBTC15M-26FEB261145-45",
        "first_ts": 1772123653,
        "day": 20510,
        "fills": 3,
        "cash": -220.16,
        "fees": 0.32,
        "ending_yes": 0.0,
        "ending_no": 243.0,
        "self_contained": true,
        "result": "no",
        "payout": 243.0,
        "pnl": 22.840000000000003
      },
      {
        "ticker": "KXBTC15M-26FEB261200-00",
        "first_ts": 1772124515,
        "day": 20510,
        "fills": 7,
        "cash": -195.93,
        "fees": 2.04,
        "ending_yes": 0.0,
        "ending_no": 256.0,
        "self_contained": true,
        "result": "no",
        "payout": 256.0,
        "pnl": 60.06999999999999
      },
      {
        "ticker": "KXBTC15M-26FEB261215-15",
        "first_ts": 1772125294,
        "day": 20510,
        "fills": 2,
        "cash": -82.11,
        "fees": 1.51,
        "ending_yes": 110.0,
        "ending_no": 0.0,
        "self_contained": true,
        "result": "yes",
        "payout": 110.0,
        "pnl": 27.89
      },
      {
        "ticker": "KXBTC15M-26FEB261230-30",
        "first_ts": 1772126935,
        "day": 20510,
        "fills": 1,
        "cash": -95.34,
        "fees": 0.34,
        "ending_yes": 100.0,
        "ending_no": 0.0,
        "self_contained": true,
        "result": "yes",
        "payout": 100.0,
        "pnl": 4.659999999999997
      },
      {
        "ticker": "KXBTC15M-26FEB261345-45",
        "first_ts": 1772130894,
        "day": 20510,
        "fills": 3,
        "cash": -96.0,
        "fees": 0.0,
        "ending_yes": 100.0,
        "ending_no": 0.0,
        "self_contained": true,
        "result": "yes",
        "payout": 100.0,
        "pnl": 4.0
      },
      {
        "ticker": "KXBTC15M-26FEB261400-00",
        "first_ts": 1772132098,
        "day": 20510,
        "fills": 5,
        "cash": -44.96000000000001,
        "fees": 2.38,
        "ending_yes": 22.0,
        "ending_no": 70.0,
        "self_contained": true,
        "result": "yes",
        "payout": 22.0,
        "pnl": -22.960000000000008
      },
      {
        "ticker": "KXBTC15M-26FEB261415-15",
        "first_ts": 1772132824,
        "day": 20510,
        "fills": 2,
        "cash": -9.3,
        "fees": 0.0,
        "ending_yes": 10.0,
        "ending_no": 0.0,
        "self_contained": true,
        "result": "yes",
        "payout": 10.0,
        "pnl": 0.6999999999999993
      },
      {
        "ticker": "KXBTC15M-26FEB261445-45",
        "first_ts": 1772134586,
        "day": 20510,
        "fills": 2,
        "cash": -17.7,
        "fees": 0.02,
        "ending_yes": 26.0,
        "ending_no": 0.0,
        "self_contained": true,
        "result": "no",
        "payout": 0.0,
        "pnl": -17.7
      },
      {
        "ticker": "KXBTC15M-26FEB261530-30",
        "first_ts": 1772137366,
        "day": 20510,
        "fills": 9,
        "cash": -174.99999999999997,
        "fees": 0.0,
        "ending_yes": 0.0,
        "ending_no": 500.0,
        "self_contained": true,
        "result": "no",
        "payout": 500.0,
        "pnl": 325.0
      },
      {
        "ticker": "KXBTC15M-26FEB261645-45",
        "first_ts": 1772142182,
        "day": 20510,
        "fills": 11,
        "cash": -399.95,
        "fees": 0.0,
        "ending_yes": 0.0,
        "ending_no": 421.0,
        "self_contained": true,
        "result": "no",
        "payout": 421.0,
        "pnl": 21.05000000000001
      },
      {
        "ticker": "KXBTC15M-26FEB261800-00",
        "first_ts": 1772146405,
        "day": 20510,
        "fills": 7,
        "cash": -187.13,
        "fees": 1.05,
        "ending_yes": 0.0,
        "ending_no": 215.0,
        "self_contained": true,
        "result": "no",
        "payout": 215.0,
        "pnl": 27.870000000000005
      },
      {
        "ticker": "KXBTC15M-26FEB261815-15",
        "first_ts": 1772147435,
        "day": 20510,
        "fills": 8,
        "cash": -248.78000000000003,
        "fees": 0.32,
        "ending_yes": 0.0,
        "ending_no": 261.0,
        "self_contained": true,
        "result": "no",
        "payout": 261.0,
        "pnl": 12.21999999999997
      },
      {
        "ticker": "KXBTC15M-26FEB261830-30",
        "first_ts": 1772147866,
        "day": 20510,
        "fills": 6,
        "cash": -66.27,
        "fees": 0.9299999999999999,
        "ending_yes": 0.0,
        "ending_no": 92.0,
        "self_contained": true,
        "result": "yes",
        "payout": 0.0,
        "pnl": -66.27
      },
      {
        "ticker": "KXBTC15M-26FEB261845-45",
        "first_ts": 1772148916,
        "day": 20510,
        "fills": 11,
        "cash": -151.55999999999997,
        "fees": 3.36,
        "ending_yes": 0.0,
        "ending_no": 264.0,
        "self_contained": true,
        "result": "no",
        "payout": 264.0,
        "pnl": 112.44000000000003
      },
      {
        "ticker": "KXBTC15M-26FEB261900-00",
        "first_ts": 1772149925,
        "day": 20510,
        "fills": 12,
        "cash": -320.46,
        "fees": 2.74,
        "ending_yes": 0.0,
        "ending_no": 382.0,
        "self_contained": true,
        "result": "no",
        "payout": 382.0,
        "pnl": 61.54000000000002
      },
      {
        "ticker": "KXBTC15M-26FEB261930-30",
        "first_ts": 1772151327,
        "day": 20511,
        "fills": 6,
        "cash": -29.360000000000007,
        "fees": 0.0,
        "ending_yes": 49.0,
        "ending_no": 0.0,
        "self_contained": true,
        "result": "no",
        "payout": 0.0,
        "pnl": -29.360000000000007
      },
      {
        "ticker": "KXBTC15M-26FEB262000-00",
        "first_ts": 1772153183,
        "day": 20511,
        "fills": 26,
        "cash": -323.01,
        "fees": 7.609999999999999,
        "ending_yes": 0.0,
        "ending_no": 666.0,
        "self_contained": true,
        "result": "yes",
        "payout": 0.0,
        "pnl": -323.01
      },
      {
        "ticker": "KXBTC15M-26FEB262200-00",
        "first_ts": 1772160543,
        "day": 20511,
        "fills": 34,
        "cash": -1102.9500000000003,
        "fees": 2.47,
        "ending_yes": 151.0,
        "ending_no": 1052.0,
        "self_contained": true,
        "result": "no",
        "payout": 1052.0,
        "pnl": -50.95000000000027
      },
      {
        "ticker": "KXBTC15M-26FEB271330-30",
        "first_ts": 1772216640,
        "day": 20511,
        "fills": 30,
        "cash": -608.8400000000001,
        "fees": 1.5700000000000005,
        "ending_yes": 0.0,
        "ending_no": 658.0,
        "self_contained": true,
        "result": "yes",
        "payout": 0.0,
        "pnl": -608.8400000000001
      },
      {
        "ticker": "KXBTC15M-26FEB272145-45",
        "first_ts": 1772245875,
        "day": 20512,
        "fills": 7,
        "cash": -104.28999999999999,
        "fees": 4.24,
        "ending_yes": 134.0,
        "ending_no": 46.0,
        "self_contained": true,
        "result": "yes",
        "payout": 134.0,
        "pnl": 29.710000000000008
      },
      {
        "ticker": "KXBTC15M-26FEB280230-30",
        "first_ts": 1772263136,
        "day": 20512,
        "fills": 12,
        "cash": -49.540000000000006,
        "fees": 1.4100000000000001,
        "ending_yes": 87.0,
        "ending_no": 0.0,
        "self_contained": true,
        "result": "no",
        "payout": 0.0,
        "pnl": -49.540000000000006
      },
      {
        "ticker": "KXBTC15M-26FEB280315-15",
        "first_ts": 1772265722,
        "day": 20512,
        "fills": 8,
        "cash": -68.41,
        "fees": 0.85,
        "ending_yes": 0.0,
        "ending_no": 82.0,
        "self_contained": true,
        "result": "no",
        "payout": 82.0,
        "pnl": 13.590000000000003
      },
      {
        "ticker": "KXBTC15M-26MAR010130-30",
        "first_ts": 1772346473,
        "day": 20513,
        "fills": 2,
        "cash": -10.68,
        "fees": 0.0,
        "ending_yes": 12.0,
        "ending_no": 0.0,
        "self_contained": true,
        "result": "yes",
        "payout": 12.0,
        "pnl": 1.3200000000000003
      },
      {
        "ticker": "KXBTC15M-26MAR011215-15",
        "first_ts": 1772384496,
        "day": 20513,
        "fills": 5,
        "cash": -77.23,
        "fees": 2.74,
        "ending_yes": 158.0,
        "ending_no": 0.0,
        "self_contained": true,
        "result": "no",
        "payout": 0.0,
        "pnl": -77.23
      },
      {
        "ticker": "KXBTC15M-26MAR011230-30",
        "first_ts": 1772385502,
        "day": 20513,
        "fills": 5,
        "cash": -21.139999999999997,
        "fees": 1.24,
        "ending_yes": 166.0,
        "ending_no": 0.0,
        "self_contained": true,
        "result": "no",
        "payout": 0.0,
        "pnl": -21.139999999999997
      },
      {
        "ticker": "KXBTC15M-26MAR011245-45",
        "first_ts": 1772386604,
        "day": 20513,
        "fills": 9,
        "cash": -41.620000000000005,
        "fees": 2.03,
        "ending_yes": 0.0,
        "ending_no": 146.0,
        "self_contained": true,
        "result": "yes",
        "payout": 0.0,
        "pnl": -41.620000000000005
      },
      {
        "ticker": "KXBTC15M-26MAR020230-30",
        "first_ts": 1772436325,
        "day": 20514,
        "fills": 2,
        "cash": -10.37,
        "fees": 0.47,
        "ending_yes": 0.0,
        "ending_no": 30.0,
        "self_contained": true,
        "result": "yes",
        "payout": 0.0,
        "pnl": -10.37
      },
      {
        "ticker": "KXBTC15M-26MAR021300-00",
        "first_ts": 1772473660,
        "day": 20514,
        "fills": 8,
        "cash": -58.31,
        "fees": 0.53,
        "ending_yes": 77.0,
        "ending_no": 0.0,
        "self_contained": true,
        "result": "yes",
        "payout": 77.0,
        "pnl": 18.689999999999998
      },
      {
        "ticker": "KXBTC15M-26MAR021445-45",
        "first_ts": 1772480020,
        "day": 20514,
        "fills": 2,
        "cash": -9.9,
        "fees": 0.0,
        "ending_yes": 18.0,
        "ending_no": 0.0,
        "self_contained": true,
        "result": "no",
        "payout": 0.0,
        "pnl": -9.9
      },
      {
        "ticker": "KXBTC15M-26MAR021715-15",
        "first_ts": 1772489334,
        "day": 20514,
        "fills": 1,
        "cash": -9.66,
        "fees": 0.0,
        "ending_yes": 14.0,
        "ending_no": 0.0,
        "self_contained": true,
        "result": "no",
        "payout": 0.0,
        "pnl": -9.66
      },
      {
        "ticker": "KXBTC15M-26MAR021915-15",
        "first_ts": 1772496712,
        "day": 20515,
        "fills": 10,
        "cash": -231.88,
        "fees": 1.01,
        "ending_yes": 283.0,
        "ending_no": 0.0,
        "self_contained": true,
        "result": "no",
        "payout": 0.0,
        "pnl": -231.88
      },
      {
        "ticker": "KXBTC15M-26MAR022215-15",
        "first_ts": 1772506948,
        "day": 20515,
        "fills": 4,
        "cash": -98.56,
        "fees": 0.48000000000000004,
        "ending_yes": 0.0,
        "ending_no": 112.0,
        "self_contained": true,
        "result": "no",
        "payout": 112.0,
        "pnl": 13.439999999999998
      },
      {
        "ticker": "KXBTC15M-26MAR030145-45",
        "first_ts": 1772519648,
        "day": 20515,
        "fills": 16,
        "cash": -158.22999999999996,
        "fees": 1.1400000000000001,
        "ending_yes": 0.0,
        "ending_no": 237.0,
        "self_contained": true,
        "result": "yes",
        "payout": 0.0,
        "pnl": -158.22999999999996
      },
      {
        "ticker": "KXBTC15M-26MAR031430-30",
        "first_ts": 1772565834,
        "day": 20515,
        "fills": 4,
        "cash": -147.35000000000002,
        "fees": 1.0099999999999998,
        "ending_yes": 162.0,
        "ending_no": 0.0,
        "self_contained": true,
        "result": "yes",
        "payout": 162.0,
        "pnl": 14.649999999999977
      },
      {
        "ticker": "KXBTC15M-26MAR031445-45",
        "first_ts": 1772566515,
        "day": 20515,
        "fills": 3,
        "cash": -97.67999999999999,
        "fees": 0.56,
        "ending_yes": 0.0,
        "ending_no": 117.0,
        "self_contained": true,
        "result": "no",
        "payout": 117.0,
        "pnl": 19.320000000000007
      },
      {
        "ticker": "KXBTC15M-26MAR031545-45",
        "first_ts": 1772569998,
        "day": 20515,
        "fills": 1,
        "cash": -10.239999999999998,
        "fees": 0.37,
        "ending_yes": 21.0,
        "ending_no": 0.0,
        "self_contained": true,
        "result": "yes",
        "payout": 21.0,
        "pnl": 10.760000000000002
      },
      {
        "ticker": "KXBTC15M-26MAR051500-00",
        "first_ts": 1772740509,
        "day": 20517,
        "fills": 1,
        "cash": -98.79,
        "fees": 0.69,
        "ending_yes": 0.0,
        "ending_no": 109.0,
        "self_contained": true,
        "result": "no",
        "payout": 109.0,
        "pnl": 10.209999999999994
      },
      {
        "ticker": "KXBTC15M-26MAR051700-00",
        "first_ts": 1772747842,
        "day": 20517,
        "fills": 3,
        "cash": -200.76,
        "fees": 1.12,
        "ending_yes": 0.0,
        "ending_no": 217.0,
        "self_contained": true,
        "result": "no",
        "payout": 217.0,
        "pnl": 16.24000000000001
      },
      {
        "ticker": "KXBTC15M-26MAR051830-30",
        "first_ts": 1772752878,
        "day": 20517,
        "fills": 1,
        "cash": -50.68,
        "fees": 1.18,
        "ending_yes": 0.0,
        "ending_no": 75.0,
        "self_contained": true,
        "result": "yes",
        "payout": 0.0,
        "pnl": -50.68
      },
      {
        "ticker": "KXBTC15M-26MAR052330-30",
        "first_ts": 1772771097,
        "day": 20518,
        "fills": 1,
        "cash": -49.199999999999996,
        "fees": 0.0,
        "ending_yes": 60.0,
        "ending_no": 0.0,
        "self_contained": true,
        "result": "no",
        "payout": 0.0,
        "pnl": -49.199999999999996
      },
      {
        "ticker": "KXBTC15M-26MAR060030-30",
        "first_ts": 1772774125,
        "day": 20518,
        "fills": 2,
        "cash": -22.990000000000002,
        "fees": 0.5,
        "ending_yes": 33.0,
        "ending_no": 0.0,
        "self_contained": true,
        "result": "no",
        "payout": 0.0,
        "pnl": -22.990000000000002
      },
      {
        "ticker": "KXBTC15M-26MAR060445-45",
        "first_ts": 1772789531,
        "day": 20518,
        "fills": 3,
        "cash": -39.2,
        "fees": 0.64,
        "ending_yes": 8.0,
        "ending_no": 51.0,
        "self_contained": true,
        "result": "yes",
        "payout": 8.0,
        "pnl": -31.200000000000003
      },
      {
        "ticker": "KXBTC15M-26MAR060500-00",
        "first_ts": 1772790356,
        "day": 20518,
        "fills": 1,
        "cash": -9.85,
        "fees": 0.25,
        "ending_yes": 15.0,
        "ending_no": 0.0,
        "self_contained": true,
        "result": "yes",
        "payout": 15.0,
        "pnl": 5.15
      },
      {
        "ticker": "KXBTC15M-26MAR060515-15",
        "first_ts": 1772791501,
        "day": 20518,
        "fills": 2,
        "cash": -12.219999999999999,
        "fees": 0.22,
        "ending_yes": 16.0,
        "ending_no": 0.0,
        "self_contained": true,
        "result": "yes",
        "payout": 16.0,
        "pnl": 3.780000000000001
      },
      {
        "ticker": "KXBTC15M-26MAR060600-00",
        "first_ts": 1772794316,
        "day": 20518,
        "fills": 1,
        "cash": -11.39,
        "fees": 0.0,
        "ending_yes": 0.0,
        "ending_no": 17.0,
        "self_contained": true,
        "result": "yes",
        "payout": 0.0,
        "pnl": -11.39
      },
      {
        "ticker": "KXBTC15M-26MAR060615-15",
        "first_ts": 1772795175,
        "day": 20518,
        "fills": 1,
        "cash": -11.18,
        "fees": 0.0,
        "ending_yes": 0.0,
        "ending_no": 13.0,
        "self_contained": true,
        "result": "yes",
        "payout": 0.0,
        "pnl": -11.18
      },
      {
        "ticker": "KXBTC15M-26MAR072015-15",
        "first_ts": 1772931974,
        "day": 20520,
        "fills": 1,
        "cash": -11.34,
        "fees": 0.0,
        "ending_yes": 0.0,
        "ending_no": 18.0,
        "self_contained": true,
        "result": "yes",
        "payout": 0.0,
        "pnl": -11.34
      },
      {
        "ticker": "KXBTC15M-26MAR080115-15",
        "first_ts": 1772949902,
        "day": 20520,
        "fills": 1,
        "cash": -9.850000000000001,
        "fees": 0.13,
        "ending_yes": 12.0,
        "ending_no": 0.0,
        "self_contained": true,
        "result": "no",
        "payout": 0.0,
        "pnl": -9.850000000000001
      },
      {
        "ticker": "KXBTC15M-26MAR081930-30",
        "first_ts": 1773012052,
        "day": 20520,
        "fills": 3,
        "cash": -21.45,
        "fees": 0.0,
        "ending_yes": 0.0,
        "ending_no": 39.0,
        "self_contained": true,
        "result": "yes",
        "payout": 0.0,
        "pnl": -21.45
      },
      {
        "ticker": "KXBTC15M-26MAR091700-00",
        "first_ts": 1773089327,
        "day": 20521,
        "fills": 3,
        "cash": -36.0,
        "fees": 0.0,
        "ending_yes": 0.0,
        "ending_no": 48.0,
        "self_contained": true,
        "result": "yes",
        "payout": 0.0,
        "pnl": -36.0
      },
      {
        "ticker": "KXBTC15M-26MAR091800-00",
        "first_ts": 1773093002,
        "day": 20521,
        "fills": 1,
        "cash": -26.560000000000002,
        "fees": 0.8,
        "ending_yes": 0.0,
        "ending_no": 46.0,
        "self_contained": true,
        "result": "yes",
        "payout": 0.0,
        "pnl": -26.560000000000002
      },
      {
        "ticker": "KXBTC15M-26MAR100100-00",
        "first_ts": 1773118561,
        "day": 20522,
        "fills": 1,
        "cash": -15.389999999999999,
        "fees": 0.0,
        "ending_yes": 0.0,
        "ending_no": 27.0,
        "self_contained": true,
        "result": "yes",
        "payout": 0.0,
        "pnl": -15.389999999999999
      },
      {
        "ticker": "KXBTC15M-26MAR100130-30",
        "first_ts": 1773120004,
        "day": 20522,
        "fills": 3,
        "cash": -10.44,
        "fees": 0.29000000000000004,
        "ending_yes": 17.0,
        "ending_no": 0.0,
        "self_contained": true,
        "result": "no",
        "payout": 0.0,
        "pnl": -10.44
      },
      {
        "ticker": "KXBTC15M-26MAR100145-45",
        "first_ts": 1773120903,
        "day": 20522,
        "fills": 2,
        "cash": -11.59,
        "fees": 0.19999999999999998,
        "ending_yes": 15.0,
        "ending_no": 0.0,
        "self_contained": true,
        "result": "no",
        "payout": 0.0,
        "pnl": -11.59
      },
      {
        "ticker": "KXBTC15M-26MAR160215-15",
        "first_ts": 1773641605,
        "day": 20528,
        "fills": 1,
        "cash": -1.0,
        "fees": 0.07,
        "ending_yes": 93.0,
        "ending_no": 0.0,
        "self_contained": true,
        "result": "no",
        "payout": 0.0,
        "pnl": -1.0
      },
      {
        "ticker": "KXBTC15M-26MAR160730-30",
        "first_ts": 1773660003,
        "day": 20528,
        "fills": 1,
        "cash": -74.73,
        "fees": 0.78,
        "ending_yes": 87.0,
        "ending_no": 0.0,
        "self_contained": true,
        "result": "no",
        "payout": 0.0,
        "pnl": -74.73
      },
      {
        "ticker": "KXBTC15M-26MAR160845-45",
        "first_ts": 1773664518,
        "day": 20528,
        "fills": 5,
        "cash": -68.0,
        "fees": 0.0,
        "ending_yes": 100.0,
        "ending_no": 0.0,
        "self_contained": true,
        "result": "no",
        "payout": 0.0,
        "pnl": -68.0
      },
      {
        "ticker": "KXBTC15M-26MAR160900-00",
        "first_ts": 1773665403,
        "day": 20528,
        "fills": 2,
        "cash": -56.730000000000004,
        "fees": 1.63,
        "ending_yes": 0.0,
        "ending_no": 95.0,
        "self_contained": true,
        "result": "yes",
        "payout": 0.0,
        "pnl": -56.730000000000004
      },
      {
        "ticker": "KXBTC15M-26MAR161000-00",
        "first_ts": 1773669009,
        "day": 20528,
        "fills": 2,
        "cash": -67.89999999999999,
        "fees": 0.0,
        "ending_yes": 97.0,
        "ending_no": 0.0,
        "self_contained": true,
        "result": "no",
        "payout": 0.0,
        "pnl": -67.89999999999999
      },
      {
        "ticker": "KXBTC15M-26MAR161215-15",
        "first_ts": 1773677103,
        "day": 20528,
        "fills": 2,
        "cash": -54.66000000000001,
        "fees": 1.75,
        "ending_yes": 0.0,
        "ending_no": 100.0,
        "self_contained": true,
        "result": "yes",
        "payout": 0.0,
        "pnl": -54.66000000000001
      },
      {
        "ticker": "KXBTC15M-26MAR161830-30",
        "first_ts": 1773699602,
        "day": 20528,
        "fills": 1,
        "cash": -56.74000000000001,
        "fees": 1.74,
        "ending_yes": 100.0,
        "ending_no": 0.0,
        "self_contained": true,
        "result": "no",
        "payout": 0.0,
        "pnl": -56.74000000000001
      },
      {
        "ticker": "KXBTC15M-26MAR161845-45",
        "first_ts": 1773700474,
        "day": 20528,
        "fills": 2,
        "cash": -63.629999999999995,
        "fees": 1.6500000000000001,
        "ending_yes": 0.0,
        "ending_no": 100.0,
        "self_contained": true,
        "result": "yes",
        "payout": 0.0,
        "pnl": -63.629999999999995
      },
      {
        "ticker": "KXBTC15M-26MAR161900-00",
        "first_ts": 1773701442,
        "day": 20528,
        "fills": 7,
        "cash": -75.66,
        "fees": 0.0,
        "ending_yes": 97.0,
        "ending_no": 0.0,
        "self_contained": true,
        "result": "no",
        "payout": 0.0,
        "pnl": -75.66
      },
      {
        "ticker": "KXBTC15M-26MAR180715-15",
        "first_ts": 1773831883,
        "day": 20530,
        "fills": 19,
        "cash": -230.47000000000003,
        "fees": 1.92,
        "ending_yes": 6.0,
        "ending_no": 262.0,
        "self_contained": true,
        "result": "yes",
        "payout": 6.0,
        "pnl": -224.47000000000003
      },
      {
        "ticker": "KXBTC15M-26MAR180730-30",
        "first_ts": 1773832804,
        "day": 20530,
        "fills": 2,
        "cash": -38.94,
        "fees": 0.86,
        "ending_yes": 56.0,
        "ending_no": 0.0,
        "self_contained": true,
        "result": "no",
        "payout": 0.0,
        "pnl": -38.94
      },
      {
        "ticker": "KXBTC15M-26MAR180930-30",
        "first_ts": 1773839933,
        "day": 20530,
        "fills": 2,
        "cash": -68.21,
        "fees": 1.4300000000000002,
        "ending_yes": 0.0,
        "ending_no": 96.0,
        "self_contained": true,
        "result": "yes",
        "payout": 0.0,
        "pnl": -68.21
      },
      {
        "ticker": "KXBTC15M-26MAR181030-30",
        "first_ts": 1773843603,
        "day": 20530,
        "fills": 3,
        "cash": -40.94,
        "fees": 0.02,
        "ending_yes": 62.0,
        "ending_no": 0.0,
        "self_contained": true,
        "result": "no",
        "payout": 0.0,
        "pnl": -40.94
      },
      {
        "ticker": "KXBTC15M-26MAR181045-45",
        "first_ts": 1773844504,
        "day": 20530,
        "fills": 1,
        "cash": -33.38,
        "fees": 0.74,
        "ending_yes": 48.0,
        "ending_no": 0.0,
        "self_contained": true,
        "result": "no",
        "payout": 0.0,
        "pnl": -33.38
      },
      {
        "ticker": "KXBTC15M-26MAR181100-00",
        "first_ts": 1773845404,
        "day": 20530,
        "fills": 3,
        "cash": -25.840000000000003,
        "fees": 0.0,
        "ending_yes": 38.0,
        "ending_no": 0.0,
        "self_contained": true,
        "result": "no",
        "payout": 0.0,
        "pnl": -25.840000000000003
      },
      {
        "ticker": "KXBTC15M-26MAR181115-15",
        "first_ts": 1773846304,
        "day": 20530,
        "fills": 1,
        "cash": -20.56,
        "fees": 0.61,
        "ending_yes": 35.0,
        "ending_no": 0.0,
        "self_contained": true,
        "result": "no",
        "payout": 0.0,
        "pnl": -20.56
      },
      {
        "ticker": "KXBTC15M-26MAR181200-00",
        "first_ts": 1773849014,
        "day": 20530,
        "fills": 3,
        "cash": -18.88,
        "fees": 0.0,
        "ending_yes": 0.0,
        "ending_no": 32.0,
        "self_contained": true,
        "result": "yes",
        "payout": 0.0,
        "pnl": -18.88
      },
      {
        "ticker": "KXBTC15M-26MAR181245-45",
        "first_ts": 1773851704,
        "day": 20530,
        "fills": 3,
        "cash": -16.0,
        "fees": 0.0,
        "ending_yes": 0.0,
        "ending_no": 20.0,
        "self_contained": true,
        "result": "yes",
        "payout": 0.0,
        "pnl": -16.0
      },
      {
        "ticker": "KXBTC15M-26MAR181345-45",
        "first_ts": 1773855303,
        "day": 20530,
        "fills": 1,
        "cash": -16.36,
        "fees": 0.55,
        "ending_yes": 0.0,
        "ending_no": 31.0,
        "self_contained": true,
        "result": "yes",
        "payout": 0.0,
        "pnl": -16.36
      },
      {
        "ticker": "KXBTC15M-26MAR181530-30",
        "first_ts": 1773861603,
        "day": 20530,
        "fills": 1,
        "cash": -17.62,
        "fees": 0.34,
        "ending_yes": 24.0,
        "ending_no": 0.0,
        "self_contained": true,
        "result": "no",
        "payout": 0.0,
        "pnl": -17.62
      },
      {
        "ticker": "KXBTC15M-26MAR181730-30",
        "first_ts": 1773868845,
        "day": 20530,
        "fills": 2,
        "cash": -23.400000000000002,
        "fees": 0.0,
        "ending_yes": 39.0,
        "ending_no": 0.0,
        "self_contained": true,
        "result": "no",
        "payout": 0.0,
        "pnl": -23.400000000000002
      },
      {
        "ticker": "KXBTC15M-26MAR181745-45",
        "first_ts": 1773869724,
        "day": 20530,
        "fills": 1,
        "cash": -18.48,
        "fees": 0.0,
        "ending_yes": 0.0,
        "ending_no": 24.0,
        "self_contained": true,
        "result": "yes",
        "payout": 0.0,
        "pnl": -18.48
      },
      {
        "ticker": "KXBTC15M-26MAR181930-30",
        "first_ts": 1773876003,
        "day": 20530,
        "fills": 1,
        "cash": -22.029999999999998,
        "fees": 0.43,
        "ending_yes": 0.0,
        "ending_no": 30.0,
        "self_contained": true,
        "result": "yes",
        "payout": 0.0,
        "pnl": -22.029999999999998
      },
      {
        "ticker": "KXBTC15M-26MAR182000-00",
        "first_ts": 1773877804,
        "day": 20530,
        "fills": 1,
        "cash": -17.46,
        "fees": 0.45,
        "ending_yes": 27.0,
        "ending_no": 0.0,
        "self_contained": true,
        "result": "no",
        "payout": 0.0,
        "pnl": -17.46
      },
      {
        "ticker": "KXBTC15M-26MAR182015-15",
        "first_ts": 1773878723,
        "day": 20531,
        "fills": 1,
        "cash": -14.75,
        "fees": 0.0,
        "ending_yes": 25.0,
        "ending_no": 0.0,
        "self_contained": true,
        "result": "no",
        "payout": 0.0,
        "pnl": -14.75
      },
      {
        "ticker": "KXBTC15M-26MAR182030-30",
        "first_ts": 1773879604,
        "day": 20531,
        "fills": 1,
        "cash": -11.72,
        "fees": 0.32,
        "ending_yes": 0.0,
        "ending_no": 19.0,
        "self_contained": true,
        "result": "yes",
        "payout": 0.0,
        "pnl": -11.72
      },
      {
        "ticker": "KXBTC15M-26MAR182145-45",
        "first_ts": 1773884185,
        "day": 20531,
        "fills": 2,
        "cash": -10.11,
        "fees": 0.3,
        "ending_yes": 17.0,
        "ending_no": 0.0,
        "self_contained": true,
        "result": "yes",
        "payout": 17.0,
        "pnl": 6.890000000000001
      },
      {
        "ticker": "KXBTC15M-26MAR212345-45",
        "first_ts": 1774150856,
        "day": 20534,
        "fills": 2,
        "cash": -24.86,
        "fees": 0.22,
        "ending_yes": 0.0,
        "ending_no": 28.0,
        "self_contained": true,
        "result": "no",
        "payout": 28.0,
        "pnl": 3.1400000000000006
      },
      {
        "ticker": "KXBTC15M-26MAR220015-15",
        "first_ts": 1774152409,
        "day": 20534,
        "fills": 4,
        "cash": -51.300000000000004,
        "fees": 0.34,
        "ending_yes": 56.0,
        "ending_no": 0.0,
        "self_contained": true,
        "result": "yes",
        "payout": 56.0,
        "pnl": 4.699999999999996
      },
      {
        "ticker": "KXBTC15M-26MAR220030-30",
        "first_ts": 1774153318,
        "day": 20534,
        "fills": 5,
        "cash": -63.089999999999996,
        "fees": 0.237,
        "ending_yes": 0.0,
        "ending_no": 66.0,
        "self_contained": true,
        "result": "no",
        "payout": 66.0,
        "pnl": 2.9100000000000037
      },
      {
        "ticker": "KXBTC15M-26MAR220045-45",
        "first_ts": 1774154418,
        "day": 20534,
        "fills": 3,
        "cash": -24.290000000000003,
        "fees": 0.123,
        "ending_yes": 26.0,
        "ending_no": 0.0,
        "self_contained": true,
        "result": "yes",
        "payout": 26.0,
        "pnl": 1.7099999999999973
      },
      {
        "ticker": "KXBTC15M-26MAR220115-15",
        "first_ts": 1774156103,
        "day": 20534,
        "fills": 6,
        "cash": -75.44,
        "fees": 0.32800000000000007,
        "ending_yes": 0.0,
        "ending_no": 80.0,
        "self_contained": true,
        "result": "no",
        "payout": 80.0,
        "pnl": 4.560000000000002
      },
      {
        "ticker": "KXBTC15M-26MAR220130-30",
        "first_ts": 1774157203,
        "day": 20534,
        "fills": 2,
        "cash": -24.84,
        "fees": 0.088,
        "ending_yes": 0.0,
        "ending_no": 26.0,
        "self_contained": true,
        "result": "no",
        "payout": 26.0,
        "pnl": 1.1600000000000001
      },
      {
        "ticker": "KXBTC15M-26MAR220200-00",
        "first_ts": 1774158991,
        "day": 20534,
        "fills": 2,
        "cash": -25.019999999999996,
        "fees": 0.086,
        "ending_yes": 0.0,
        "ending_no": 26.0,
        "self_contained": true,
        "result": "no",
        "payout": 26.0,
        "pnl": 0.980000000000004
      },
      {
        "ticker": "KXBTC15M-26MAR220215-15",
        "first_ts": 1774159692,
        "day": 20534,
        "fills": 4,
        "cash": -49.519999999999996,
        "fees": 0.19799999999999998,
        "ending_yes": 0.0,
        "ending_no": 52.0,
        "self_contained": true,
        "result": "no",
        "payout": 52.0,
        "pnl": 2.480000000000004
      },
      {
        "ticker": "KXBTC15M-26MAR220400-00",
        "first_ts": 1774165971,
        "day": 20534,
        "fills": 3,
        "cash": -36.68000000000001,
        "fees": 0.24000000000000002,
        "ending_yes": 40.0,
        "ending_no": 0.0,
        "self_contained": true,
        "result": "no",
        "payout": 0.0,
        "pnl": -36.68000000000001
      },
      {
        "ticker": "KXBTC15M-26MAR220415-15",
        "first_ts": 1774166705,
        "day": 20534,
        "fills": 5,
        "cash": -23.56,
        "fees": 0.46,
        "ending_yes": 0.0,
        "ending_no": 32.0,
        "self_contained": true,
        "result": "yes",
        "payout": 0.0,
        "pnl": -23.56
      },
      {
        "ticker": "KXBTC15M-26MAR220445-45",
        "first_ts": 1774168527,
        "day": 20534,
        "fills": 1,
        "cash": -4.9399999999999995,
        "fees": 0.14,
        "ending_yes": 0.0,
        "ending_no": 8.0,
        "self_contained": true,
        "result": "yes",
        "payout": 0.0,
        "pnl": -4.9399999999999995
      },
      {
        "ticker": "KXBTC15M-26MAR220745-45",
        "first_ts": 1774179622,
        "day": 20534,
        "fills": 1,
        "cash": -11.070000000000002,
        "fees": 0.066,
        "ending_yes": 12.0,
        "ending_no": 0.0,
        "self_contained": true,
        "result": "no",
        "payout": 0.0,
        "pnl": -11.070000000000002
      },
      {
        "ticker": "KXBTC15M-26MAR221730-30",
        "first_ts": 1774214405,
        "day": 20534,
        "fills": 1,
        "cash": -27.73,
        "fees": 0.16,
        "ending_yes": 0.0,
        "ending_no": 30.0,
        "self_contained": true,
        "result": "yes",
        "payout": 0.0,
        "pnl": -27.73
      },
      {
        "ticker": "KXBTC15M-26MAR222045-45",
        "first_ts": 1774225824,
        "day": 20535,
        "fills": 4,
        "cash": -9.86,
        "fees": 0.30000000000000004,
        "ending_yes": 0.0,
        "ending_no": 17.0,
        "self_contained": true,
        "result": "no",
        "payout": 17.0,
        "pnl": 7.140000000000001
      },
      {
        "ticker": "KXBTC15M-26MAR222100-00",
        "first_ts": 1774227086,
        "day": 20535,
        "fills": 2,
        "cash": -16.75,
        "fees": 0.25,
        "ending_yes": 21.0,
        "ending_no": 0.0,
        "self_contained": true,
        "result": "no",
        "payout": 0.0,
        "pnl": -16.75
      },
      {
        "ticker": "KXBTC15M-26MAR222215-15",
        "first_ts": 1774231845,
        "day": 20535,
        "fills": 1,
        "cash": -4.25,
        "fees": 0.05,
        "ending_yes": 5.0,
        "ending_no": 0.0,
        "self_contained": true,
        "result": "no",
        "payout": 0.0,
        "pnl": -4.25
      },
      {
        "ticker": "KXBTC15M-26APR071645-45",
        "first_ts": 1775594543,
        "day": 20550,
        "fills": 1,
        "cash": -15.420000000000002,
        "fees": 0.22,
        "ending_yes": 0.0,
        "ending_no": 19.0,
        "self_contained": true,
        "result": "no",
        "payout": 19.0,
        "pnl": 3.5799999999999983
      }
    ]
  },
  "source_independent_buy_hold": {
    "fill_rows": 2690,
    "unique_tickers": 446,
    "pnl": -3510.7333000000012,
    "fees": 847.7132999999975,
    "wins": 1791,
    "losses": 899,
    "first_time": "2026-02-04T01:09:56.245076+00:00",
    "last_time": "2026-04-07T20:42:23.456228+00:00"
  },
  "readme_147_apr19_22_publicly_auditable": false,
  "readme_mismatch_reason": "The public analysis rows end on 2026-04-07, before the claimed 2026-04-19 through 2026-04-22 147-fill filter sample."
}
