{
  "preregistration": "PREREG_external_sentient_markov_oos_20261006.md",
  "source_commit": "bfbf470f49cc7585f59fde02f4501da0ae480e37",
  "markets": 2105,
  "spot_5m_bars": 6385,
  "spot_15m_bars": 2127,
  "same_bar_governing": {
    "trades": 192,
    "wins": 102,
    "losses": 90,
    "mean_c": -6.562500000000002,
    "lo95_c": -12.732485540652322,
    "halves_c": [
      -7.875,
      -5.250000000000003
    ],
    "extra_1c_stress_c": -7.562500000000002,
    "mean_ex_best_10pct_days_c": -10.423312883435583,
    "max_day_gross_positive_share": 0.08846555323590817,
    "actual_no_ask_above_92c": 0,
    "rows": [
      {
        "side": "yes",
        "minute": 6,
        "entry": 0.71,
        "p_yes": 0.8321787893089124,
        "persist": 1.0,
        "spot": 77895.6,
        "dist_pct": 0.13616202046339926,
        "gk_vol": 0.0017180755437550205,
        "hurst": 0.5310627539866503,
        "ticker": "KXBTC15M-26SEP140830-30",
        "t0": 1789388100,
        "day": 20710,
        "result": "yes",
        "pnl": 0.27
      },
      {
        "side": "yes",
        "minute": 5,
        "entry": 0.67,
        "p_yes": 0.7221411094217709,
        "persist": 1.0,
        "spot": 77734.24,
        "dist_pct": 0.08332741080413676,
        "gk_vol": 0.0018965092985424293,
        "hurst": 0.7567478752153393,
        "ticker": "KXBTC15M-26SEP140930-30",
        "t0": 1789391700,
        "day": 20710,
        "result": "yes",
        "pnl": 0.30999999999999994
      },
      {
        "side": "yes",
        "minute": 7,
        "entry": 0.7,
        "p_yes": 0.997640061928003,
        "persist": 1.0,
        "spot": 78413.66,
        "dist_pct": 0.39959504015091696,
        "gk_vol": 0.0020243256384150743,
        "hurst": 0.5538413837788451,
        "ticker": "KXBTC15M-26SEP141000-00",
        "t0": 1789393500,
        "day": 20710,
        "result": "yes",
        "pnl": 0.28
      },
      {
        "side": "yes",
        "minute": 6,
        "entry": 0.7,
        "p_yes": 0.9647035517728595,
        "persist": 1.0,
        "spot": 78388.58,
        "dist_pct": 0.25570207440594966,
        "gk_vol": 0.0020430920100425005,
        "hurst": 0.5409797651972588,
        "ticker": "KXBTC15M-26SEP141015-15",
        "t0": 1789394400,
        "day": 20710,
        "result": "yes",
        "pnl": 0.28
      },
      {
        "side": "yes",
        "minute": 6,
        "entry": 0.6,
        "p_yes": 0.9073833478222662,
        "persist": 1.0,
        "spot": 78628.29,
        "dist_pct": 0.18735685275144523,
        "gk_vol": 0.0020911723930528404,
        "hurst": 0.535971705647448,
        "ticker": "KXBTC15M-26SEP141030-30",
        "t0": 1789395300,
        "day": 20710,
        "result": "no",
        "pnl": -0.62
      },
      {
        "side": "yes",
        "minute": 7,
        "entry": 0.69,
        "p_yes": 0.9510021582913201,
        "persist": 0.9921259842519685,
        "spot": 78562.72,
        "dist_pct": 0.24285338242205162,
        "gk_vol": 0.0023104194960404936,
        "hurst": 0.5527963339494648,
        "ticker": "KXBTC15M-26SEP141045-45",
        "t0": 1789396200,
        "day": 20710,
        "result": "no",
        "pnl": -0.71
      },
      {
        "side": "yes",
        "minute": 3,
        "entry": 0.67,
        "p_yes": 0.6781102549234546,
        "persist": 0.9922480620155039,
        "spot": 78407.63,
        "dist_pct": 0.06978677892792495,
        "gk_vol": 0.00245208529506616,
        "hurst": 0.5967976257134062,
        "ticker": "KXBTC15M-26SEP141100-00",
        "t0": 1789397100,
        "day": 20710,
        "result": "yes",
        "pnl": 0.30999999999999994
      },
      {
        "side": "no",
        "minute": 7,
        "entry": 0.52,
        "p_yes": 0.026209647699176053,
        "persist": 0.9924812030075187,
        "spot": 78303.28,
        "dist_pct": -0.27850804048854394,
        "gk_vol": 0.0024838750681758807,
        "hurst": 0.5455481815352882,
        "ticker": "KXBTC15M-26SEP141115-15",
        "t0": 1789398000,
        "day": 20710,
        "result": "no",
        "pnl": 0.45999999999999996
      },
      {
        "side": "no",
        "minute": 11,
        "entry": 0.36,
        "p_yes": 0.3802772075522881,
        "persist": 0.9960159362549801,
        "spot": 77941.02,
        "dist_pct": -0.030475299231261552,
        "gk_vol": 0.0015484366909670653,
        "hurst": 0.7289383607239641,
        "ticker": "KXBTC15M-26SEP142100-00",
        "t0": 1789433100,
        "day": 20711,
        "result": "no",
        "pnl": 0.62
      },
      {
        "side": "yes",
        "minute": 5,
        "entry": 0.71,
        "p_yes": 0.6472476662531742,
        "persist": 0.99609375,
        "spot": 77851.93,
        "dist_pct": 0.055507903096731516,
        "gk_vol": 0.0013753641700030238,
        "hurst": 0.7405704580637847,
        "ticker": "KXBTC15M-26SEP142130-30",
        "t0": 1789434900,
        "day": 20711,
        "result": "yes",
        "pnl": 0.27
      },
      {
        "side": "yes",
        "minute": 5,
        "entry": 0.68,
        "p_yes": 0.6899675552578084,
        "persist": 0.9961832061068703,
        "spot": 78048.14,
        "dist_pct": 0.07234101261005432,
        "gk_vol": 0.0013969422257461147,
        "hurst": 0.7186941016850975,
        "ticker": "KXBTC15M-26SEP142200-00",
        "t0": 1789436700,
        "day": 20711,
        "result": "no",
        "pnl": -0.7000000000000001
      },
      {
        "side": "yes",
        "minute": 8,
        "entry": 0.53,
        "p_yes": 0.8338969990604228,
        "persist": 0.9965397923875432,
        "spot": 77719.46,
        "dist_pct": 0.09696800158982721,
        "gk_vol": 0.0012025161210072323,
        "hurst": 0.5254158289728129,
        "ticker": "KXBTC15M-26SEP150015-15",
        "t0": 1789444800,
        "day": 20711,
        "result": "no",
        "pnl": -0.55
      },
      {
        "side": "no",
        "minute": 12,
        "entry": 0.35,
        "p_yes": 0.2443160166298357,
        "persist": 0.9967532467532467,
        "spot": 77391.98,
        "dist_pct": -0.0692485991136291,
        "gk_vol": 0.0012504917212044738,
        "hurst": 0.6710225338459365,
        "ticker": "KXBTC15M-26SEP150145-45",
        "t0": 1789450200,
        "day": 20711,
        "result": "yes",
        "pnl": -0.37
      },
      {
        "side": "yes",
        "minute": 6,
        "entry": 0.68,
        "p_yes": 0.7672309130394886,
        "persist": 0.9968051118210862,
        "spot": 77700.83,
        "dist_pct": 0.10542521805228326,
        "gk_vol": 0.0012601052108477658,
        "hurst": 0.5306308916366659,
        "ticker": "KXBTC15M-26SEP150215-15",
        "t0": 1789452000,
        "day": 20711,
        "result": "no",
        "pnl": -0.7000000000000001
      },
      {
        "side": "yes",
        "minute": 8,
        "entry": 0.72,
        "p_yes": 0.8061366103325761,
        "persist": 0.9971830985915493,
        "spot": 76940.76,
        "dist_pct": 0.08637470282678669,
        "gk_vol": 0.001392003304546448,
        "hurst": 0.5120996394945296,
        "ticker": "KXBTC15M-26SEP150545-45",
        "t0": 1789464600,
        "day": 20711,
        "result": "yes",
        "pnl": 0.26
      },
      {
        "side": "yes",
        "minute": 6,
        "entry": 0.7,
        "p_yes": 0.7186310167252674,
        "persist": 0.9972067039106145,
        "spot": 77006.24,
        "dist_pct": 0.08359552244083197,
        "gk_vol": 0.0013725915331122122,
        "hurst": 0.5820983540693669,
        "ticker": "KXBTC15M-26SEP150600-00",
        "t0": 1789465500,
        "day": 20711,
        "result": "yes",
        "pnl": 0.28
      },
      {
        "side": "yes",
        "minute": 8,
        "entry": 0.68,
        "p_yes": 0.896639469141514,
        "persist": 0.9972972972972973,
        "spot": 77087.09,
        "dist_pct": 0.12626334785817545,
        "gk_vol": 0.001391371669072409,
        "hurst": 0.5097935059813471,
        "ticker": "KXBTC15M-26SEP150700-00",
        "t0": 1789469100,
        "day": 20711,
        "result": "yes",
        "pnl": 0.29999999999999993
      },
      {
        "side": "yes",
        "minute": 8,
        "entry": 0.72,
        "p_yes": 0.6224645736899412,
        "persist": 0.9974226804123711,
        "spot": 76924.81,
        "dist_pct": 0.031196026258225446,
        "gk_vol": 0.0013027875534760733,
        "hurst": 0.5904618908530471,
        "ticker": "KXBTC15M-26SEP150830-30",
        "t0": 1789474500,
        "day": 20711,
        "result": "no",
        "pnl": -0.74
      },
      {
        "side": "yes",
        "minute": 5,
        "entry": 0.71,
        "p_yes": 0.706387079942693,
        "persist": 0.9974619289340102,
        "spot": 76968.85,
        "dist_pct": 0.0783137182802272,
        "gk_vol": 0.001263748112638994,
        "hurst": 0.639744473676467,
        "ticker": "KXBTC15M-26SEP150900-00",
        "t0": 1789476300,
        "day": 20711,
        "result": "yes",
        "pnl": 0.27
      },
      {
        "side": "no",
        "minute": 6,
        "entry": 0.62,
        "p_yes": 0.3563961743179013,
        "persist": 0.9975,
        "spot": 76907.44,
        "dist_pct": -0.051619838860850954,
        "gk_vol": 0.00142572676672825,
        "hurst": 0.6693183736124713,
        "ticker": "KXBTC15M-26SEP150930-30",
        "t0": 1789478100,
        "day": 20711,
        "result": "no",
        "pnl": 0.36
      },
      {
        "side": "yes",
        "minute": 8,
        "entry": 0.4,
        "p_yes": 0.6559668577909575,
        "persist": 0.9872611464968153,
        "spot": 75775.01,
        "dist_pct": 0.04014807656253903,
        "gk_vol": 0.0019538944708176026,
        "hurst": 0.558796830013023,
        "ticker": "KXBTC15M-26SEP152100-00",
        "t0": 1789519500,
        "day": 20712,
        "result": "no",
        "pnl": -0.42000000000000004
      },
      {
        "side": "yes",
        "minute": 7,
        "entry": 0.61,
        "p_yes": 0.6922250446616359,
        "persist": 0.9872611464968153,
        "spot": 75886.28,
        "dist_pct": 0.07400749253330778,
        "gk_vol": 0.0016981638423256284,
        "hurst": 0.5176586995846971,
        "ticker": "KXBTC15M-26SEP152315-15",
        "t0": 1789527600,
        "day": 20712,
        "result": "yes",
        "pnl": 0.37
      },
      {
        "side": "yes",
        "minute": 12,
        "entry": 0.71,
        "p_yes": 0.8499557940483586,
        "persist": 0.9872611464968153,
        "spot": 75968.11,
        "dist_pct": 0.10362438952334152,
        "gk_vol": 0.00170223303790605,
        "hurst": 0.6221168861297967,
        "ticker": "KXBTC15M-26SEP152330-30",
        "t0": 1789528500,
        "day": 20712,
        "result": "no",
        "pnl": -0.73
      },
      {
        "side": "no",
        "minute": 6,
        "entry": 0.5,
        "p_yes": 0.31190247859628406,
        "persist": 0.9872611464968153,
        "spot": 75772.3,
        "dist_pct": -0.07228285503693557,
        "gk_vol": 0.0016466215615627575,
        "hurst": 0.7098144357889119,
        "ticker": "KXBTC15M-26SEP160030-30",
        "t0": 1789532100,
        "day": 20712,
        "result": "yes",
        "pnl": -0.52
      },
      {
        "side": "yes",
        "minute": 6,
        "entry": 0.72,
        "p_yes": 0.7313748492706462,
        "persist": 0.9872611464968153,
        "spot": 75810.44,
        "dist_pct": 0.09092761082189785,
        "gk_vol": 0.0016727071196412917,
        "hurst": 0.8628302342096172,
        "ticker": "KXBTC15M-26SEP160130-30",
        "t0": 1789535700,
        "day": 20712,
        "result": "yes",
        "pnl": 0.26
      },
      {
        "side": "yes",
        "minute": 6,
        "entry": 0.66,
        "p_yes": 0.6770940887239892,
        "persist": 0.989406779661017,
        "spot": 75903.21,
        "dist_pct": 0.06653681857768244,
        "gk_vol": 0.0013428584162961368,
        "hurst": 0.8191095794136914,
        "ticker": "KXBTC15M-26SEP160300-00",
        "t0": 1789541100,
        "day": 20712,
        "result": "yes",
        "pnl": 0.31999999999999995
      },
      {
        "side": "no",
        "minute": 6,
        "entry": 0.63,
        "p_yes": 0.35238577648534986,
        "persist": 0.989406779661017,
        "spot": 75749.73,
        "dist_pct": -0.05620621506161088,
        "gk_vol": 0.0013764018754929054,
        "hurst": 0.746489605757239,
        "ticker": "KXBTC15M-26SEP160330-30",
        "t0": 1789542900,
        "day": 20712,
        "result": "no",
        "pnl": 0.35
      },
      {
        "side": "yes",
        "minute": 6,
        "entry": 0.53,
        "p_yes": 0.6999213700777858,
        "persist": 0.989406779661017,
        "spot": 75802.91,
        "dist_pct": 0.07599146350237694,
        "gk_vol": 0.0013249530136583538,
        "hurst": 0.7381555953928803,
        "ticker": "KXBTC15M-26SEP160400-00",
        "t0": 1789544700,
        "day": 20712,
        "result": "no",
        "pnl": -0.55
      },
      {
        "side": "yes",
        "minute": 11,
        "entry": 0.69,
        "p_yes": 0.6466605144866392,
        "persist": 0.989406779661017,
        "spot": 75947.96,
        "dist_pct": 0.03763201996223492,
        "gk_vol": 0.0015229725956939892,
        "hurst": 0.5751693400229051,
        "ticker": "KXBTC15M-26SEP160615-15",
        "t0": 1789552800,
        "day": 20712,
        "result": "no",
        "pnl": -0.71
      },
      {
        "side": "yes",
        "minute": 8,
        "entry": 0.58,
        "p_yes": 0.7865979443543183,
        "persist": 0.989406779661017,
        "spot": 75940.65,
        "dist_pct": 0.07946721384388496,
        "gk_vol": 0.0015363319462777438,
        "hurst": 0.8289216029419555,
        "ticker": "KXBTC15M-26SEP160630-30",
        "t0": 1789553700,
        "day": 20712,
        "result": "yes",
        "pnl": 0.4
      },
      {
        "side": "yes",
        "minute": 5,
        "entry": 0.65,
        "p_yes": 0.6334596538432145,
        "persist": 0.989406779661017,
        "spot": 76224.87,
        "dist_pct": 0.04918136069743969,
        "gk_vol": 0.001483011830198689,
        "hurst": 0.5950305432524083,
        "ticker": "KXBTC15M-26SEP160815-15",
        "t0": 1789560000,
        "day": 20712,
        "result": "no",
        "pnl": -0.67
      },
      {
        "side": "yes",
        "minute": 5,
        "entry": 0.71,
        "p_yes": 0.6842744413191284,
        "persist": 0.989406779661017,
        "spot": 75960.78,
        "dist_pct": 0.06947880619761128,
        "gk_vol": 0.0014332177025978077,
        "hurst": 0.8633783836027004,
        "ticker": "KXBTC15M-26SEP160900-00",
        "t0": 1789562700,
        "day": 20712,
        "result": "no",
        "pnl": -0.73
      },
      {
        "side": "yes",
        "minute": 5,
        "entry": 0.7,
        "p_yes": 0.7713125173071929,
        "persist": 0.989406779661017,
        "spot": 75796.23,
        "dist_pct": 0.10805075175904098,
        "gk_vol": 0.0015669414667782873,
        "hurst": 0.8555109493745553,
        "ticker": "KXBTC15M-26SEP161000-00",
        "t0": 1789566300,
        "day": 20712,
        "result": "no",
        "pnl": -0.72
      },
      {
        "side": "no",
        "minute": 6,
        "entry": 0.49,
        "p_yes": 0.21356395183136073,
        "persist": 0.989406779661017,
        "spot": 75498.72,
        "dist_pct": -0.11699078480931352,
        "gk_vol": 0.0017248500359643673,
        "hurst": 0.537076817285109,
        "ticker": "KXBTC15M-26SEP161015-15",
        "t0": 1789567200,
        "day": 20712,
        "result": "no",
        "pnl": 0.49
      },
      {
        "side": "yes",
        "minute": 5,
        "entry": 0.69,
        "p_yes": 0.6846747032511584,
        "persist": 0.989406779661017,
        "spot": 75651.81,
        "dist_pct": 0.06964363096097123,
        "gk_vol": 0.0019897403009613065,
        "hurst": 0.5205868157411567,
        "ticker": "KXBTC15M-26SEP161115-15",
        "t0": 1789570800,
        "day": 20712,
        "result": "yes",
        "pnl": 0.29000000000000004
      },
      {
        "side": "no",
        "minute": 7,
        "entry": 0.48,
        "p_yes": 0.23845059999520163,
        "persist": 0.989406779661017,
        "spot": 75626.16,
        "dist_pct": -0.1048668162373821,
        "gk_vol": 0.0020612051291130857,
        "hurst": 0.6006403238690291,
        "ticker": "KXBTC15M-26SEP161130-30",
        "t0": 1789571700,
        "day": 20712,
        "result": "no",
        "pnl": 0.5
      },
      {
        "side": "no",
        "minute": 6,
        "entry": 0.35,
        "p_yes": 0.380490024651821,
        "persist": 0.9807280513918629,
        "spot": 76124.67,
        "dist_pct": -0.0464810497154332,
        "gk_vol": 0.001644176545928651,
        "hurst": 0.6031391979742889,
        "ticker": "KXBTC15M-26SEP170045-45",
        "t0": 1789619400,
        "day": 20713,
        "result": "yes",
        "pnl": -0.37
      },
      {
        "side": "no",
        "minute": 9,
        "entry": 0.65,
        "p_yes": 0.34050047772670433,
        "persist": 0.9807280513918629,
        "spot": 76373.78,
        "dist_pct": -0.04110977277852917,
        "gk_vol": 0.0017272333524278975,
        "hurst": 0.6691106220928648,
        "ticker": "KXBTC15M-26SEP170130-30",
        "t0": 1789622100,
        "day": 20713,
        "result": "yes",
        "pnl": -0.67
      },
      {
        "side": "no",
        "minute": 6,
        "entry": 0.3299999999999999,
        "p_yes": 0.3584157387652461,
        "persist": 0.9872340425531915,
        "spot": 76580.82,
        "dist_pct": -0.05345738509336621,
        "gk_vol": 0.0011850268235647874,
        "hurst": 0.7383069748954251,
        "ticker": "KXBTC15M-26SEP170530-30",
        "t0": 1789636500,
        "day": 20713,
        "result": "yes",
        "pnl": -0.3499999999999999
      },
      {
        "side": "no",
        "minute": 6,
        "entry": 0.38,
        "p_yes": 0.36537823119714513,
        "persist": 0.9915074309978769,
        "spot": 76258.79,
        "dist_pct": -0.05004130570323771,
        "gk_vol": 0.0012121308831748348,
        "hurst": 0.5121382744679195,
        "ticker": "KXBTC15M-26SEP170645-45",
        "t0": 1789641000,
        "day": 20713,
        "result": "no",
        "pnl": 0.6
      },
      {
        "side": "no",
        "minute": 6,
        "entry": 0.49,
        "p_yes": 0.3666216214588972,
        "persist": 0.9915611814345991,
        "spot": 76225.22,
        "dist_pct": -0.04955220099494315,
        "gk_vol": 0.0012171674042543406,
        "hurst": 0.6131125416788398,
        "ticker": "KXBTC15M-26SEP170700-00",
        "t0": 1789641900,
        "day": 20713,
        "result": "yes",
        "pnl": -0.51
      },
      {
        "side": "yes",
        "minute": 5,
        "entry": 0.67,
        "p_yes": 0.7206616979084881,
        "persist": 0.991578947368421,
        "spot": 76974.51,
        "dist_pct": 0.08502242646905779,
        "gk_vol": 0.0013319381479298543,
        "hurst": 0.8891384837787146,
        "ticker": "KXBTC15M-26SEP170845-45",
        "t0": 1789648200,
        "day": 20713,
        "result": "no",
        "pnl": -0.6900000000000001
      },
      {
        "side": "no",
        "minute": 7,
        "entry": 0.5900000000000001,
        "p_yes": 0.13518633681738523,
        "persist": 0.991578947368421,
        "spot": 76709.6,
        "dist_pct": -0.16024422928147714,
        "gk_vol": 0.001470705434335186,
        "hurst": 0.5585685642586234,
        "ticker": "KXBTC15M-26SEP170900-00",
        "t0": 1789649100,
        "day": 20713,
        "result": "no",
        "pnl": 0.3899999999999999
      },
      {
        "side": "yes",
        "minute": 6,
        "entry": 0.67,
        "p_yes": 0.7863279799182621,
        "persist": 0.991578947368421,
        "spot": 76779.16,
        "dist_pct": 0.11539866784299416,
        "gk_vol": 0.001483124415049406,
        "hurst": 0.8404055281110956,
        "ticker": "KXBTC15M-26SEP170915-15",
        "t0": 1789650000,
        "day": 20713,
        "result": "no",
        "pnl": -0.6900000000000001
      },
      {
        "side": "yes",
        "minute": 8,
        "entry": 0.42,
        "p_yes": 0.640568105307554,
        "persist": 0.989451476793249,
        "spot": 76532.24,
        "dist_pct": 0.03599778837118262,
        "gk_vol": 0.0016666683690786776,
        "hurst": 0.8141968295409843,
        "ticker": "KXBTC15M-26SEP171545-45",
        "t0": 1789673400,
        "day": 20713,
        "result": "yes",
        "pnl": 0.56
      },
      {
        "side": "no",
        "minute": 6,
        "entry": 0.4,
        "p_yes": 0.3721795854400414,
        "persist": 0.989451476793249,
        "spot": 76490.78,
        "dist_pct": -0.04699011090764666,
        "gk_vol": 0.0014833861915381067,
        "hurst": 0.6682527973330666,
        "ticker": "KXBTC15M-26SEP171600-00",
        "t0": 1789674300,
        "day": 20713,
        "result": "yes",
        "pnl": -0.42000000000000004
      },
      {
        "side": "yes",
        "minute": 6,
        "entry": 0.68,
        "p_yes": 0.6468568011955136,
        "persist": 0.989451476793249,
        "spot": 76684.04,
        "dist_pct": 0.05589682833775633,
        "gk_vol": 0.001135816565243435,
        "hurst": 0.5399787570801409,
        "ticker": "KXBTC15M-26SEP172200-00",
        "t0": 1789695900,
        "day": 20714,
        "result": "yes",
        "pnl": 0.29999999999999993
      },
      {
        "side": "yes",
        "minute": 5,
        "entry": 0.71,
        "p_yes": 0.7046980082248298,
        "persist": 0.989451476793249,
        "spot": 77340.18,
        "dist_pct": 0.07947850094902954,
        "gk_vol": 0.0014082417296089516,
        "hurst": 0.7553662214901735,
        "ticker": "KXBTC15M-26SEP180000-00",
        "t0": 1789703100,
        "day": 20714,
        "result": "yes",
        "pnl": 0.27
      },
      {
        "side": "yes",
        "minute": 8,
        "entry": 0.46,
        "p_yes": 0.6517579435822942,
        "persist": 0.989451476793249,
        "spot": 77272.47,
        "dist_pct": 0.039007104134862636,
        "gk_vol": 0.0014562849689628453,
        "hurst": 0.7146328168062686,
        "ticker": "KXBTC15M-26SEP180030-30",
        "t0": 1789704900,
        "day": 20714,
        "result": "no",
        "pnl": -0.48000000000000004
      },
      {
        "side": "no",
        "minute": 6,
        "entry": 0.23,
        "p_yes": 0.3712111890572187,
        "persist": 0.989451476793249,
        "spot": 77172.4,
        "dist_pct": -0.04736496290522589,
        "gk_vol": 0.0014285771914556071,
        "hurst": 0.5090721778429868,
        "ticker": "KXBTC15M-26SEP180045-45",
        "t0": 1789705800,
        "day": 20714,
        "result": "yes",
        "pnl": -0.25
      },
      {
        "side": "yes",
        "minute": 5,
        "entry": 0.72,
        "p_yes": 0.7559928825998289,
        "persist": 0.989451476793249,
        "spot": 77602.68,
        "dist_pct": 0.10224007145194931,
        "gk_vol": 0.0016594049172777006,
        "hurst": 0.5040120818548766,
        "ticker": "KXBTC15M-26SEP180315-15",
        "t0": 1789714800,
        "day": 20714,
        "result": "yes",
        "pnl": 0.26
      },
      {
        "side": "no",
        "minute": 7,
        "entry": 0.62,
        "p_yes": 0.24925486462509583,
        "persist": 0.989451476793249,
        "spot": 77683.24,
        "dist_pct": -0.09832856865444678,
        "gk_vol": 0.0015761389135372,
        "hurst": 0.793786193511633,
        "ticker": "KXBTC15M-26SEP180400-00",
        "t0": 1789717500,
        "day": 20714,
        "result": "no",
        "pnl": 0.36
      },
      {
        "side": "no",
        "minute": 9,
        "entry": 0.63,
        "p_yes": 0.35392289091805873,
        "persist": 0.989451476793249,
        "spot": 78262.65,
        "dist_pct": -0.03747509802728358,
        "gk_vol": 0.0017598340053432543,
        "hurst": 0.5974082118090761,
        "ticker": "KXBTC15M-26SEP180530-30",
        "t0": 1789722900,
        "day": 20714,
        "result": "no",
        "pnl": 0.35
      },
      {
        "side": "yes",
        "minute": 5,
        "entry": 0.7,
        "p_yes": 0.642899909866049,
        "persist": 0.989451476793249,
        "spot": 78030.88,
        "dist_pct": 0.0543413451983365,
        "gk_vol": 0.0017334418726986994,
        "hurst": 0.5010888722644233,
        "ticker": "KXBTC15M-26SEP180600-00",
        "t0": 1789724700,
        "day": 20714,
        "result": "yes",
        "pnl": 0.28
      },
      {
        "side": "yes",
        "minute": 5,
        "entry": 0.67,
        "p_yes": 0.670509206385011,
        "persist": 0.9979123173277662,
        "spot": 78045.68,
        "dist_pct": 0.06358011023372648,
        "gk_vol": 0.0018094759483817794,
        "hurst": 0.7374183276738199,
        "ticker": "KXBTC15M-26SEP180815-15",
        "t0": 1789732800,
        "day": 20714,
        "result": "yes",
        "pnl": 0.30999999999999994
      },
      {
        "side": "yes",
        "minute": 6,
        "entry": 0.57,
        "p_yes": 0.6279508788520416,
        "persist": 0.9937106918238994,
        "spot": 81201.97,
        "dist_pct": 0.04639970450066476,
        "gk_vol": 0.0021009583422536083,
        "hurst": 0.9120043493479659,
        "ticker": "KXBTC15M-26SEP181530-30",
        "t0": 1789758900,
        "day": 20714,
        "result": "yes",
        "pnl": 0.41000000000000003
      },
      {
        "side": "yes",
        "minute": 3,
        "entry": 0.67,
        "p_yes": 0.6393757351115874,
        "persist": 0.9937106918238994,
        "spot": 81248.99,
        "dist_pct": 0.05078333040874207,
        "gk_vol": 0.0020765637578982134,
        "hurst": 0.6616580220993102,
        "ticker": "KXBTC15M-26SEP181600-00",
        "t0": 1789760700,
        "day": 20714,
        "result": "yes",
        "pnl": 0.30999999999999994
      },
      {
        "side": "no",
        "minute": 8,
        "entry": 0.48,
        "p_yes": 0.3488341807030291,
        "persist": 0.9937106918238994,
        "spot": 80849.99,
        "dist_pct": -0.03884699833991303,
        "gk_vol": 0.0014272935652253588,
        "hurst": 0.5265212086751853,
        "ticker": "KXBTC15M-26SEP182015-15",
        "t0": 1789776000,
        "day": 20715,
        "result": "yes",
        "pnl": -0.5
      },
      {
        "side": "yes",
        "minute": 12,
        "entry": 0.71,
        "p_yes": 0.7015961886545588,
        "persist": 0.9937106918238994,
        "spot": 81404.59,
        "dist_pct": 0.05289968050017926,
        "gk_vol": 0.0015604643262632789,
        "hurst": 0.6770861462422451,
        "ticker": "KXBTC15M-26SEP182230-30",
        "t0": 1789784100,
        "day": 20715,
        "result": "no",
        "pnl": -0.73
      },
      {
        "side": "yes",
        "minute": 5,
        "entry": 0.72,
        "p_yes": 0.6183218272765898,
        "persist": 0.99581589958159,
        "spot": 81047.42,
        "dist_pct": 0.04170903093713193,
        "gk_vol": 0.0009130696319533414,
        "hurst": 0.6574936718008088,
        "ticker": "KXBTC15M-26SEP190315-15",
        "t0": 1789801200,
        "day": 20715,
        "result": "yes",
        "pnl": 0.26
      },
      {
        "side": "yes",
        "minute": 8,
        "entry": 0.64,
        "p_yes": 0.7540256307138915,
        "persist": 0.99581589958159,
        "spot": 81326.21,
        "dist_pct": 0.06872124105271075,
        "gk_vol": 0.0010162141830272486,
        "hurst": 0.7524522110105116,
        "ticker": "KXBTC15M-26SEP191945-45",
        "t0": 1789860600,
        "day": 20715,
        "result": "no",
        "pnl": -0.66
      },
      {
        "side": "no",
        "minute": 12,
        "entry": 0.30000000000000004,
        "p_yes": 0.3438345347181926,
        "persist": 0.99581589958159,
        "spot": 81206.99,
        "dist_pct": -0.04020204419884742,
        "gk_vol": 0.0010295005400971153,
        "hurst": 0.7363729556849354,
        "ticker": "KXBTC15M-26SEP192015-15",
        "t0": 1789862400,
        "day": 20716,
        "result": "yes",
        "pnl": -0.32000000000000006
      },
      {
        "side": "no",
        "minute": 6,
        "entry": 0.61,
        "p_yes": 0.3832090982653068,
        "persist": 0.99581589958159,
        "spot": 81235.2,
        "dist_pct": -0.04406245228156716,
        "gk_vol": 0.0009831503202365867,
        "hurst": 0.7055352650501572,
        "ticker": "KXBTC15M-26SEP192115-15",
        "t0": 1789866000,
        "day": 20716,
        "result": "no",
        "pnl": 0.37
      },
      {
        "side": "no",
        "minute": 3,
        "entry": 0.35,
        "p_yes": 0.3619501046571889,
        "persist": 0.99581589958159,
        "spot": 80215.86,
        "dist_pct": -0.05211961620126587,
        "gk_vol": 0.001462602610835498,
        "hurst": 0.8030446884140794,
        "ticker": "KXBTC15M-26SEP192330-30",
        "t0": 1789874100,
        "day": 20716,
        "result": "yes",
        "pnl": -0.37
      },
      {
        "side": "no",
        "minute": 9,
        "entry": 0.43999999999999995,
        "p_yes": 0.27789591440750167,
        "persist": 0.99581589958159,
        "spot": 80346.0,
        "dist_pct": -0.05891033786870033,
        "gk_vol": 0.001740500527275963,
        "hurst": 0.7863985023921765,
        "ticker": "KXBTC15M-26SEP200030-30",
        "t0": 1789877700,
        "day": 20716,
        "result": "yes",
        "pnl": -0.45999999999999996
      },
      {
        "side": "no",
        "minute": 8,
        "entry": 0.30000000000000004,
        "p_yes": 0.37349465092176304,
        "persist": 0.99581589958159,
        "spot": 80349.28,
        "dist_pct": -0.03226119098165661,
        "gk_vol": 0.0017748559808366117,
        "hurst": 0.7953399320128427,
        "ticker": "KXBTC15M-26SEP200100-00",
        "t0": 1789879500,
        "day": 20716,
        "result": "yes",
        "pnl": -0.32000000000000006
      },
      {
        "side": "yes",
        "minute": 5,
        "entry": 0.69,
        "p_yes": 0.6425734822191521,
        "persist": 0.99581589958159,
        "spot": 80453.1,
        "dist_pct": 0.0509251400441496,
        "gk_vol": 0.0018090019511658767,
        "hurst": 0.8580294497485663,
        "ticker": "KXBTC15M-26SEP200115-15",
        "t0": 1789880400,
        "day": 20716,
        "result": "yes",
        "pnl": 0.29000000000000004
      },
      {
        "side": "yes",
        "minute": 5,
        "entry": 0.72,
        "p_yes": 0.6362550852632659,
        "persist": 0.997907949790795,
        "spot": 80559.68,
        "dist_pct": 0.048894496307820154,
        "gk_vol": 0.0018445796244797156,
        "hurst": 0.856727001511761,
        "ticker": "KXBTC15M-26SEP200145-45",
        "t0": 1789882200,
        "day": 20716,
        "result": "no",
        "pnl": -0.74
      },
      {
        "side": "no",
        "minute": 7,
        "entry": 0.49,
        "p_yes": 0.2309716325958654,
        "persist": 1.0,
        "spot": 80397.49,
        "dist_pct": -0.10403669328073796,
        "gk_vol": 0.0018736522670865753,
        "hurst": 0.8571922226551663,
        "ticker": "KXBTC15M-26SEP200215-15",
        "t0": 1789884000,
        "day": 20716,
        "result": "yes",
        "pnl": -0.51
      },
      {
        "side": "no",
        "minute": 7,
        "entry": 0.5700000000000001,
        "p_yes": 0.3771220459545987,
        "persist": 1.0,
        "spot": 80422.07,
        "dist_pct": -0.04427171597891431,
        "gk_vol": 0.001897002948628432,
        "hurst": 0.8489742175772159,
        "ticker": "KXBTC15M-26SEP200245-45",
        "t0": 1789885800,
        "day": 20716,
        "result": "no",
        "pnl": 0.4099999999999999
      },
      {
        "side": "no",
        "minute": 8,
        "entry": 0.37,
        "p_yes": 0.3465600290892582,
        "persist": 1.0,
        "spot": 80272.48,
        "dist_pct": -0.03946245879884236,
        "gk_vol": 0.001722408287399653,
        "hurst": 0.8534272173349731,
        "ticker": "KXBTC15M-26SEP200315-15",
        "t0": 1789887600,
        "day": 20716,
        "result": "yes",
        "pnl": -0.39
      },
      {
        "side": "no",
        "minute": 8,
        "entry": 0.65,
        "p_yes": 0.23265474143452236,
        "persist": 1.0,
        "spot": 80283.0,
        "dist_pct": -0.0730131789659356,
        "gk_vol": 0.0015868655960614945,
        "hurst": 0.7576641465167597,
        "ticker": "KXBTC15M-26SEP200330-30",
        "t0": 1789888500,
        "day": 20716,
        "result": "yes",
        "pnl": -0.67
      },
      {
        "side": "no",
        "minute": 8,
        "entry": 0.53,
        "p_yes": 0.38398678802118313,
        "persist": 1.0,
        "spot": 80308.0,
        "dist_pct": -0.029502674535702707,
        "gk_vol": 0.0013550208598713184,
        "hurst": 0.7643374361689743,
        "ticker": "KXBTC15M-26SEP200400-00",
        "t0": 1789890300,
        "day": 20716,
        "result": "no",
        "pnl": 0.44999999999999996
      },
      {
        "side": "yes",
        "minute": 8,
        "entry": 0.58,
        "p_yes": 0.6125632044242124,
        "persist": 1.0,
        "spot": 80266.0,
        "dist_pct": 0.02860060777848934,
        "gk_vol": 0.0012394090186052529,
        "hurst": 0.5601494173330378,
        "ticker": "KXBTC15M-26SEP200515-15",
        "t0": 1789894800,
        "day": 20716,
        "result": "yes",
        "pnl": 0.4
      },
      {
        "side": "no",
        "minute": 8,
        "entry": 0.31999999999999995,
        "p_yes": 0.3837780100050837,
        "persist": 1.0,
        "spot": 80430.01,
        "dist_pct": -0.029557339685301137,
        "gk_vol": 0.0009912634094110936,
        "hurst": 0.7817991752749378,
        "ticker": "KXBTC15M-26SEP200815-15",
        "t0": 1789905600,
        "day": 20716,
        "result": "no",
        "pnl": 0.66
      },
      {
        "side": "no",
        "minute": 8,
        "entry": 0.5900000000000001,
        "p_yes": 0.3591695124737403,
        "persist": 1.0,
        "spot": 80319.32,
        "dist_pct": -0.036067969079614536,
        "gk_vol": 0.0010186753044464619,
        "hurst": 0.6708427066551704,
        "ticker": "KXBTC15M-26SEP200845-45",
        "t0": 1789907400,
        "day": 20716,
        "result": "no",
        "pnl": 0.3899999999999999
      },
      {
        "side": "yes",
        "minute": 5,
        "entry": 0.72,
        "p_yes": 0.7346471302402127,
        "persist": 1.0,
        "spot": 81359.1,
        "dist_pct": 0.08866113081017597,
        "gk_vol": 0.001772847308259448,
        "hurst": 0.595619966342946,
        "ticker": "KXBTC15M-26SEP201315-15",
        "t0": 1789923600,
        "day": 20716,
        "result": "no",
        "pnl": -0.74
      },
      {
        "side": "yes",
        "minute": 11,
        "entry": 0.72,
        "p_yes": 0.9305069955299001,
        "persist": 1.0,
        "spot": 81251.29,
        "dist_pct": 0.1479577844541944,
        "gk_vol": 0.0016755259578993562,
        "hurst": 0.6214842686064128,
        "ticker": "KXBTC15M-26SEP201845-45",
        "t0": 1789943400,
        "day": 20716,
        "result": "no",
        "pnl": -0.74
      },
      {
        "side": "no",
        "minute": 8,
        "entry": 0.43000000000000005,
        "p_yes": 0.36295214042394225,
        "persist": 1.0,
        "spot": 81123.0,
        "dist_pct": -0.03505790716000403,
        "gk_vol": 0.001756929285250056,
        "hurst": 0.6950079489488042,
        "ticker": "KXBTC15M-26SEP201945-45",
        "t0": 1789947000,
        "day": 20716,
        "result": "yes",
        "pnl": -0.45000000000000007
      },
      {
        "side": "no",
        "minute": 7,
        "entry": 0.61,
        "p_yes": 0.1672286084218899,
        "persist": 1.0,
        "spot": 81619.57,
        "dist_pct": -0.13649633866557048,
        "gk_vol": 0.002016162513144186,
        "hurst": 0.5611601813128302,
        "ticker": "KXBTC15M-26SEP202045-45",
        "t0": 1789950600,
        "day": 20717,
        "result": "no",
        "pnl": 0.37
      },
      {
        "side": "yes",
        "minute": 8,
        "entry": 0.7,
        "p_yes": 0.8491366844940359,
        "persist": 1.0,
        "spot": 81469.66,
        "dist_pct": 0.10327378513228926,
        "gk_vol": 0.0023619754365065476,
        "hurst": 0.6195000690122212,
        "ticker": "KXBTC15M-26SEP210100-00",
        "t0": 1789965900,
        "day": 20717,
        "result": "no",
        "pnl": -0.72
      },
      {
        "side": "no",
        "minute": 3,
        "entry": 0.30000000000000004,
        "p_yes": 0.30914871891366785,
        "persist": 0.9937106918238994,
        "spot": 86494.97,
        "dist_pct": -0.07668549531633305,
        "gk_vol": 0.0021434799772016935,
        "hurst": 0.5769202040720672,
        "ticker": "KXBTC15M-26SEP211615-15",
        "t0": 1790020800,
        "day": 20717,
        "result": "yes",
        "pnl": -0.32000000000000006
      },
      {
        "side": "yes",
        "minute": 5,
        "entry": 0.69,
        "p_yes": 0.6649467471467506,
        "persist": 0.9937106918238994,
        "spot": 86660.05,
        "dist_pct": 0.059925076335204865,
        "gk_vol": 0.0022091846578815534,
        "hurst": 0.6064875934289179,
        "ticker": "KXBTC15M-26SEP211830-30",
        "t0": 1790028900,
        "day": 20717,
        "result": "no",
        "pnl": -0.71
      },
      {
        "side": "no",
        "minute": 8,
        "entry": 0.64,
        "p_yes": 0.11995149782505676,
        "persist": 0.9937106918238994,
        "spot": 86298.6,
        "dist_pct": -0.11752295771742222,
        "gk_vol": 0.0023003341019108797,
        "hurst": 0.5916526791826089,
        "ticker": "KXBTC15M-26SEP211900-00",
        "t0": 1790030700,
        "day": 20717,
        "result": "yes",
        "pnl": -0.66
      },
      {
        "side": "no",
        "minute": 7,
        "entry": 0.53,
        "p_yes": 0.264869182932584,
        "persist": 0.9937106918238994,
        "spot": 85571.82,
        "dist_pct": -0.09592082002492931,
        "gk_vol": 0.002287460938373128,
        "hurst": 0.6113510593060962,
        "ticker": "KXBTC15M-26SEP212200-00",
        "t0": 1790041500,
        "day": 20718,
        "result": "no",
        "pnl": 0.44999999999999996
      },
      {
        "side": "yes",
        "minute": 11,
        "entry": 0.71,
        "p_yes": 0.6337302172582029,
        "persist": 0.9937106918238994,
        "spot": 85764.62,
        "dist_pct": 0.034174946801374693,
        "gk_vol": 0.002356472970616821,
        "hurst": 0.574996779637495,
        "ticker": "KXBTC15M-26SEP212245-45",
        "t0": 1790044200,
        "day": 20718,
        "result": "yes",
        "pnl": 0.27
      },
      {
        "side": "yes",
        "minute": 6,
        "entry": 0.54,
        "p_yes": 0.6751742111314172,
        "persist": 0.9937106918238994,
        "spot": 85687.09,
        "dist_pct": 0.06409971949803861,
        "gk_vol": 0.002464071045577384,
        "hurst": 0.6482059566419278,
        "ticker": "KXBTC15M-26SEP220015-15",
        "t0": 1790049600,
        "day": 20718,
        "result": "no",
        "pnl": -0.56
      },
      {
        "side": "no",
        "minute": 8,
        "entry": 0.52,
        "p_yes": 0.09659137587774852,
        "persist": 0.9937106918238994,
        "spot": 85454.41,
        "dist_pct": -0.13012215752213532,
        "gk_vol": 0.0023870611641592667,
        "hurst": 0.6710444841991371,
        "ticker": "KXBTC15M-26SEP220045-45",
        "t0": 1790051400,
        "day": 20718,
        "result": "no",
        "pnl": 0.45999999999999996
      },
      {
        "side": "no",
        "minute": 8,
        "entry": 0.36,
        "p_yes": 0.3869414877953152,
        "persist": 0.9937106918238994,
        "spot": 85391.49,
        "dist_pct": -0.028729970240941424,
        "gk_vol": 0.002159071417184222,
        "hurst": 0.677370901091686,
        "ticker": "KXBTC15M-26SEP220115-15",
        "t0": 1790053200,
        "day": 20718,
        "result": "no",
        "pnl": 0.62
      },
      {
        "side": "no",
        "minute": 6,
        "entry": 0.49,
        "p_yes": 0.3514727786548152,
        "persist": 0.9915966386554622,
        "spot": 85791.24,
        "dist_pct": -0.05905039646707359,
        "gk_vol": 0.0021947379822689858,
        "hurst": 0.6597126030513578,
        "ticker": "KXBTC15M-26SEP220700-00",
        "t0": 1790073900,
        "day": 20718,
        "result": "yes",
        "pnl": -0.51
      },
      {
        "side": "no",
        "minute": 7,
        "entry": 0.48,
        "p_yes": 0.19844087388424192,
        "persist": 0.9915966386554622,
        "spot": 85840.83,
        "dist_pct": -0.12836359625629457,
        "gk_vol": 0.002249826992275855,
        "hurst": 0.6204932845357579,
        "ticker": "KXBTC15M-26SEP220830-30",
        "t0": 1790079300,
        "day": 20718,
        "result": "yes",
        "pnl": -0.5
      },
      {
        "side": "yes",
        "minute": 5,
        "entry": 0.71,
        "p_yes": 0.6763348387961472,
        "persist": 0.9915966386554622,
        "spot": 86559.55,
        "dist_pct": 0.06575519576448295,
        "gk_vol": 0.0020819498132462672,
        "hurst": 0.6485400748706237,
        "ticker": "KXBTC15M-26SEP221530-30",
        "t0": 1790104500,
        "day": 20718,
        "result": "yes",
        "pnl": 0.27
      },
      {
        "side": "no",
        "minute": 6,
        "entry": 0.56,
        "p_yes": 0.35913552168513924,
        "persist": 0.9915966386554622,
        "spot": 86290.3,
        "dist_pct": -0.05598883651629966,
        "gk_vol": 0.0017806447582075769,
        "hurst": 0.683643592002158,
        "ticker": "KXBTC15M-26SEP221700-00",
        "t0": 1790109900,
        "day": 20718,
        "result": "no",
        "pnl": 0.41999999999999993
      },
      {
        "side": "no",
        "minute": 7,
        "entry": 0.62,
        "p_yes": 0.3029381361301462,
        "persist": 0.99581589958159,
        "spot": 86634.14,
        "dist_pct": -0.07399223214205745,
        "gk_vol": 0.0015687735443544594,
        "hurst": 0.5893359273852684,
        "ticker": "KXBTC15M-26SEP230015-15",
        "t0": 1790136000,
        "day": 20719,
        "result": "yes",
        "pnl": -0.64
      },
      {
        "side": "yes",
        "minute": 11,
        "entry": 0.68,
        "p_yes": 0.7566608151618592,
        "persist": 0.99581589958159,
        "spot": 87121.92,
        "dist_pct": 0.06956013551821115,
        "gk_vol": 0.0018236986031675156,
        "hurst": 0.5118937550379467,
        "ticker": "KXBTC15M-26SEP230045-45",
        "t0": 1790137800,
        "day": 20719,
        "result": "yes",
        "pnl": 0.29999999999999993
      },
      {
        "side": "no",
        "minute": 6,
        "entry": 0.49,
        "p_yes": 0.3557454709740053,
        "persist": 0.99581589958159,
        "spot": 86720.62,
        "dist_pct": -0.05303881768385186,
        "gk_vol": 0.001802859858829306,
        "hurst": 0.5964169445569503,
        "ticker": "KXBTC15M-26SEP230145-45",
        "t0": 1790141400,
        "day": 20719,
        "result": "no",
        "pnl": 0.49
      },
      {
        "side": "yes",
        "minute": 5,
        "entry": 0.69,
        "p_yes": 0.6292941745208942,
        "persist": 0.99581589958159,
        "spot": 85837.07,
        "dist_pct": 0.047321294221086045,
        "gk_vol": 0.0015946214672853609,
        "hurst": 0.5496869727680457,
        "ticker": "KXBTC15M-26SEP230600-00",
        "t0": 1790156700,
        "day": 20719,
        "result": "yes",
        "pnl": 0.29000000000000004
      },
      {
        "side": "yes",
        "minute": 6,
        "entry": 0.72,
        "p_yes": 0.6675179098516938,
        "persist": 0.9915611814345991,
        "spot": 84337.35,
        "dist_pct": 0.06296547826001123,
        "gk_vol": 0.002041725186172054,
        "hurst": 0.5683556547589182,
        "ticker": "KXBTC15M-26SEP231645-45",
        "t0": 1790195400,
        "day": 20719,
        "result": "yes",
        "pnl": 0.26
      },
      {
        "side": "no",
        "minute": 7,
        "entry": 0.31000000000000005,
        "p_yes": 0.278806699820062,
        "persist": 0.9915611814345991,
        "spot": 84343.16,
        "dist_pct": -0.08525722817698814,
        "gk_vol": 0.0012424884748517217,
        "hurst": 0.6801758147494124,
        "ticker": "KXBTC15M-26SEP231815-15",
        "t0": 1790200800,
        "day": 20719,
        "result": "yes",
        "pnl": -0.33000000000000007
      },
      {
        "side": "yes",
        "minute": 7,
        "entry": 0.56,
        "p_yes": 0.7417281276237144,
        "persist": 0.9936842105263158,
        "spot": 84428.13,
        "dist_pct": 0.09293448918751784,
        "gk_vol": 0.0016356909111616988,
        "hurst": 0.7378199416502655,
        "ticker": "KXBTC15M-26SEP232315-15",
        "t0": 1790218800,
        "day": 20720,
        "result": "no",
        "pnl": -0.5800000000000001
      },
      {
        "side": "no",
        "minute": 7,
        "entry": 0.65,
        "p_yes": 0.3243922259321191,
        "persist": 0.9936842105263158,
        "spot": 83847.42,
        "dist_pct": -0.06650519491385778,
        "gk_vol": 0.0018521756916437873,
        "hurst": 0.809221265826352,
        "ticker": "KXBTC15M-26SEP240015-15",
        "t0": 1790222400,
        "day": 20720,
        "result": "no",
        "pnl": 0.32999999999999996
      },
      {
        "side": "no",
        "minute": 9,
        "entry": 0.35,
        "p_yes": 0.13861438864391062,
        "persist": 0.9936842105263158,
        "spot": 84081.99,
        "dist_pct": -0.10865658945901809,
        "gk_vol": 0.0019517769814021916,
        "hurst": 0.8806668045226786,
        "ticker": "KXBTC15M-26SEP240145-45",
        "t0": 1790227800,
        "day": 20720,
        "result": "yes",
        "pnl": -0.37
      },
      {
        "side": "yes",
        "minute": 6,
        "entry": 0.67,
        "p_yes": 0.7478218206314828,
        "persist": 0.9894291754756871,
        "spot": 83315.99,
        "dist_pct": 0.09846934000433046,
        "gk_vol": 0.0024508016527534007,
        "hurst": 0.615890742449506,
        "ticker": "KXBTC15M-26SEP240615-15",
        "t0": 1790244000,
        "day": 20720,
        "result": "no",
        "pnl": -0.6900000000000001
      },
      {
        "side": "yes",
        "minute": 4,
        "entry": 0.68,
        "p_yes": 0.6907698422103835,
        "persist": 0.9894291754756871,
        "spot": 83275.66,
        "dist_pct": 0.07364111827787317,
        "gk_vol": 0.002453820139653995,
        "hurst": 0.6380474231476633,
        "ticker": "KXBTC15M-26SEP240630-30",
        "t0": 1790244900,
        "day": 20720,
        "result": "yes",
        "pnl": 0.29999999999999993
      },
      {
        "side": "yes",
        "minute": 8,
        "entry": 0.58,
        "p_yes": 0.6317179252160605,
        "persist": 0.9894291754756871,
        "spot": 83260.53,
        "dist_pct": 0.033640693128035394,
        "gk_vol": 0.002474778744010403,
        "hurst": 0.6409932757227702,
        "ticker": "KXBTC15M-26SEP240645-45",
        "t0": 1790245800,
        "day": 20720,
        "result": "yes",
        "pnl": 0.4
      },
      {
        "side": "no",
        "minute": 9,
        "entry": 0.36,
        "p_yes": 0.0710296257731986,
        "persist": 0.9894291754756871,
        "spot": 83369.35,
        "dist_pct": -0.1468165845489345,
        "gk_vol": 0.002452673658896517,
        "hurst": 0.6680903525838501,
        "ticker": "KXBTC15M-26SEP240815-15",
        "t0": 1790251200,
        "day": 20720,
        "result": "yes",
        "pnl": -0.38
      },
      {
        "side": "no",
        "minute": 6,
        "entry": 0.5700000000000001,
        "p_yes": 0.2723885678858532,
        "persist": 0.9894291754756871,
        "spot": 83866.96,
        "dist_pct": -0.08790724409776372,
        "gk_vol": 0.0020311997477950486,
        "hurst": 0.6732085308775484,
        "ticker": "KXBTC15M-26SEP241000-00",
        "t0": 1790257500,
        "day": 20720,
        "result": "yes",
        "pnl": -0.5900000000000001
      },
      {
        "side": "yes",
        "minute": 6,
        "entry": 0.66,
        "p_yes": 0.672192982791793,
        "persist": 0.9894291754756871,
        "spot": 84286.2,
        "dist_pct": 0.06602114504956047,
        "gk_vol": 0.0020723326288037834,
        "hurst": 0.7605187633064279,
        "ticker": "KXBTC15M-26SEP241030-30",
        "t0": 1790259300,
        "day": 20720,
        "result": "yes",
        "pnl": 0.31999999999999995
      },
      {
        "side": "yes",
        "minute": 8,
        "entry": 0.66,
        "p_yes": 0.8004252425811511,
        "persist": 0.9851380042462845,
        "spot": 84457.99,
        "dist_pct": 0.08431409447256082,
        "gk_vol": 0.0021079443018996308,
        "hurst": 0.5661096953216463,
        "ticker": "KXBTC15M-26SEP241700-00",
        "t0": 1790282700,
        "day": 20720,
        "result": "no",
        "pnl": -0.68
      },
      {
        "side": "yes",
        "minute": 5,
        "entry": 0.68,
        "p_yes": 0.6243361330826749,
        "persist": 0.9851380042462845,
        "spot": 84163.02,
        "dist_pct": 0.04775159186831907,
        "gk_vol": 0.001745183039755268,
        "hurst": 0.5692527390524194,
        "ticker": "KXBTC15M-26SEP241845-45",
        "t0": 1790289000,
        "day": 20720,
        "result": "no",
        "pnl": -0.7000000000000001
      },
      {
        "side": "yes",
        "minute": 5,
        "entry": 0.7,
        "p_yes": 0.642595298680207,
        "persist": 0.9851380042462845,
        "spot": 84325.15,
        "dist_pct": 0.0549485493630402,
        "gk_vol": 0.001471282180859672,
        "hurst": 0.6422490644013994,
        "ticker": "KXBTC15M-26SEP241930-30",
        "t0": 1790291700,
        "day": 20720,
        "result": "yes",
        "pnl": 0.28
      },
      {
        "side": "no",
        "minute": 6,
        "entry": 0.51,
        "p_yes": 0.35515182509471616,
        "persist": 0.9851380042462845,
        "spot": 84172.27,
        "dist_pct": -0.05435889337261885,
        "gk_vol": 0.001741319297243568,
        "hurst": 0.5363491261582488,
        "ticker": "KXBTC15M-26SEP250000-00",
        "t0": 1790307900,
        "day": 20721,
        "result": "no",
        "pnl": 0.47
      },
      {
        "side": "no",
        "minute": 8,
        "entry": 0.55,
        "p_yes": 0.20584900203285927,
        "persist": 0.9851380042462845,
        "spot": 84142.4,
        "dist_pct": -0.08209089657913193,
        "gk_vol": 0.0017453853406859982,
        "hurst": 0.7157013554877835,
        "ticker": "KXBTC15M-26SEP250015-15",
        "t0": 1790308800,
        "day": 20721,
        "result": "no",
        "pnl": 0.42999999999999994
      },
      {
        "side": "yes",
        "minute": 5,
        "entry": 0.7,
        "p_yes": 0.7200493748585981,
        "persist": 0.9915966386554622,
        "spot": 84450.64,
        "dist_pct": 0.08621926905259186,
        "gk_vol": 0.0022207285060798537,
        "hurst": 0.5413013014139644,
        "ticker": "KXBTC15M-26SEP250845-45",
        "t0": 1790339400,
        "day": 20721,
        "result": "yes",
        "pnl": 0.28
      },
      {
        "side": "no",
        "minute": 8,
        "entry": 0.30000000000000004,
        "p_yes": 0.35450149874086867,
        "persist": 0.9894736842105263,
        "spot": 83919.29,
        "dist_pct": -0.03731955761613404,
        "gk_vol": 0.0018828142962703002,
        "hurst": 0.7172023149327318,
        "ticker": "KXBTC15M-26SEP251515-15",
        "t0": 1790362800,
        "day": 20721,
        "result": "yes",
        "pnl": -0.32000000000000006
      },
      {
        "side": "no",
        "minute": 8,
        "entry": 0.46,
        "p_yes": 0.26472610138040004,
        "persist": 0.9894736842105263,
        "spot": 84038.16,
        "dist_pct": -0.06288422642886818,
        "gk_vol": 0.001018779627345014,
        "hurst": 0.8228166999718098,
        "ticker": "KXBTC15M-26SEP252015-15",
        "t0": 1790380800,
        "day": 20722,
        "result": "no",
        "pnl": 0.52
      },
      {
        "side": "no",
        "minute": 8,
        "entry": 0.6,
        "p_yes": 0.35830273918441746,
        "persist": 0.9979123173277662,
        "spot": 84101.84,
        "dist_pct": -0.03629993588676339,
        "gk_vol": 0.000767897676304459,
        "hurst": 0.685304698043633,
        "ticker": "KXBTC15M-26SEP260645-45",
        "t0": 1790418600,
        "day": 20722,
        "result": "yes",
        "pnl": -0.62
      },
      {
        "side": "no",
        "minute": 7,
        "entry": 0.65,
        "p_yes": 0.2615965879100373,
        "persist": 0.9979123173277662,
        "spot": 84091.04,
        "dist_pct": -0.0901897954006929,
        "gk_vol": 0.0007458764017786244,
        "hurst": 0.7007267363359988,
        "ticker": "KXBTC15M-26SEP260815-15",
        "t0": 1790424000,
        "day": 20722,
        "result": "no",
        "pnl": 0.32999999999999996
      },
      {
        "side": "no",
        "minute": 8,
        "entry": 0.3299999999999999,
        "p_yes": 0.31203555784785275,
        "persist": 0.9979123173277662,
        "spot": 84066.0,
        "dist_pct": -0.04900887224664085,
        "gk_vol": 0.0007836820117696136,
        "hurst": 0.7495119543053519,
        "ticker": "KXBTC15M-26SEP261200-00",
        "t0": 1790437500,
        "day": 20722,
        "result": "yes",
        "pnl": -0.3499999999999999
      },
      {
        "side": "no",
        "minute": 8,
        "entry": 0.3299999999999999,
        "p_yes": 0.3683544513000267,
        "persist": 0.9979123173277662,
        "spot": 84025.11,
        "dist_pct": -0.03362149548554063,
        "gk_vol": 0.0005638913158965531,
        "hurst": 0.79001385087126,
        "ticker": "KXBTC15M-26SEP261345-45",
        "t0": 1790443800,
        "day": 20722,
        "result": "yes",
        "pnl": -0.3499999999999999
      },
      {
        "side": "yes",
        "minute": 6,
        "entry": 0.65,
        "p_yes": 0.7242068034998019,
        "persist": 1.0,
        "spot": 84762.44,
        "dist_pct": 0.08420008092936966,
        "gk_vol": 0.0010519302399436047,
        "hurst": 0.5210768180874766,
        "ticker": "KXBTC15M-26SEP270545-45",
        "t0": 1790501400,
        "day": 20723,
        "result": "yes",
        "pnl": 0.32999999999999996
      },
      {
        "side": "yes",
        "minute": 6,
        "entry": 0.72,
        "p_yes": 0.7141237680394137,
        "persist": 1.0,
        "spot": 84987.4,
        "dist_pct": 0.07996986321984381,
        "gk_vol": 0.0009564273416842574,
        "hurst": 0.5852140844176623,
        "ticker": "KXBTC15M-26SEP270945-45",
        "t0": 1790515800,
        "day": 20723,
        "result": "no",
        "pnl": -0.74
      },
      {
        "side": "yes",
        "minute": 7,
        "entry": 0.71,
        "p_yes": 0.7215191873445728,
        "persist": 0.9979123173277662,
        "spot": 83480.64,
        "dist_pct": 0.08437810888013617,
        "gk_vol": 0.0024748180932741078,
        "hurst": 0.606991323150359,
        "ticker": "KXBTC15M-26SEP280030-30",
        "t0": 1790568900,
        "day": 20724,
        "result": "yes",
        "pnl": 0.27
      },
      {
        "side": "no",
        "minute": 6,
        "entry": 0.5900000000000001,
        "p_yes": 0.30068662388478984,
        "persist": 0.9979123173277662,
        "spot": 83419.6,
        "dist_pct": -0.07366936947404862,
        "gk_vol": 0.002090088328706854,
        "hurst": 0.647687178399327,
        "ticker": "KXBTC15M-26SEP280100-00",
        "t0": 1790570700,
        "day": 20724,
        "result": "yes",
        "pnl": -0.6100000000000001
      },
      {
        "side": "yes",
        "minute": 3,
        "entry": 0.68,
        "p_yes": 0.9997097713199089,
        "persist": 1.0,
        "spot": 83123.83,
        "dist_pct": 0.029867985190205018,
        "gk_vol": 0.001971899045190497,
        "hurst": 0.7168185079202072,
        "ticker": "KXBTC15M-26SEP280200-00",
        "t0": 1790574300,
        "day": 20724,
        "result": "yes",
        "pnl": 0.29999999999999993
      },
      {
        "side": "yes",
        "minute": 5,
        "entry": 0.7,
        "p_yes": 0.6876324000472253,
        "persist": 0.99581589958159,
        "spot": 82884.9,
        "dist_pct": 0.07014637774245928,
        "gk_vol": 0.0019261732621666029,
        "hurst": 0.5954921828899349,
        "ticker": "KXBTC15M-26SEP280530-30",
        "t0": 1790586900,
        "day": 20724,
        "result": "no",
        "pnl": -0.72
      },
      {
        "side": "yes",
        "minute": 9,
        "entry": 0.52,
        "p_yes": 0.9206782568284476,
        "persist": 0.99581589958159,
        "spot": 82718.57,
        "dist_pct": 0.1409648879514394,
        "gk_vol": 0.0017150990088559083,
        "hurst": 0.5900270733928331,
        "ticker": "KXBTC15M-26SEP280600-00",
        "t0": 1790588700,
        "day": 20724,
        "result": "yes",
        "pnl": 0.45999999999999996
      },
      {
        "side": "yes",
        "minute": 4,
        "entry": 0.7,
        "p_yes": 0.6547443854580952,
        "persist": 0.99581589958159,
        "spot": 82729.39,
        "dist_pct": 0.057098155854147056,
        "gk_vol": 0.001724215471554007,
        "hurst": 0.6008118115368357,
        "ticker": "KXBTC15M-26SEP280630-30",
        "t0": 1790590500,
        "day": 20724,
        "result": "yes",
        "pnl": 0.28
      },
      {
        "side": "no",
        "minute": 6,
        "entry": 0.64,
        "p_yes": 0.33649365972853895,
        "persist": 0.99581589958159,
        "spot": 82858.91,
        "dist_pct": -0.06052412347065083,
        "gk_vol": 0.0017192358338319492,
        "hurst": 0.593491917094065,
        "ticker": "KXBTC15M-26SEP280700-00",
        "t0": 1790592300,
        "day": 20724,
        "result": "yes",
        "pnl": -0.66
      },
      {
        "side": "yes",
        "minute": 6,
        "entry": 0.67,
        "p_yes": 0.6125064055225644,
        "persist": 0.99581589958159,
        "spot": 83389.27,
        "dist_pct": 0.04099329255198333,
        "gk_vol": 0.001824376503329968,
        "hurst": 0.6129865346965199,
        "ticker": "KXBTC15M-26SEP280845-45",
        "t0": 1790598600,
        "day": 20724,
        "result": "no",
        "pnl": -0.6900000000000001
      },
      {
        "side": "yes",
        "minute": 12,
        "entry": 0.69,
        "p_yes": 0.994221488384316,
        "persist": 0.99581589958159,
        "spot": 83389.28,
        "dist_pct": 0.2525390355908575,
        "gk_vol": 0.0022321925670402898,
        "hurst": 0.6008995169966717,
        "ticker": "KXBTC15M-26SEP281045-45",
        "t0": 1790605800,
        "day": 20724,
        "result": "no",
        "pnl": -0.71
      },
      {
        "side": "no",
        "minute": 6,
        "entry": 0.62,
        "p_yes": 0.2830468462378307,
        "persist": 0.9915966386554622,
        "spot": 83112.8,
        "dist_pct": -0.08341929925143761,
        "gk_vol": 0.0011657862518622184,
        "hurst": 0.5350561175457861,
        "ticker": "KXBTC15M-26SEP282115-15",
        "t0": 1790643600,
        "day": 20725,
        "result": "no",
        "pnl": 0.36
      },
      {
        "side": "yes",
        "minute": 5,
        "entry": 0.68,
        "p_yes": 0.6764673292510253,
        "persist": 0.9915966386554622,
        "spot": 82867.87,
        "dist_pct": 0.06655979906475191,
        "gk_vol": 0.0012658055624690534,
        "hurst": 0.7183270108121592,
        "ticker": "KXBTC15M-26SEP282145-45",
        "t0": 1790645400,
        "day": 20725,
        "result": "yes",
        "pnl": 0.29999999999999993
      },
      {
        "side": "yes",
        "minute": 5,
        "entry": 0.72,
        "p_yes": 0.712558966393319,
        "persist": 0.9915966386554622,
        "spot": 83083.77,
        "dist_pct": 0.0815384200265808,
        "gk_vol": 0.0013675165999466503,
        "hurst": 0.694382487108027,
        "ticker": "KXBTC15M-26SEP282230-30",
        "t0": 1790648100,
        "day": 20725,
        "result": "no",
        "pnl": -0.74
      },
      {
        "side": "no",
        "minute": 6,
        "entry": 0.54,
        "p_yes": 0.3032571294750731,
        "persist": 0.9915966386554622,
        "spot": 82860.37,
        "dist_pct": -0.07487718044063219,
        "gk_vol": 0.001458577289986427,
        "hurst": 0.6480148345040111,
        "ticker": "KXBTC15M-26SEP282245-45",
        "t0": 1790649000,
        "day": 20725,
        "result": "yes",
        "pnl": -0.56
      },
      {
        "side": "no",
        "minute": 7,
        "entry": 0.5700000000000001,
        "p_yes": 0.3196378210994404,
        "persist": 0.9915966386554622,
        "spot": 82875.82,
        "dist_pct": -0.06813989188534164,
        "gk_vol": 0.0015104178043986026,
        "hurst": 0.6332503760283378,
        "ticker": "KXBTC15M-26SEP282315-15",
        "t0": 1790650800,
        "day": 20725,
        "result": "no",
        "pnl": 0.4099999999999999
      },
      {
        "side": "no",
        "minute": 7,
        "entry": 0.41,
        "p_yes": 0.2760124432333341,
        "persist": 0.9915966386554622,
        "spot": 83065.02,
        "dist_pct": -0.08645980304773225,
        "gk_vol": 0.0015349594924139792,
        "hurst": 0.6147351388110524,
        "ticker": "KXBTC15M-26SEP290100-00",
        "t0": 1790657100,
        "day": 20725,
        "result": "yes",
        "pnl": -0.43
      },
      {
        "side": "yes",
        "minute": 5,
        "entry": 0.72,
        "p_yes": 0.6647322784000038,
        "persist": 0.9915966386554622,
        "spot": 83275.27,
        "dist_pct": 0.061845289448452447,
        "gk_vol": 0.0014333045839743249,
        "hurst": 0.657846458073312,
        "ticker": "KXBTC15M-26SEP290130-30",
        "t0": 1790658900,
        "day": 20725,
        "result": "yes",
        "pnl": 0.26
      },
      {
        "side": "yes",
        "minute": 5,
        "entry": 0.67,
        "p_yes": 0.6575954110471096,
        "persist": 0.9915966386554622,
        "spot": 83323.33,
        "dist_pct": 0.05900988049238235,
        "gk_vol": 0.0015665510465562213,
        "hurst": 0.6791637808354678,
        "ticker": "KXBTC15M-26SEP290200-00",
        "t0": 1790660700,
        "day": 20725,
        "result": "yes",
        "pnl": 0.30999999999999994
      },
      {
        "side": "yes",
        "minute": 6,
        "entry": 0.58,
        "p_yes": 0.783491956090189,
        "persist": 0.9915966386554622,
        "spot": 83924.99,
        "dist_pct": 0.11398143659316215,
        "gk_vol": 0.0015573998204907122,
        "hurst": 0.6342025884652418,
        "ticker": "KXBTC15M-26SEP290245-45",
        "t0": 1790663400,
        "day": 20725,
        "result": "yes",
        "pnl": 0.4
      },
      {
        "side": "no",
        "minute": 6,
        "entry": 0.52,
        "p_yes": 0.3110119427330377,
        "persist": 0.9915966386554622,
        "spot": 83909.76,
        "dist_pct": -0.07166850422902239,
        "gk_vol": 0.0015138808948472388,
        "hurst": 0.5034250890030082,
        "ticker": "KXBTC15M-26SEP290315-15",
        "t0": 1790665200,
        "day": 20725,
        "result": "no",
        "pnl": 0.45999999999999996
      },
      {
        "side": "yes",
        "minute": 10,
        "entry": 0.66,
        "p_yes": 0.6142535455011298,
        "persist": 0.9915966386554622,
        "spot": 84246.49,
        "dist_pct": 0.029042282642684346,
        "gk_vol": 0.0015738476772725433,
        "hurst": 0.5312320307032744,
        "ticker": "KXBTC15M-26SEP290615-15",
        "t0": 1790676000,
        "day": 20725,
        "result": "no",
        "pnl": -0.68
      },
      {
        "side": "no",
        "minute": 8,
        "entry": 0.5800000000000001,
        "p_yes": 0.25435082969493933,
        "persist": 0.9915966386554622,
        "spot": 84273.72,
        "dist_pct": -0.06608604704524448,
        "gk_vol": 0.0016094949830838833,
        "hurst": 0.6980870273101776,
        "ticker": "KXBTC15M-26SEP290900-00",
        "t0": 1790685900,
        "day": 20725,
        "result": "no",
        "pnl": 0.3999999999999999
      },
      {
        "side": "yes",
        "minute": 6,
        "entry": 0.58,
        "p_yes": 0.6187043360210469,
        "persist": 0.9915966386554622,
        "spot": 84426.51,
        "dist_pct": 0.04391544203688692,
        "gk_vol": 0.0016656183001258137,
        "hurst": 0.7050528875136219,
        "ticker": "KXBTC15M-26SEP290930-30",
        "t0": 1790687700,
        "day": 20725,
        "result": "no",
        "pnl": -0.6
      },
      {
        "side": "no",
        "minute": 7,
        "entry": 0.49,
        "p_yes": 0.2669273431267232,
        "persist": 0.9915966386554622,
        "spot": 83766.38,
        "dist_pct": -0.09044370371439606,
        "gk_vol": 0.002090967238230243,
        "hurst": 0.6729079733973273,
        "ticker": "KXBTC15M-26SEP291100-00",
        "t0": 1790693100,
        "day": 20725,
        "result": "no",
        "pnl": 0.49
      },
      {
        "side": "yes",
        "minute": 6,
        "entry": 0.48,
        "p_yes": 0.7849153116758221,
        "persist": 0.9915966386554622,
        "spot": 83225.15,
        "dist_pct": 0.11468810045397254,
        "gk_vol": 0.002469455260251649,
        "hurst": 0.7950571514773812,
        "ticker": "KXBTC15M-26SEP291200-00",
        "t0": 1790696700,
        "day": 20725,
        "result": "no",
        "pnl": -0.5
      },
      {
        "side": "yes",
        "minute": 5,
        "entry": 0.72,
        "p_yes": 0.6733584830981203,
        "persist": 0.9937106918238994,
        "spot": 83621.89,
        "dist_pct": 0.06412718698357692,
        "gk_vol": 0.00191805714687908,
        "hurst": 0.7009922629446841,
        "ticker": "KXBTC15M-26SEP291530-30",
        "t0": 1790709300,
        "day": 20725,
        "result": "no",
        "pnl": -0.74
      },
      {
        "side": "no",
        "minute": 4,
        "entry": 0.29000000000000004,
        "p_yes": 0.3515566692743903,
        "persist": 0.9937106918238994,
        "spot": 83394.52,
        "dist_pct": -0.05576391955757847,
        "gk_vol": 0.0016530044222245956,
        "hurst": 0.7008208467376387,
        "ticker": "KXBTC15M-26SEP291600-00",
        "t0": 1790711100,
        "day": 20725,
        "result": "yes",
        "pnl": -0.31000000000000005
      },
      {
        "side": "yes",
        "minute": 5,
        "entry": 0.69,
        "p_yes": 0.626247212317036,
        "persist": 0.99581589958159,
        "spot": 83584.42,
        "dist_pct": 0.04616626678643216,
        "gk_vol": 0.0011303030507365528,
        "hurst": 0.5052642294740913,
        "ticker": "KXBTC15M-26SEP292045-45",
        "t0": 1790728200,
        "day": 20726,
        "result": "no",
        "pnl": -0.71
      },
      {
        "side": "no",
        "minute": 11,
        "entry": 0.34,
        "p_yes": 0.21920608774092254,
        "persist": 0.99581589958159,
        "spot": 83316.36,
        "dist_pct": -0.07748770492835545,
        "gk_vol": 0.001246867921103958,
        "hurst": 0.5063057847206073,
        "ticker": "KXBTC15M-26SEP292245-45",
        "t0": 1790735400,
        "day": 20726,
        "result": "no",
        "pnl": 0.6399999999999999
      },
      {
        "side": "yes",
        "minute": 8,
        "entry": 0.58,
        "p_yes": 0.6412030141905669,
        "persist": 0.99581589958159,
        "spot": 83364.3,
        "dist_pct": 0.03616764121699843,
        "gk_vol": 0.0013015742477539617,
        "hurst": 0.5315480933951852,
        "ticker": "KXBTC15M-26SEP292315-15",
        "t0": 1790737200,
        "day": 20726,
        "result": "no",
        "pnl": -0.6
      },
      {
        "side": "no",
        "minute": 6,
        "entry": 0.51,
        "p_yes": 0.31940349816413055,
        "persist": 0.99581589958159,
        "spot": 83275.49,
        "dist_pct": -0.06730941619011245,
        "gk_vol": 0.001210038500794625,
        "hurst": 0.6246591145228848,
        "ticker": "KXBTC15M-26SEP300045-45",
        "t0": 1790742600,
        "day": 20726,
        "result": "no",
        "pnl": 0.47
      },
      {
        "side": "yes",
        "minute": 5,
        "entry": 0.67,
        "p_yes": 0.6291252481235206,
        "persist": 0.99581589958159,
        "spot": 83243.61,
        "dist_pct": 0.04725717868634777,
        "gk_vol": 0.0011818304446235346,
        "hurst": 0.5187823649318173,
        "ticker": "KXBTC15M-26SEP300130-30",
        "t0": 1790745300,
        "day": 20726,
        "result": "yes",
        "pnl": 0.30999999999999994
      },
      {
        "side": "yes",
        "minute": 12,
        "entry": 0.69,
        "p_yes": 0.7273160128896008,
        "persist": 1.0,
        "spot": 83924.88,
        "dist_pct": 0.0604715445138302,
        "gk_vol": 0.0016004081847387191,
        "hurst": 0.5772629072306281,
        "ticker": "KXBTC15M-26SEP300700-00",
        "t0": 1790765100,
        "day": 20726,
        "result": "yes",
        "pnl": 0.29000000000000004
      },
      {
        "side": "no",
        "minute": 7,
        "entry": 0.64,
        "p_yes": 0.27842461987211037,
        "persist": 1.0,
        "spot": 83756.16,
        "dist_pct": -0.08308896746717293,
        "gk_vol": 0.0015666075620683819,
        "hurst": 0.6460386586184772,
        "ticker": "KXBTC15M-26SEP300830-30",
        "t0": 1790770500,
        "day": 20726,
        "result": "yes",
        "pnl": -0.66
      },
      {
        "side": "no",
        "minute": 8,
        "entry": 0.48,
        "p_yes": 0.34699132038924946,
        "persist": 0.99581589958159,
        "spot": 83534.23,
        "dist_pct": -0.03934562293706777,
        "gk_vol": 0.0016714802680218945,
        "hurst": 0.7397300021732502,
        "ticker": "KXBTC15M-26SEP301615-15",
        "t0": 1790798400,
        "day": 20726,
        "result": "yes",
        "pnl": -0.5
      },
      {
        "side": "no",
        "minute": 7,
        "entry": 0.65,
        "p_yes": 0.2187643093966828,
        "persist": 0.99581589958159,
        "spot": 83451.86,
        "dist_pct": -0.11318258759621021,
        "gk_vol": 0.0011529557861225921,
        "hurst": 0.5174297296011718,
        "ticker": "KXBTC15M-26SEP302200-00",
        "t0": 1790819100,
        "day": 20727,
        "result": "no",
        "pnl": 0.32999999999999996
      },
      {
        "side": "yes",
        "minute": 8,
        "entry": 0.64,
        "p_yes": 0.6115608404455608,
        "persist": 0.99581589958159,
        "spot": 84254.2,
        "dist_pct": 0.028338960562062792,
        "gk_vol": 0.001369913058119511,
        "hurst": 0.6946419066753942,
        "ticker": "KXBTC15M-26OCT010145-45",
        "t0": 1790832600,
        "day": 20727,
        "result": "no",
        "pnl": -0.66
      },
      {
        "side": "yes",
        "minute": 8,
        "entry": 0.55,
        "p_yes": 0.6156440286390852,
        "persist": 0.99581589958159,
        "spot": 84259.19,
        "dist_pct": 0.02940603140616873,
        "gk_vol": 0.0013755669597016998,
        "hurst": 0.6561320302216066,
        "ticker": "KXBTC15M-26OCT010215-15",
        "t0": 1790834400,
        "day": 20727,
        "result": "yes",
        "pnl": 0.42999999999999994
      },
      {
        "side": "no",
        "minute": 3,
        "entry": 0.35,
        "p_yes": 0.38724952479784747,
        "persist": 0.9937106918238994,
        "spot": 83439.4,
        "dist_pct": -0.04077943834590757,
        "gk_vol": 0.0016620664204870055,
        "hurst": 0.799915089443693,
        "ticker": "KXBTC15M-26OCT010945-45",
        "t0": 1790861400,
        "day": 20727,
        "result": "yes",
        "pnl": -0.37
      },
      {
        "side": "no",
        "minute": 9,
        "entry": 0.53,
        "p_yes": 0.0005947200629893845,
        "persist": 0.9937106918238994,
        "spot": 83616.98,
        "dist_pct": -0.32414300342476565,
        "gk_vol": 0.001945022439864661,
        "hurst": 0.6082676692721578,
        "ticker": "KXBTC15M-26OCT011015-15",
        "t0": 1790863200,
        "day": 20727,
        "result": "no",
        "pnl": 0.44999999999999996
      },
      {
        "side": "yes",
        "minute": 7,
        "entry": 0.63,
        "p_yes": 0.8225744377598223,
        "persist": 0.9915966386554622,
        "spot": 84707.06,
        "dist_pct": 0.13851537104493014,
        "gk_vol": 0.002352179284032041,
        "hurst": 0.5895336494893328,
        "ticker": "KXBTC15M-26OCT011545-45",
        "t0": 1790883000,
        "day": 20727,
        "result": "yes",
        "pnl": 0.35
      },
      {
        "side": "no",
        "minute": 8,
        "entry": 0.36,
        "p_yes": 0.3885798250446946,
        "persist": 0.9915966386554622,
        "spot": 84562.95,
        "dist_pct": -0.028302258186821062,
        "gk_vol": 0.002074200062061755,
        "hurst": 0.5233805839859798,
        "ticker": "KXBTC15M-26OCT011700-00",
        "t0": 1790887500,
        "day": 20727,
        "result": "yes",
        "pnl": -0.38
      },
      {
        "side": "no",
        "minute": 8,
        "entry": 0.56,
        "p_yes": 0.3873217435884433,
        "persist": 0.9915966386554622,
        "spot": 84710.1,
        "dist_pct": -0.028630652311523636,
        "gk_vol": 0.0015828591127503018,
        "hurst": 0.6266844492291973,
        "ticker": "KXBTC15M-26OCT011830-30",
        "t0": 1790892900,
        "day": 20727,
        "result": "no",
        "pnl": 0.41999999999999993
      },
      {
        "side": "no",
        "minute": 6,
        "entry": 0.34,
        "p_yes": 0.3765408562147945,
        "persist": 0.9915966386554622,
        "spot": 84647.25,
        "dist_pct": -0.045969720206996016,
        "gk_vol": 0.0015611233802951098,
        "hurst": 0.6349370735332185,
        "ticker": "KXBTC15M-26OCT011845-45",
        "t0": 1790893800,
        "day": 20727,
        "result": "no",
        "pnl": 0.6399999999999999
      },
      {
        "side": "no",
        "minute": 8,
        "entry": 0.43999999999999995,
        "p_yes": 0.26605412316482147,
        "persist": 0.9915966386554622,
        "spot": 84615.44,
        "dist_pct": -0.06247908013785812,
        "gk_vol": 0.0012516843096159328,
        "hurst": 0.6551276113799303,
        "ticker": "KXBTC15M-26OCT011900-00",
        "t0": 1790894700,
        "day": 20727,
        "result": "yes",
        "pnl": -0.45999999999999996
      },
      {
        "side": "yes",
        "minute": 6,
        "entry": 0.55,
        "p_yes": 0.7101851262246484,
        "persist": 0.9915966386554622,
        "spot": 85568.5,
        "dist_pct": 0.0832657776016606,
        "gk_vol": 0.0015700945870317949,
        "hurst": 0.8060297217963619,
        "ticker": "KXBTC15M-26OCT020015-15",
        "t0": 1790913600,
        "day": 20728,
        "result": "no",
        "pnl": -0.5700000000000001
      },
      {
        "side": "yes",
        "minute": 8,
        "entry": 0.33,
        "p_yes": 0.650651243406368,
        "persist": 0.9936842105263158,
        "spot": 86423.98,
        "dist_pct": 0.038707941864933745,
        "gk_vol": 0.0015616031634772074,
        "hurst": 0.8570897356567608,
        "ticker": "KXBTC15M-26OCT020645-45",
        "t0": 1790937000,
        "day": 20728,
        "result": "yes",
        "pnl": 0.6499999999999999
      },
      {
        "side": "no",
        "minute": 7,
        "entry": 0.55,
        "p_yes": 0.3118690575463786,
        "persist": 0.9936842105263158,
        "spot": 86365.14,
        "dist_pct": -0.0715748550800104,
        "gk_vol": 0.001452694997231364,
        "hurst": 0.6820119235252817,
        "ticker": "KXBTC15M-26OCT020815-15",
        "t0": 1790942400,
        "day": 20728,
        "result": "no",
        "pnl": 0.42999999999999994
      },
      {
        "side": "yes",
        "minute": 6,
        "entry": 0.65,
        "p_yes": 0.6229463954948942,
        "persist": 0.9872881355932204,
        "spot": 84193.36,
        "dist_pct": 0.04763926583006995,
        "gk_vol": 0.00248735423682253,
        "hurst": 0.6234802105344662,
        "ticker": "KXBTC15M-26OCT021600-00",
        "t0": 1790970300,
        "day": 20728,
        "result": "yes",
        "pnl": 0.32999999999999996
      },
      {
        "side": "yes",
        "minute": 6,
        "entry": 0.71,
        "p_yes": 0.7608213474803058,
        "persist": 0.9872881355932204,
        "spot": 84430.32,
        "dist_pct": 0.10595089266235595,
        "gk_vol": 0.0023190339491880032,
        "hurst": 0.7927825387124837,
        "ticker": "KXBTC15M-26OCT021645-45",
        "t0": 1790973000,
        "day": 20728,
        "result": "no",
        "pnl": -0.73
      },
      {
        "side": "yes",
        "minute": 8,
        "entry": 0.68,
        "p_yes": 0.6617567929050119,
        "persist": 0.9872881355932204,
        "spot": 84538.4,
        "dist_pct": 0.04172626011293162,
        "gk_vol": 0.0019166826980933072,
        "hurst": 0.7707497598442101,
        "ticker": "KXBTC15M-26OCT021845-45",
        "t0": 1790980200,
        "day": 20728,
        "result": "no",
        "pnl": -0.7000000000000001
      },
      {
        "side": "yes",
        "minute": 8,
        "entry": 0.66,
        "p_yes": 0.6104387106351485,
        "persist": 0.9894291754756871,
        "spot": 84705.21,
        "dist_pct": 0.028046280732523975,
        "gk_vol": 0.0005609678367498452,
        "hurst": 0.6847994658630432,
        "ticker": "KXBTC15M-26OCT030015-15",
        "t0": 1791000000,
        "day": 20729,
        "result": "no",
        "pnl": -0.68
      },
      {
        "side": "no",
        "minute": 12,
        "entry": 0.29000000000000004,
        "p_yes": 0.24355686346156824,
        "persist": 0.9937106918238994,
        "spot": 84715.08,
        "dist_pct": -0.06949065391401714,
        "gk_vol": 0.0007384334107002223,
        "hurst": 0.5793660265906122,
        "ticker": "KXBTC15M-26OCT032000-00",
        "t0": 1791071100,
        "day": 20729,
        "result": "no",
        "pnl": 0.69
      },
      {
        "side": "yes",
        "minute": 8,
        "entry": 0.72,
        "p_yes": 0.6342526005551624,
        "persist": 0.9937106918238994,
        "spot": 84834.64,
        "dist_pct": 0.03431379600908835,
        "gk_vol": 0.0006971357480364317,
        "hurst": 0.5091793475684233,
        "ticker": "KXBTC15M-26OCT032030-30",
        "t0": 1791072900,
        "day": 20730,
        "result": "no",
        "pnl": -0.74
      },
      {
        "side": "yes",
        "minute": 8,
        "entry": 0.71,
        "p_yes": 0.6454392414066981,
        "persist": 0.9937106918238994,
        "spot": 84822.3,
        "dist_pct": 0.037303632581278875,
        "gk_vol": 0.0007128617137142902,
        "hurst": 0.5535548883030112,
        "ticker": "KXBTC15M-26OCT032100-00",
        "t0": 1791074700,
        "day": 20730,
        "result": "no",
        "pnl": -0.73
      },
      {
        "side": "yes",
        "minute": 8,
        "entry": 0.69,
        "p_yes": 0.7003455246607353,
        "persist": 0.9937106918238994,
        "spot": 84837.98,
        "dist_pct": 0.05253944792657039,
        "gk_vol": 0.0005019389833262904,
        "hurst": 0.6669496728698798,
        "ticker": "KXBTC15M-26OCT032215-15",
        "t0": 1791079200,
        "day": 20730,
        "result": "yes",
        "pnl": 0.29000000000000004
      },
      {
        "side": "no",
        "minute": 8,
        "entry": 0.39,
        "p_yes": 0.3156354741586736,
        "persist": 0.9979123173277662,
        "spot": 85053.35,
        "dist_pct": -0.04799387596262037,
        "gk_vol": 0.0006940601735044222,
        "hurst": 0.5973983921543801,
        "ticker": "KXBTC15M-26OCT040515-15",
        "t0": 1791104400,
        "day": 20730,
        "result": "yes",
        "pnl": -0.41000000000000003
      },
      {
        "side": "yes",
        "minute": 7,
        "entry": 0.6,
        "p_yes": 0.6222288011390094,
        "persist": 0.9979123173277662,
        "spot": 85262.61,
        "dist_pct": 0.04506935823393296,
        "gk_vol": 0.0008021581596439023,
        "hurst": 0.620594335182277,
        "ticker": "KXBTC15M-26OCT040615-15",
        "t0": 1791108000,
        "day": 20730,
        "result": "yes",
        "pnl": 0.38
      },
      {
        "side": "yes",
        "minute": 6,
        "entry": 0.32,
        "p_yes": 0.6379564657026084,
        "persist": 1.0,
        "spot": 85616.18,
        "dist_pct": 0.0499220202151305,
        "gk_vol": 0.0018229612423428662,
        "hurst": 0.734689156067225,
        "ticker": "KXBTC15M-26OCT050100-00",
        "t0": 1791175500,
        "day": 20731,
        "result": "no",
        "pnl": -0.34
      },
      {
        "side": "yes",
        "minute": 7,
        "entry": 0.66,
        "p_yes": 0.7886289385936534,
        "persist": 1.0,
        "spot": 85981.52,
        "dist_pct": 0.11337365509236559,
        "gk_vol": 0.0016360084028941401,
        "hurst": 0.7022327623639374,
        "ticker": "KXBTC15M-26OCT050230-30",
        "t0": 1791180900,
        "day": 20731,
        "result": "no",
        "pnl": -0.68
      },
      {
        "side": "no",
        "minute": 8,
        "entry": 0.5700000000000001,
        "p_yes": 0.29948935841858676,
        "persist": 1.0,
        "spot": 85831.63,
        "dist_pct": -0.05258696791064144,
        "gk_vol": 0.0016533543328548415,
        "hurst": 0.5265725022681865,
        "ticker": "KXBTC15M-26OCT050245-45",
        "t0": 1791181800,
        "day": 20731,
        "result": "no",
        "pnl": 0.4099999999999999
      },
      {
        "side": "yes",
        "minute": 3,
        "entry": 0.68,
        "p_yes": 0.7315516192893858,
        "persist": 1.0,
        "spot": 86266.15,
        "dist_pct": 0.08732942510853761,
        "gk_vol": 0.001914980173771052,
        "hurst": 0.6845262192358671,
        "ticker": "KXBTC15M-26OCT050345-45",
        "t0": 1791185400,
        "day": 20731,
        "result": "yes",
        "pnl": 0.29999999999999993
      },
      {
        "side": "yes",
        "minute": 5,
        "entry": 0.67,
        "p_yes": 0.6245115532944628,
        "persist": 1.0,
        "spot": 85978.27,
        "dist_pct": 0.044880305609639064,
        "gk_vol": 0.001853486103771273,
        "hurst": 0.5830673944480936,
        "ticker": "KXBTC15M-26OCT050600-00",
        "t0": 1791193500,
        "day": 20731,
        "result": "yes",
        "pnl": 0.30999999999999994
      },
      {
        "side": "yes",
        "minute": 7,
        "entry": 0.71,
        "p_yes": 0.6850780620467893,
        "persist": 1.0,
        "spot": 86065.24,
        "dist_pct": 0.0681575441518454,
        "gk_vol": 0.0018731370867138574,
        "hurst": 0.5370542751023121,
        "ticker": "KXBTC15M-26OCT050630-30",
        "t0": 1791195300,
        "day": 20731,
        "result": "yes",
        "pnl": 0.27
      },
      {
        "side": "no",
        "minute": 8,
        "entry": 0.52,
        "p_yes": 0.359022389449961,
        "persist": 0.9979123173277662,
        "spot": 85574.98,
        "dist_pct": -0.03610732859620231,
        "gk_vol": 0.0024994753283608976,
        "hurst": 0.800812921644941,
        "ticker": "KXBTC15M-26OCT051115-15",
        "t0": 1791212400,
        "day": 20731,
        "result": "no",
        "pnl": 0.45999999999999996
      },
      {
        "side": "yes",
        "minute": 8,
        "entry": 0.66,
        "p_yes": 0.740448759331799,
        "persist": 0.9979123173277662,
        "spot": 85843.25,
        "dist_pct": 0.06447293174308379,
        "gk_vol": 0.0010678725260410136,
        "hurst": 0.6354487917609422,
        "ticker": "KXBTC15M-26OCT051700-00",
        "t0": 1791233100,
        "day": 20731,
        "result": "yes",
        "pnl": 0.31999999999999995
      },
      {
        "side": "yes",
        "minute": 6,
        "entry": 0.68,
        "p_yes": 0.6761221476519246,
        "persist": 0.9979123173277662,
        "spot": 86018.7,
        "dist_pct": 0.06579640758128831,
        "gk_vol": 0.0010221228658575286,
        "hurst": 0.5246798548824386,
        "ticker": "KXBTC15M-26OCT051830-30",
        "t0": 1791238500,
        "day": 20731,
        "result": "yes",
        "pnl": 0.29999999999999993
      },
      {
        "side": "no",
        "minute": 8,
        "entry": 0.62,
        "p_yes": 0.24185773865387317,
        "persist": 0.9979123173277662,
        "spot": 85569.99,
        "dist_pct": -0.07003389935018206,
        "gk_vol": 0.001343238968517296,
        "hurst": 0.6554759338643878,
        "ticker": "KXBTC15M-26OCT052245-45",
        "t0": 1791253800,
        "day": 20732,
        "result": "no",
        "pnl": 0.36
      },
      {
        "side": "yes",
        "minute": 5,
        "entry": 0.71,
        "p_yes": 0.6672582149799562,
        "persist": 0.9979123173277662,
        "spot": 85570.28,
        "dist_pct": 0.062303401662825914,
        "gk_vol": 0.0013640230543506444,
        "hurst": 0.672050451118664,
        "ticker": "KXBTC15M-26OCT052315-15",
        "t0": 1791255600,
        "day": 20732,
        "result": "yes",
        "pnl": 0.27
      },
      {
        "side": "no",
        "minute": 8,
        "entry": 0.24,
        "p_yes": 0.3687080821122083,
        "persist": 0.9979123173277662,
        "spot": 85542.31,
        "dist_pct": -0.03352771382828566,
        "gk_vol": 0.0012445146175566503,
        "hurst": 0.6749164535453622,
        "ticker": "KXBTC15M-26OCT060045-45",
        "t0": 1791261000,
        "day": 20732,
        "result": "yes",
        "pnl": -0.26
      },
      {
        "side": "no",
        "minute": 8,
        "entry": 0.53,
        "p_yes": 0.3235018335524859,
        "persist": 0.9979123173277662,
        "spot": 85629.12,
        "dist_pct": -0.04579287449800361,
        "gk_vol": 0.0011496899775784981,
        "hurst": 0.6979191073772779,
        "ticker": "KXBTC15M-26OCT060145-45",
        "t0": 1791264600,
        "day": 20732,
        "result": "no",
        "pnl": 0.44999999999999996
      }
    ],
    "passes": false
  },
  "next_minute_diagnostic": {
    "trades": 192,
    "wins": 102,
    "losses": 90,
    "mean_c": -4.338541666666669,
    "lo95_c": -9.805464173283351,
    "halves_c": [
      -5.354166666666669,
      -3.322916666666668
    ],
    "extra_1c_stress_c": -5.338541666666669,
    "mean_ex_best_10pct_days_c": -7.654320987654323,
    "max_day_gross_positive_share": 0.09570034002413073,
    "actual_no_ask_above_92c": 1,
    "rows": [
      {
        "side": "yes",
        "minute": 6,
        "entry": 0.77,
        "p_yes": 0.8321787893089124,
        "persist": 1.0,
        "spot": 77895.6,
        "dist_pct": 0.13616202046339926,
        "gk_vol": 0.0017180755437550205,
        "hurst": 0.5310627539866503,
        "ticker": "KXBTC15M-26SEP140830-30",
        "t0": 1789388100,
        "day": 20710,
        "result": "yes",
        "pnl": 0.21
      },
      {
        "side": "yes",
        "minute": 5,
        "entry": 0.8,
        "p_yes": 0.7221411094217709,
        "persist": 1.0,
        "spot": 77734.24,
        "dist_pct": 0.08332741080413676,
        "gk_vol": 0.0018965092985424293,
        "hurst": 0.7567478752153393,
        "ticker": "KXBTC15M-26SEP140930-30",
        "t0": 1789391700,
        "day": 20710,
        "result": "yes",
        "pnl": 0.17999999999999997
      },
      {
        "side": "yes",
        "minute": 7,
        "entry": 0.83,
        "p_yes": 0.997640061928003,
        "persist": 1.0,
        "spot": 78413.66,
        "dist_pct": 0.39959504015091696,
        "gk_vol": 0.0020243256384150743,
        "hurst": 0.5538413837788451,
        "ticker": "KXBTC15M-26SEP141000-00",
        "t0": 1789393500,
        "day": 20710,
        "result": "yes",
        "pnl": 0.16000000000000003
      },
      {
        "side": "yes",
        "minute": 6,
        "entry": 0.78,
        "p_yes": 0.9647035517728595,
        "persist": 1.0,
        "spot": 78388.58,
        "dist_pct": 0.25570207440594966,
        "gk_vol": 0.0020430920100425005,
        "hurst": 0.5409797651972588,
        "ticker": "KXBTC15M-26SEP141015-15",
        "t0": 1789394400,
        "day": 20710,
        "result": "yes",
        "pnl": 0.19999999999999998
      },
      {
        "side": "yes",
        "minute": 6,
        "entry": 0.28,
        "p_yes": 0.9073833478222662,
        "persist": 1.0,
        "spot": 78628.29,
        "dist_pct": 0.18735685275144523,
        "gk_vol": 0.0020911723930528404,
        "hurst": 0.535971705647448,
        "ticker": "KXBTC15M-26SEP141030-30",
        "t0": 1789395300,
        "day": 20710,
        "result": "no",
        "pnl": -0.30000000000000004
      },
      {
        "side": "yes",
        "minute": 7,
        "entry": 0.73,
        "p_yes": 0.9510021582913201,
        "persist": 0.9921259842519685,
        "spot": 78562.72,
        "dist_pct": 0.24285338242205162,
        "gk_vol": 0.0023104194960404936,
        "hurst": 0.5527963339494648,
        "ticker": "KXBTC15M-26SEP141045-45",
        "t0": 1789396200,
        "day": 20710,
        "result": "no",
        "pnl": -0.75
      },
      {
        "side": "yes",
        "minute": 3,
        "entry": 0.7,
        "p_yes": 0.6781102549234546,
        "persist": 0.9922480620155039,
        "spot": 78407.63,
        "dist_pct": 0.06978677892792495,
        "gk_vol": 0.00245208529506616,
        "hurst": 0.5967976257134062,
        "ticker": "KXBTC15M-26SEP141100-00",
        "t0": 1789397100,
        "day": 20710,
        "result": "yes",
        "pnl": 0.28
      },
      {
        "side": "no",
        "minute": 7,
        "entry": 0.54,
        "p_yes": 0.026209647699176053,
        "persist": 0.9924812030075187,
        "spot": 78303.28,
        "dist_pct": -0.27850804048854394,
        "gk_vol": 0.0024838750681758807,
        "hurst": 0.5455481815352882,
        "ticker": "KXBTC15M-26SEP141115-15",
        "t0": 1789398000,
        "day": 20710,
        "result": "no",
        "pnl": 0.43999999999999995
      },
      {
        "side": "no",
        "minute": 11,
        "entry": 0.5,
        "p_yes": 0.3802772075522881,
        "persist": 0.9960159362549801,
        "spot": 77941.02,
        "dist_pct": -0.030475299231261552,
        "gk_vol": 0.0015484366909670653,
        "hurst": 0.7289383607239641,
        "ticker": "KXBTC15M-26SEP142100-00",
        "t0": 1789433100,
        "day": 20711,
        "result": "no",
        "pnl": 0.48
      },
      {
        "side": "yes",
        "minute": 5,
        "entry": 0.81,
        "p_yes": 0.6472476662531742,
        "persist": 0.99609375,
        "spot": 77851.93,
        "dist_pct": 0.055507903096731516,
        "gk_vol": 0.0013753641700030238,
        "hurst": 0.7405704580637847,
        "ticker": "KXBTC15M-26SEP142130-30",
        "t0": 1789434900,
        "day": 20711,
        "result": "yes",
        "pnl": 0.16999999999999996
      },
      {
        "side": "yes",
        "minute": 5,
        "entry": 0.65,
        "p_yes": 0.6899675552578084,
        "persist": 0.9961832061068703,
        "spot": 78048.14,
        "dist_pct": 0.07234101261005432,
        "gk_vol": 0.0013969422257461147,
        "hurst": 0.7186941016850975,
        "ticker": "KXBTC15M-26SEP142200-00",
        "t0": 1789436700,
        "day": 20711,
        "result": "no",
        "pnl": -0.67
      },
      {
        "side": "yes",
        "minute": 8,
        "entry": 0.51,
        "p_yes": 0.8338969990604228,
        "persist": 0.9965397923875432,
        "spot": 77719.46,
        "dist_pct": 0.09696800158982721,
        "gk_vol": 0.0012025161210072323,
        "hurst": 0.5254158289728129,
        "ticker": "KXBTC15M-26SEP150015-15",
        "t0": 1789444800,
        "day": 20711,
        "result": "no",
        "pnl": -0.53
      },
      {
        "side": "no",
        "minute": 12,
        "entry": 0.18000000000000005,
        "p_yes": 0.2443160166298357,
        "persist": 0.9967532467532467,
        "spot": 77391.98,
        "dist_pct": -0.0692485991136291,
        "gk_vol": 0.0012504917212044738,
        "hurst": 0.6710225338459365,
        "ticker": "KXBTC15M-26SEP150145-45",
        "t0": 1789450200,
        "day": 20711,
        "result": "yes",
        "pnl": -0.20000000000000004
      },
      {
        "side": "yes",
        "minute": 6,
        "entry": 0.71,
        "p_yes": 0.7672309130394886,
        "persist": 0.9968051118210862,
        "spot": 77700.83,
        "dist_pct": 0.10542521805228326,
        "gk_vol": 0.0012601052108477658,
        "hurst": 0.5306308916366659,
        "ticker": "KXBTC15M-26SEP150215-15",
        "t0": 1789452000,
        "day": 20711,
        "result": "no",
        "pnl": -0.73
      },
      {
        "side": "yes",
        "minute": 8,
        "entry": 0.82,
        "p_yes": 0.8061366103325761,
        "persist": 0.9971830985915493,
        "spot": 76940.76,
        "dist_pct": 0.08637470282678669,
        "gk_vol": 0.001392003304546448,
        "hurst": 0.5120996394945296,
        "ticker": "KXBTC15M-26SEP150545-45",
        "t0": 1789464600,
        "day": 20711,
        "result": "yes",
        "pnl": 0.16000000000000006
      },
      {
        "side": "yes",
        "minute": 6,
        "entry": 0.68,
        "p_yes": 0.7186310167252674,
        "persist": 0.9972067039106145,
        "spot": 77006.24,
        "dist_pct": 0.08359552244083197,
        "gk_vol": 0.0013725915331122122,
        "hurst": 0.5820983540693669,
        "ticker": "KXBTC15M-26SEP150600-00",
        "t0": 1789465500,
        "day": 20711,
        "result": "yes",
        "pnl": 0.29999999999999993
      },
      {
        "side": "yes",
        "minute": 8,
        "entry": 0.55,
        "p_yes": 0.896639469141514,
        "persist": 0.9972972972972973,
        "spot": 77087.09,
        "dist_pct": 0.12626334785817545,
        "gk_vol": 0.001391371669072409,
        "hurst": 0.5097935059813471,
        "ticker": "KXBTC15M-26SEP150700-00",
        "t0": 1789469100,
        "day": 20711,
        "result": "yes",
        "pnl": 0.42999999999999994
      },
      {
        "side": "yes",
        "minute": 8,
        "entry": 0.7,
        "p_yes": 0.6224645736899412,
        "persist": 0.9974226804123711,
        "spot": 76924.81,
        "dist_pct": 0.031196026258225446,
        "gk_vol": 0.0013027875534760733,
        "hurst": 0.5904618908530471,
        "ticker": "KXBTC15M-26SEP150830-30",
        "t0": 1789474500,
        "day": 20711,
        "result": "no",
        "pnl": -0.72
      },
      {
        "side": "yes",
        "minute": 5,
        "entry": 0.81,
        "p_yes": 0.706387079942693,
        "persist": 0.9974619289340102,
        "spot": 76968.85,
        "dist_pct": 0.0783137182802272,
        "gk_vol": 0.001263748112638994,
        "hurst": 0.639744473676467,
        "ticker": "KXBTC15M-26SEP150900-00",
        "t0": 1789476300,
        "day": 20711,
        "result": "yes",
        "pnl": 0.16999999999999996
      },
      {
        "side": "no",
        "minute": 6,
        "entry": 0.55,
        "p_yes": 0.3563961743179013,
        "persist": 0.9975,
        "spot": 76907.44,
        "dist_pct": -0.051619838860850954,
        "gk_vol": 0.00142572676672825,
        "hurst": 0.6693183736124713,
        "ticker": "KXBTC15M-26SEP150930-30",
        "t0": 1789478100,
        "day": 20711,
        "result": "no",
        "pnl": 0.42999999999999994
      },
      {
        "side": "yes",
        "minute": 8,
        "entry": 0.26,
        "p_yes": 0.6559668577909575,
        "persist": 0.9872611464968153,
        "spot": 75775.01,
        "dist_pct": 0.04014807656253903,
        "gk_vol": 0.0019538944708176026,
        "hurst": 0.558796830013023,
        "ticker": "KXBTC15M-26SEP152100-00",
        "t0": 1789519500,
        "day": 20712,
        "result": "no",
        "pnl": -0.28
      },
      {
        "side": "yes",
        "minute": 7,
        "entry": 0.38,
        "p_yes": 0.6922250446616359,
        "persist": 0.9872611464968153,
        "spot": 75886.28,
        "dist_pct": 0.07400749253330778,
        "gk_vol": 0.0016981638423256284,
        "hurst": 0.5176586995846971,
        "ticker": "KXBTC15M-26SEP152315-15",
        "t0": 1789527600,
        "day": 20712,
        "result": "yes",
        "pnl": 0.6
      },
      {
        "side": "yes",
        "minute": 12,
        "entry": 0.29,
        "p_yes": 0.8499557940483586,
        "persist": 0.9872611464968153,
        "spot": 75968.11,
        "dist_pct": 0.10362438952334152,
        "gk_vol": 0.00170223303790605,
        "hurst": 0.6221168861297967,
        "ticker": "KXBTC15M-26SEP152330-30",
        "t0": 1789528500,
        "day": 20712,
        "result": "no",
        "pnl": -0.31
      },
      {
        "side": "no",
        "minute": 6,
        "entry": 0.26,
        "p_yes": 0.31190247859628406,
        "persist": 0.9872611464968153,
        "spot": 75772.3,
        "dist_pct": -0.07228285503693557,
        "gk_vol": 0.0016466215615627575,
        "hurst": 0.7098144357889119,
        "ticker": "KXBTC15M-26SEP160030-30",
        "t0": 1789532100,
        "day": 20712,
        "result": "yes",
        "pnl": -0.28
      },
      {
        "side": "yes",
        "minute": 6,
        "entry": 0.86,
        "p_yes": 0.7313748492706462,
        "persist": 0.9872611464968153,
        "spot": 75810.44,
        "dist_pct": 0.09092761082189785,
        "gk_vol": 0.0016727071196412917,
        "hurst": 0.8628302342096172,
        "ticker": "KXBTC15M-26SEP160130-30",
        "t0": 1789535700,
        "day": 20712,
        "result": "yes",
        "pnl": 0.13
      },
      {
        "side": "yes",
        "minute": 6,
        "entry": 0.65,
        "p_yes": 0.6770940887239892,
        "persist": 0.989406779661017,
        "spot": 75903.21,
        "dist_pct": 0.06653681857768244,
        "gk_vol": 0.0013428584162961368,
        "hurst": 0.8191095794136914,
        "ticker": "KXBTC15M-26SEP160300-00",
        "t0": 1789541100,
        "day": 20712,
        "result": "yes",
        "pnl": 0.32999999999999996
      },
      {
        "side": "no",
        "minute": 6,
        "entry": 0.65,
        "p_yes": 0.35238577648534986,
        "persist": 0.989406779661017,
        "spot": 75749.73,
        "dist_pct": -0.05620621506161088,
        "gk_vol": 0.0013764018754929054,
        "hurst": 0.746489605757239,
        "ticker": "KXBTC15M-26SEP160330-30",
        "t0": 1789542900,
        "day": 20712,
        "result": "no",
        "pnl": 0.32999999999999996
      },
      {
        "side": "yes",
        "minute": 6,
        "entry": 0.5,
        "p_yes": 0.6999213700777858,
        "persist": 0.989406779661017,
        "spot": 75802.91,
        "dist_pct": 0.07599146350237694,
        "gk_vol": 0.0013249530136583538,
        "hurst": 0.7381555953928803,
        "ticker": "KXBTC15M-26SEP160400-00",
        "t0": 1789544700,
        "day": 20712,
        "result": "no",
        "pnl": -0.52
      },
      {
        "side": "yes",
        "minute": 11,
        "entry": 0.54,
        "p_yes": 0.6466605144866392,
        "persist": 0.989406779661017,
        "spot": 75947.96,
        "dist_pct": 0.03763201996223492,
        "gk_vol": 0.0015229725956939892,
        "hurst": 0.5751693400229051,
        "ticker": "KXBTC15M-26SEP160615-15",
        "t0": 1789552800,
        "day": 20712,
        "result": "no",
        "pnl": -0.56
      },
      {
        "side": "yes",
        "minute": 8,
        "entry": 0.44,
        "p_yes": 0.7865979443543183,
        "persist": 0.989406779661017,
        "spot": 75940.65,
        "dist_pct": 0.07946721384388496,
        "gk_vol": 0.0015363319462777438,
        "hurst": 0.8289216029419555,
        "ticker": "KXBTC15M-26SEP160630-30",
        "t0": 1789553700,
        "day": 20712,
        "result": "yes",
        "pnl": 0.54
      },
      {
        "side": "yes",
        "minute": 5,
        "entry": 0.35,
        "p_yes": 0.6334596538432145,
        "persist": 0.989406779661017,
        "spot": 76224.87,
        "dist_pct": 0.04918136069743969,
        "gk_vol": 0.001483011830198689,
        "hurst": 0.5950305432524083,
        "ticker": "KXBTC15M-26SEP160815-15",
        "t0": 1789560000,
        "day": 20712,
        "result": "no",
        "pnl": -0.37
      },
      {
        "side": "yes",
        "minute": 5,
        "entry": 0.76,
        "p_yes": 0.6842744413191284,
        "persist": 0.989406779661017,
        "spot": 75960.78,
        "dist_pct": 0.06947880619761128,
        "gk_vol": 0.0014332177025978077,
        "hurst": 0.8633783836027004,
        "ticker": "KXBTC15M-26SEP160900-00",
        "t0": 1789562700,
        "day": 20712,
        "result": "no",
        "pnl": -0.78
      },
      {
        "side": "yes",
        "minute": 5,
        "entry": 0.59,
        "p_yes": 0.7713125173071929,
        "persist": 0.989406779661017,
        "spot": 75796.23,
        "dist_pct": 0.10805075175904098,
        "gk_vol": 0.0015669414667782873,
        "hurst": 0.8555109493745553,
        "ticker": "KXBTC15M-26SEP161000-00",
        "t0": 1789566300,
        "day": 20712,
        "result": "no",
        "pnl": -0.61
      },
      {
        "side": "no",
        "minute": 6,
        "entry": 0.53,
        "p_yes": 0.21356395183136073,
        "persist": 0.989406779661017,
        "spot": 75498.72,
        "dist_pct": -0.11699078480931352,
        "gk_vol": 0.0017248500359643673,
        "hurst": 0.537076817285109,
        "ticker": "KXBTC15M-26SEP161015-15",
        "t0": 1789567200,
        "day": 20712,
        "result": "no",
        "pnl": 0.44999999999999996
      },
      {
        "side": "yes",
        "minute": 5,
        "entry": 0.39,
        "p_yes": 0.6846747032511584,
        "persist": 0.989406779661017,
        "spot": 75651.81,
        "dist_pct": 0.06964363096097123,
        "gk_vol": 0.0019897403009613065,
        "hurst": 0.5205868157411567,
        "ticker": "KXBTC15M-26SEP161115-15",
        "t0": 1789570800,
        "day": 20712,
        "result": "yes",
        "pnl": 0.59
      },
      {
        "side": "no",
        "minute": 7,
        "entry": 0.45999999999999996,
        "p_yes": 0.23845059999520163,
        "persist": 0.989406779661017,
        "spot": 75626.16,
        "dist_pct": -0.1048668162373821,
        "gk_vol": 0.0020612051291130857,
        "hurst": 0.6006403238690291,
        "ticker": "KXBTC15M-26SEP161130-30",
        "t0": 1789571700,
        "day": 20712,
        "result": "no",
        "pnl": 0.52
      },
      {
        "side": "no",
        "minute": 6,
        "entry": 0.24,
        "p_yes": 0.380490024651821,
        "persist": 0.9807280513918629,
        "spot": 76124.67,
        "dist_pct": -0.0464810497154332,
        "gk_vol": 0.001644176545928651,
        "hurst": 0.6031391979742889,
        "ticker": "KXBTC15M-26SEP170045-45",
        "t0": 1789619400,
        "day": 20713,
        "result": "yes",
        "pnl": -0.26
      },
      {
        "side": "no",
        "minute": 9,
        "entry": 0.4,
        "p_yes": 0.34050047772670433,
        "persist": 0.9807280513918629,
        "spot": 76373.78,
        "dist_pct": -0.04110977277852917,
        "gk_vol": 0.0017272333524278975,
        "hurst": 0.6691106220928648,
        "ticker": "KXBTC15M-26SEP170130-30",
        "t0": 1789622100,
        "day": 20713,
        "result": "yes",
        "pnl": -0.42000000000000004
      },
      {
        "side": "no",
        "minute": 6,
        "entry": 0.38,
        "p_yes": 0.3584157387652461,
        "persist": 0.9872340425531915,
        "spot": 76580.82,
        "dist_pct": -0.05345738509336621,
        "gk_vol": 0.0011850268235647874,
        "hurst": 0.7383069748954251,
        "ticker": "KXBTC15M-26SEP170530-30",
        "t0": 1789636500,
        "day": 20713,
        "result": "yes",
        "pnl": -0.4
      },
      {
        "side": "no",
        "minute": 6,
        "entry": 0.24,
        "p_yes": 0.36537823119714513,
        "persist": 0.9915074309978769,
        "spot": 76258.79,
        "dist_pct": -0.05004130570323771,
        "gk_vol": 0.0012121308831748348,
        "hurst": 0.5121382744679195,
        "ticker": "KXBTC15M-26SEP170645-45",
        "t0": 1789641000,
        "day": 20713,
        "result": "no",
        "pnl": 0.74
      },
      {
        "side": "no",
        "minute": 6,
        "entry": 0.29000000000000004,
        "p_yes": 0.3666216214588972,
        "persist": 0.9915611814345991,
        "spot": 76225.22,
        "dist_pct": -0.04955220099494315,
        "gk_vol": 0.0012171674042543406,
        "hurst": 0.6131125416788398,
        "ticker": "KXBTC15M-26SEP170700-00",
        "t0": 1789641900,
        "day": 20713,
        "result": "yes",
        "pnl": -0.31000000000000005
      },
      {
        "side": "yes",
        "minute": 5,
        "entry": 0.5,
        "p_yes": 0.7206616979084881,
        "persist": 0.991578947368421,
        "spot": 76974.51,
        "dist_pct": 0.08502242646905779,
        "gk_vol": 0.0013319381479298543,
        "hurst": 0.8891384837787146,
        "ticker": "KXBTC15M-26SEP170845-45",
        "t0": 1789648200,
        "day": 20713,
        "result": "no",
        "pnl": -0.52
      },
      {
        "side": "no",
        "minute": 7,
        "entry": 0.8,
        "p_yes": 0.13518633681738523,
        "persist": 0.991578947368421,
        "spot": 76709.6,
        "dist_pct": -0.16024422928147714,
        "gk_vol": 0.001470705434335186,
        "hurst": 0.5585685642586234,
        "ticker": "KXBTC15M-26SEP170900-00",
        "t0": 1789649100,
        "day": 20713,
        "result": "no",
        "pnl": 0.17999999999999997
      },
      {
        "side": "yes",
        "minute": 6,
        "entry": 0.62,
        "p_yes": 0.7863279799182621,
        "persist": 0.991578947368421,
        "spot": 76779.16,
        "dist_pct": 0.11539866784299416,
        "gk_vol": 0.001483124415049406,
        "hurst": 0.8404055281110956,
        "ticker": "KXBTC15M-26SEP170915-15",
        "t0": 1789650000,
        "day": 20713,
        "result": "no",
        "pnl": -0.64
      },
      {
        "side": "yes",
        "minute": 8,
        "entry": 0.4,
        "p_yes": 0.640568105307554,
        "persist": 0.989451476793249,
        "spot": 76532.24,
        "dist_pct": 0.03599778837118262,
        "gk_vol": 0.0016666683690786776,
        "hurst": 0.8141968295409843,
        "ticker": "KXBTC15M-26SEP171545-45",
        "t0": 1789673400,
        "day": 20713,
        "result": "yes",
        "pnl": 0.58
      },
      {
        "side": "no",
        "minute": 6,
        "entry": 0.33999999999999997,
        "p_yes": 0.3721795854400414,
        "persist": 0.989451476793249,
        "spot": 76490.78,
        "dist_pct": -0.04699011090764666,
        "gk_vol": 0.0014833861915381067,
        "hurst": 0.6682527973330666,
        "ticker": "KXBTC15M-26SEP171600-00",
        "t0": 1789674300,
        "day": 20713,
        "result": "yes",
        "pnl": -0.36
      },
      {
        "side": "yes",
        "minute": 6,
        "entry": 0.62,
        "p_yes": 0.6468568011955136,
        "persist": 0.989451476793249,
        "spot": 76684.04,
        "dist_pct": 0.05589682833775633,
        "gk_vol": 0.001135816565243435,
        "hurst": 0.5399787570801409,
        "ticker": "KXBTC15M-26SEP172200-00",
        "t0": 1789695900,
        "day": 20714,
        "result": "yes",
        "pnl": 0.36
      },
      {
        "side": "yes",
        "minute": 5,
        "entry": 0.74,
        "p_yes": 0.7046980082248298,
        "persist": 0.989451476793249,
        "spot": 77340.18,
        "dist_pct": 0.07947850094902954,
        "gk_vol": 0.0014082417296089516,
        "hurst": 0.7553662214901735,
        "ticker": "KXBTC15M-26SEP180000-00",
        "t0": 1789703100,
        "day": 20714,
        "result": "yes",
        "pnl": 0.24000000000000002
      },
      {
        "side": "yes",
        "minute": 8,
        "entry": 0.56,
        "p_yes": 0.6517579435822942,
        "persist": 0.989451476793249,
        "spot": 77272.47,
        "dist_pct": 0.039007104134862636,
        "gk_vol": 0.0014562849689628453,
        "hurst": 0.7146328168062686,
        "ticker": "KXBTC15M-26SEP180030-30",
        "t0": 1789704900,
        "day": 20714,
        "result": "no",
        "pnl": -0.5800000000000001
      },
      {
        "side": "no",
        "minute": 6,
        "entry": 0.28,
        "p_yes": 0.3712111890572187,
        "persist": 0.989451476793249,
        "spot": 77172.4,
        "dist_pct": -0.04736496290522589,
        "gk_vol": 0.0014285771914556071,
        "hurst": 0.5090721778429868,
        "ticker": "KXBTC15M-26SEP180045-45",
        "t0": 1789705800,
        "day": 20714,
        "result": "yes",
        "pnl": -0.30000000000000004
      },
      {
        "side": "yes",
        "minute": 5,
        "entry": 0.83,
        "p_yes": 0.7559928825998289,
        "persist": 0.989451476793249,
        "spot": 77602.68,
        "dist_pct": 0.10224007145194931,
        "gk_vol": 0.0016594049172777006,
        "hurst": 0.5040120818548766,
        "ticker": "KXBTC15M-26SEP180315-15",
        "t0": 1789714800,
        "day": 20714,
        "result": "yes",
        "pnl": 0.16000000000000003
      },
      {
        "side": "no",
        "minute": 7,
        "entry": 0.64,
        "p_yes": 0.24925486462509583,
        "persist": 0.989451476793249,
        "spot": 77683.24,
        "dist_pct": -0.09832856865444678,
        "gk_vol": 0.0015761389135372,
        "hurst": 0.793786193511633,
        "ticker": "KXBTC15M-26SEP180400-00",
        "t0": 1789717500,
        "day": 20714,
        "result": "no",
        "pnl": 0.33999999999999997
      },
      {
        "side": "no",
        "minute": 9,
        "entry": 0.73,
        "p_yes": 0.35392289091805873,
        "persist": 0.989451476793249,
        "spot": 78262.65,
        "dist_pct": -0.03747509802728358,
        "gk_vol": 0.0017598340053432543,
        "hurst": 0.5974082118090761,
        "ticker": "KXBTC15M-26SEP180530-30",
        "t0": 1789722900,
        "day": 20714,
        "result": "no",
        "pnl": 0.25
      },
      {
        "side": "yes",
        "minute": 5,
        "entry": 0.88,
        "p_yes": 0.642899909866049,
        "persist": 0.989451476793249,
        "spot": 78030.88,
        "dist_pct": 0.0543413451983365,
        "gk_vol": 0.0017334418726986994,
        "hurst": 0.5010888722644233,
        "ticker": "KXBTC15M-26SEP180600-00",
        "t0": 1789724700,
        "day": 20714,
        "result": "yes",
        "pnl": 0.11
      },
      {
        "side": "yes",
        "minute": 5,
        "entry": 0.47,
        "p_yes": 0.670509206385011,
        "persist": 0.9979123173277662,
        "spot": 78045.68,
        "dist_pct": 0.06358011023372648,
        "gk_vol": 0.0018094759483817794,
        "hurst": 0.7374183276738199,
        "ticker": "KXBTC15M-26SEP180815-15",
        "t0": 1789732800,
        "day": 20714,
        "result": "yes",
        "pnl": 0.51
      },
      {
        "side": "yes",
        "minute": 6,
        "entry": 0.48,
        "p_yes": 0.6279508788520416,
        "persist": 0.9937106918238994,
        "spot": 81201.97,
        "dist_pct": 0.04639970450066476,
        "gk_vol": 0.0021009583422536083,
        "hurst": 0.9120043493479659,
        "ticker": "KXBTC15M-26SEP181530-30",
        "t0": 1789758900,
        "day": 20714,
        "result": "yes",
        "pnl": 0.5
      },
      {
        "side": "yes",
        "minute": 3,
        "entry": 0.82,
        "p_yes": 0.6393757351115874,
        "persist": 0.9937106918238994,
        "spot": 81248.99,
        "dist_pct": 0.05078333040874207,
        "gk_vol": 0.0020765637578982134,
        "hurst": 0.6616580220993102,
        "ticker": "KXBTC15M-26SEP181600-00",
        "t0": 1789760700,
        "day": 20714,
        "result": "yes",
        "pnl": 0.16000000000000006
      },
      {
        "side": "no",
        "minute": 8,
        "entry": 0.6599999999999999,
        "p_yes": 0.3488341807030291,
        "persist": 0.9937106918238994,
        "spot": 80849.99,
        "dist_pct": -0.03884699833991303,
        "gk_vol": 0.0014272935652253588,
        "hurst": 0.5265212086751853,
        "ticker": "KXBTC15M-26SEP182015-15",
        "t0": 1789776000,
        "day": 20715,
        "result": "yes",
        "pnl": -0.6799999999999999
      },
      {
        "side": "yes",
        "minute": 12,
        "entry": 0.34,
        "p_yes": 0.7015961886545588,
        "persist": 0.9937106918238994,
        "spot": 81404.59,
        "dist_pct": 0.05289968050017926,
        "gk_vol": 0.0015604643262632789,
        "hurst": 0.6770861462422451,
        "ticker": "KXBTC15M-26SEP182230-30",
        "t0": 1789784100,
        "day": 20715,
        "result": "no",
        "pnl": -0.36000000000000004
      },
      {
        "side": "yes",
        "minute": 5,
        "entry": 0.76,
        "p_yes": 0.6183218272765898,
        "persist": 0.99581589958159,
        "spot": 81047.42,
        "dist_pct": 0.04170903093713193,
        "gk_vol": 0.0009130696319533414,
        "hurst": 0.6574936718008088,
        "ticker": "KXBTC15M-26SEP190315-15",
        "t0": 1789801200,
        "day": 20715,
        "result": "yes",
        "pnl": 0.22
      },
      {
        "side": "yes",
        "minute": 8,
        "entry": 0.49,
        "p_yes": 0.7540256307138915,
        "persist": 0.99581589958159,
        "spot": 81326.21,
        "dist_pct": 0.06872124105271075,
        "gk_vol": 0.0010162141830272486,
        "hurst": 0.7524522110105116,
        "ticker": "KXBTC15M-26SEP191945-45",
        "t0": 1789860600,
        "day": 20715,
        "result": "no",
        "pnl": -0.51
      },
      {
        "side": "no",
        "minute": 12,
        "entry": 0.21999999999999997,
        "p_yes": 0.3438345347181926,
        "persist": 0.99581589958159,
        "spot": 81206.99,
        "dist_pct": -0.04020204419884742,
        "gk_vol": 0.0010295005400971153,
        "hurst": 0.7363729556849354,
        "ticker": "KXBTC15M-26SEP192015-15",
        "t0": 1789862400,
        "day": 20716,
        "result": "yes",
        "pnl": -0.23999999999999996
      },
      {
        "side": "no",
        "minute": 6,
        "entry": 0.78,
        "p_yes": 0.3832090982653068,
        "persist": 0.99581589958159,
        "spot": 81235.2,
        "dist_pct": -0.04406245228156716,
        "gk_vol": 0.0009831503202365867,
        "hurst": 0.7055352650501572,
        "ticker": "KXBTC15M-26SEP192115-15",
        "t0": 1789866000,
        "day": 20716,
        "result": "no",
        "pnl": 0.19999999999999998
      },
      {
        "side": "no",
        "minute": 3,
        "entry": 0.31000000000000005,
        "p_yes": 0.3619501046571889,
        "persist": 0.99581589958159,
        "spot": 80215.86,
        "dist_pct": -0.05211961620126587,
        "gk_vol": 0.001462602610835498,
        "hurst": 0.8030446884140794,
        "ticker": "KXBTC15M-26SEP192330-30",
        "t0": 1789874100,
        "day": 20716,
        "result": "yes",
        "pnl": -0.33000000000000007
      },
      {
        "side": "no",
        "minute": 9,
        "entry": 0.31000000000000005,
        "p_yes": 0.27789591440750167,
        "persist": 0.99581589958159,
        "spot": 80346.0,
        "dist_pct": -0.05891033786870033,
        "gk_vol": 0.001740500527275963,
        "hurst": 0.7863985023921765,
        "ticker": "KXBTC15M-26SEP200030-30",
        "t0": 1789877700,
        "day": 20716,
        "result": "yes",
        "pnl": -0.33000000000000007
      },
      {
        "side": "no",
        "minute": 8,
        "entry": 0.30000000000000004,
        "p_yes": 0.37349465092176304,
        "persist": 0.99581589958159,
        "spot": 80349.28,
        "dist_pct": -0.03226119098165661,
        "gk_vol": 0.0017748559808366117,
        "hurst": 0.7953399320128427,
        "ticker": "KXBTC15M-26SEP200100-00",
        "t0": 1789879500,
        "day": 20716,
        "result": "yes",
        "pnl": -0.32000000000000006
      },
      {
        "side": "yes",
        "minute": 5,
        "entry": 0.68,
        "p_yes": 0.6425734822191521,
        "persist": 0.99581589958159,
        "spot": 80453.1,
        "dist_pct": 0.0509251400441496,
        "gk_vol": 0.0018090019511658767,
        "hurst": 0.8580294497485663,
        "ticker": "KXBTC15M-26SEP200115-15",
        "t0": 1789880400,
        "day": 20716,
        "result": "yes",
        "pnl": 0.29999999999999993
      },
      {
        "side": "yes",
        "minute": 5,
        "entry": 0.51,
        "p_yes": 0.6362550852632659,
        "persist": 0.997907949790795,
        "spot": 80559.68,
        "dist_pct": 0.048894496307820154,
        "gk_vol": 0.0018445796244797156,
        "hurst": 0.856727001511761,
        "ticker": "KXBTC15M-26SEP200145-45",
        "t0": 1789882200,
        "day": 20716,
        "result": "no",
        "pnl": -0.53
      },
      {
        "side": "no",
        "minute": 7,
        "entry": 0.77,
        "p_yes": 0.2309716325958654,
        "persist": 1.0,
        "spot": 80397.49,
        "dist_pct": -0.10403669328073796,
        "gk_vol": 0.0018736522670865753,
        "hurst": 0.8571922226551663,
        "ticker": "KXBTC15M-26SEP200215-15",
        "t0": 1789884000,
        "day": 20716,
        "result": "yes",
        "pnl": -0.79
      },
      {
        "side": "no",
        "minute": 7,
        "entry": 0.69,
        "p_yes": 0.3771220459545987,
        "persist": 1.0,
        "spot": 80422.07,
        "dist_pct": -0.04427171597891431,
        "gk_vol": 0.001897002948628432,
        "hurst": 0.8489742175772159,
        "ticker": "KXBTC15M-26SEP200245-45",
        "t0": 1789885800,
        "day": 20716,
        "result": "no",
        "pnl": 0.29000000000000004
      },
      {
        "side": "no",
        "minute": 8,
        "entry": 0.26,
        "p_yes": 0.3465600290892582,
        "persist": 1.0,
        "spot": 80272.48,
        "dist_pct": -0.03946245879884236,
        "gk_vol": 0.001722408287399653,
        "hurst": 0.8534272173349731,
        "ticker": "KXBTC15M-26SEP200315-15",
        "t0": 1789887600,
        "day": 20716,
        "result": "yes",
        "pnl": -0.28
      },
      {
        "side": "no",
        "minute": 8,
        "entry": 0.6799999999999999,
        "p_yes": 0.23265474143452236,
        "persist": 1.0,
        "spot": 80283.0,
        "dist_pct": -0.0730131789659356,
        "gk_vol": 0.0015868655960614945,
        "hurst": 0.7576641465167597,
        "ticker": "KXBTC15M-26SEP200330-30",
        "t0": 1789888500,
        "day": 20716,
        "result": "yes",
        "pnl": -0.7
      },
      {
        "side": "no",
        "minute": 8,
        "entry": 0.6699999999999999,
        "p_yes": 0.38398678802118313,
        "persist": 1.0,
        "spot": 80308.0,
        "dist_pct": -0.029502674535702707,
        "gk_vol": 0.0013550208598713184,
        "hurst": 0.7643374361689743,
        "ticker": "KXBTC15M-26SEP200400-00",
        "t0": 1789890300,
        "day": 20716,
        "result": "no",
        "pnl": 0.31000000000000005
      },
      {
        "side": "yes",
        "minute": 8,
        "entry": 0.54,
        "p_yes": 0.6125632044242124,
        "persist": 1.0,
        "spot": 80266.0,
        "dist_pct": 0.02860060777848934,
        "gk_vol": 0.0012394090186052529,
        "hurst": 0.5601494173330378,
        "ticker": "KXBTC15M-26SEP200515-15",
        "t0": 1789894800,
        "day": 20716,
        "result": "yes",
        "pnl": 0.43999999999999995
      },
      {
        "side": "no",
        "minute": 8,
        "entry": 0.37,
        "p_yes": 0.3837780100050837,
        "persist": 1.0,
        "spot": 80430.01,
        "dist_pct": -0.029557339685301137,
        "gk_vol": 0.0009912634094110936,
        "hurst": 0.7817991752749378,
        "ticker": "KXBTC15M-26SEP200815-15",
        "t0": 1789905600,
        "day": 20716,
        "result": "no",
        "pnl": 0.61
      },
      {
        "side": "no",
        "minute": 8,
        "entry": 0.5,
        "p_yes": 0.3591695124737403,
        "persist": 1.0,
        "spot": 80319.32,
        "dist_pct": -0.036067969079614536,
        "gk_vol": 0.0010186753044464619,
        "hurst": 0.6708427066551704,
        "ticker": "KXBTC15M-26SEP200845-45",
        "t0": 1789907400,
        "day": 20716,
        "result": "no",
        "pnl": 0.48
      },
      {
        "side": "yes",
        "minute": 5,
        "entry": 0.72,
        "p_yes": 0.7346471302402127,
        "persist": 1.0,
        "spot": 81359.1,
        "dist_pct": 0.08866113081017597,
        "gk_vol": 0.001772847308259448,
        "hurst": 0.595619966342946,
        "ticker": "KXBTC15M-26SEP201315-15",
        "t0": 1789923600,
        "day": 20716,
        "result": "no",
        "pnl": -0.74
      },
      {
        "side": "yes",
        "minute": 11,
        "entry": 0.917,
        "p_yes": 0.9305069955299001,
        "persist": 1.0,
        "spot": 81251.29,
        "dist_pct": 0.1479577844541944,
        "gk_vol": 0.0016755259578993562,
        "hurst": 0.6214842686064128,
        "ticker": "KXBTC15M-26SEP201845-45",
        "t0": 1789943400,
        "day": 20716,
        "result": "no",
        "pnl": -0.927
      },
      {
        "side": "no",
        "minute": 8,
        "entry": 0.09099999999999997,
        "p_yes": 0.36295214042394225,
        "persist": 1.0,
        "spot": 81123.0,
        "dist_pct": -0.03505790716000403,
        "gk_vol": 0.001756929285250056,
        "hurst": 0.6950079489488042,
        "ticker": "KXBTC15M-26SEP201945-45",
        "t0": 1789947000,
        "day": 20716,
        "result": "yes",
        "pnl": -0.10099999999999996
      },
      {
        "side": "no",
        "minute": 7,
        "entry": 0.47,
        "p_yes": 0.1672286084218899,
        "persist": 1.0,
        "spot": 81619.57,
        "dist_pct": -0.13649633866557048,
        "gk_vol": 0.002016162513144186,
        "hurst": 0.5611601813128302,
        "ticker": "KXBTC15M-26SEP202045-45",
        "t0": 1789950600,
        "day": 20717,
        "result": "no",
        "pnl": 0.51
      },
      {
        "side": "yes",
        "minute": 8,
        "entry": 0.7,
        "p_yes": 0.8491366844940359,
        "persist": 1.0,
        "spot": 81469.66,
        "dist_pct": 0.10327378513228926,
        "gk_vol": 0.0023619754365065476,
        "hurst": 0.6195000690122212,
        "ticker": "KXBTC15M-26SEP210100-00",
        "t0": 1789965900,
        "day": 20717,
        "result": "no",
        "pnl": -0.72
      },
      {
        "side": "no",
        "minute": 3,
        "entry": 0.27,
        "p_yes": 0.30914871891366785,
        "persist": 0.9937106918238994,
        "spot": 86494.97,
        "dist_pct": -0.07668549531633305,
        "gk_vol": 0.0021434799772016935,
        "hurst": 0.5769202040720672,
        "ticker": "KXBTC15M-26SEP211615-15",
        "t0": 1790020800,
        "day": 20717,
        "result": "yes",
        "pnl": -0.29000000000000004
      },
      {
        "side": "yes",
        "minute": 5,
        "entry": 0.5,
        "p_yes": 0.6649467471467506,
        "persist": 0.9937106918238994,
        "spot": 86660.05,
        "dist_pct": 0.059925076335204865,
        "gk_vol": 0.0022091846578815534,
        "hurst": 0.6064875934289179,
        "ticker": "KXBTC15M-26SEP211830-30",
        "t0": 1790028900,
        "day": 20717,
        "result": "no",
        "pnl": -0.52
      },
      {
        "side": "no",
        "minute": 8,
        "entry": 0.78,
        "p_yes": 0.11995149782505676,
        "persist": 0.9937106918238994,
        "spot": 86298.6,
        "dist_pct": -0.11752295771742222,
        "gk_vol": 0.0023003341019108797,
        "hurst": 0.5916526791826089,
        "ticker": "KXBTC15M-26SEP211900-00",
        "t0": 1790030700,
        "day": 20717,
        "result": "yes",
        "pnl": -0.8
      },
      {
        "side": "no",
        "minute": 7,
        "entry": 0.54,
        "p_yes": 0.264869182932584,
        "persist": 0.9937106918238994,
        "spot": 85571.82,
        "dist_pct": -0.09592082002492931,
        "gk_vol": 0.002287460938373128,
        "hurst": 0.6113510593060962,
        "ticker": "KXBTC15M-26SEP212200-00",
        "t0": 1790041500,
        "day": 20718,
        "result": "no",
        "pnl": 0.43999999999999995
      },
      {
        "side": "yes",
        "minute": 11,
        "entry": 0.77,
        "p_yes": 0.6337302172582029,
        "persist": 0.9937106918238994,
        "spot": 85764.62,
        "dist_pct": 0.034174946801374693,
        "gk_vol": 0.002356472970616821,
        "hurst": 0.574996779637495,
        "ticker": "KXBTC15M-26SEP212245-45",
        "t0": 1790044200,
        "day": 20718,
        "result": "yes",
        "pnl": 0.21
      },
      {
        "side": "yes",
        "minute": 6,
        "entry": 0.65,
        "p_yes": 0.6751742111314172,
        "persist": 0.9937106918238994,
        "spot": 85687.09,
        "dist_pct": 0.06409971949803861,
        "gk_vol": 0.002464071045577384,
        "hurst": 0.6482059566419278,
        "ticker": "KXBTC15M-26SEP220015-15",
        "t0": 1790049600,
        "day": 20718,
        "result": "no",
        "pnl": -0.67
      },
      {
        "side": "no",
        "minute": 8,
        "entry": 0.55,
        "p_yes": 0.09659137587774852,
        "persist": 0.9937106918238994,
        "spot": 85454.41,
        "dist_pct": -0.13012215752213532,
        "gk_vol": 0.0023870611641592667,
        "hurst": 0.6710444841991371,
        "ticker": "KXBTC15M-26SEP220045-45",
        "t0": 1790051400,
        "day": 20718,
        "result": "no",
        "pnl": 0.42999999999999994
      },
      {
        "side": "no",
        "minute": 8,
        "entry": 0.30000000000000004,
        "p_yes": 0.3869414877953152,
        "persist": 0.9937106918238994,
        "spot": 85391.49,
        "dist_pct": -0.028729970240941424,
        "gk_vol": 0.002159071417184222,
        "hurst": 0.677370901091686,
        "ticker": "KXBTC15M-26SEP220115-15",
        "t0": 1790053200,
        "day": 20718,
        "result": "no",
        "pnl": 0.6799999999999999
      },
      {
        "side": "no",
        "minute": 6,
        "entry": 0.49,
        "p_yes": 0.3514727786548152,
        "persist": 0.9915966386554622,
        "spot": 85791.24,
        "dist_pct": -0.05905039646707359,
        "gk_vol": 0.0021947379822689858,
        "hurst": 0.6597126030513578,
        "ticker": "KXBTC15M-26SEP220700-00",
        "t0": 1790073900,
        "day": 20718,
        "result": "yes",
        "pnl": -0.51
      },
      {
        "side": "no",
        "minute": 7,
        "entry": 0.47,
        "p_yes": 0.19844087388424192,
        "persist": 0.9915966386554622,
        "spot": 85840.83,
        "dist_pct": -0.12836359625629457,
        "gk_vol": 0.002249826992275855,
        "hurst": 0.6204932845357579,
        "ticker": "KXBTC15M-26SEP220830-30",
        "t0": 1790079300,
        "day": 20718,
        "result": "yes",
        "pnl": -0.49
      },
      {
        "side": "yes",
        "minute": 5,
        "entry": 0.64,
        "p_yes": 0.6763348387961472,
        "persist": 0.9915966386554622,
        "spot": 86559.55,
        "dist_pct": 0.06575519576448295,
        "gk_vol": 0.0020819498132462672,
        "hurst": 0.6485400748706237,
        "ticker": "KXBTC15M-26SEP221530-30",
        "t0": 1790104500,
        "day": 20718,
        "result": "yes",
        "pnl": 0.33999999999999997
      },
      {
        "side": "no",
        "minute": 6,
        "entry": 0.72,
        "p_yes": 0.35913552168513924,
        "persist": 0.9915966386554622,
        "spot": 86290.3,
        "dist_pct": -0.05598883651629966,
        "gk_vol": 0.0017806447582075769,
        "hurst": 0.683643592002158,
        "ticker": "KXBTC15M-26SEP221700-00",
        "t0": 1790109900,
        "day": 20718,
        "result": "no",
        "pnl": 0.26
      },
      {
        "side": "no",
        "minute": 7,
        "entry": 0.42000000000000004,
        "p_yes": 0.3029381361301462,
        "persist": 0.99581589958159,
        "spot": 86634.14,
        "dist_pct": -0.07399223214205745,
        "gk_vol": 0.0015687735443544594,
        "hurst": 0.5893359273852684,
        "ticker": "KXBTC15M-26SEP230015-15",
        "t0": 1790136000,
        "day": 20719,
        "result": "yes",
        "pnl": -0.44000000000000006
      },
      {
        "side": "yes",
        "minute": 11,
        "entry": 0.932,
        "p_yes": 0.7566608151618592,
        "persist": 0.99581589958159,
        "spot": 87121.92,
        "dist_pct": 0.06956013551821115,
        "gk_vol": 0.0018236986031675156,
        "hurst": 0.5118937550379467,
        "ticker": "KXBTC15M-26SEP230045-45",
        "t0": 1790137800,
        "day": 20719,
        "result": "yes",
        "pnl": 0.05799999999999995
      },
      {
        "side": "no",
        "minute": 6,
        "entry": 0.44999999999999996,
        "p_yes": 0.3557454709740053,
        "persist": 0.99581589958159,
        "spot": 86720.62,
        "dist_pct": -0.05303881768385186,
        "gk_vol": 0.001802859858829306,
        "hurst": 0.5964169445569503,
        "ticker": "KXBTC15M-26SEP230145-45",
        "t0": 1790141400,
        "day": 20719,
        "result": "no",
        "pnl": 0.53
      },
      {
        "side": "yes",
        "minute": 5,
        "entry": 0.5,
        "p_yes": 0.6292941745208942,
        "persist": 0.99581589958159,
        "spot": 85837.07,
        "dist_pct": 0.047321294221086045,
        "gk_vol": 0.0015946214672853609,
        "hurst": 0.5496869727680457,
        "ticker": "KXBTC15M-26SEP230600-00",
        "t0": 1790156700,
        "day": 20719,
        "result": "yes",
        "pnl": 0.48
      },
      {
        "side": "yes",
        "minute": 6,
        "entry": 0.6,
        "p_yes": 0.6675179098516938,
        "persist": 0.9915611814345991,
        "spot": 84337.35,
        "dist_pct": 0.06296547826001123,
        "gk_vol": 0.002041725186172054,
        "hurst": 0.5683556547589182,
        "ticker": "KXBTC15M-26SEP231645-45",
        "t0": 1790195400,
        "day": 20719,
        "result": "yes",
        "pnl": 0.38
      },
      {
        "side": "no",
        "minute": 7,
        "entry": 0.07999999999999996,
        "p_yes": 0.278806699820062,
        "persist": 0.9915611814345991,
        "spot": 84343.16,
        "dist_pct": -0.08525722817698814,
        "gk_vol": 0.0012424884748517217,
        "hurst": 0.6801758147494124,
        "ticker": "KXBTC15M-26SEP231815-15",
        "t0": 1790200800,
        "day": 20719,
        "result": "yes",
        "pnl": -0.08999999999999996
      },
      {
        "side": "yes",
        "minute": 7,
        "entry": 0.46,
        "p_yes": 0.7417281276237144,
        "persist": 0.9936842105263158,
        "spot": 84428.13,
        "dist_pct": 0.09293448918751784,
        "gk_vol": 0.0016356909111616988,
        "hurst": 0.7378199416502655,
        "ticker": "KXBTC15M-26SEP232315-15",
        "t0": 1790218800,
        "day": 20720,
        "result": "no",
        "pnl": -0.48000000000000004
      },
      {
        "side": "no",
        "minute": 7,
        "entry": 0.53,
        "p_yes": 0.3243922259321191,
        "persist": 0.9936842105263158,
        "spot": 83847.42,
        "dist_pct": -0.06650519491385778,
        "gk_vol": 0.0018521756916437873,
        "hurst": 0.809221265826352,
        "ticker": "KXBTC15M-26SEP240015-15",
        "t0": 1790222400,
        "day": 20720,
        "result": "no",
        "pnl": 0.44999999999999996
      },
      {
        "side": "no",
        "minute": 9,
        "entry": 0.6,
        "p_yes": 0.13861438864391062,
        "persist": 0.9936842105263158,
        "spot": 84081.99,
        "dist_pct": -0.10865658945901809,
        "gk_vol": 0.0019517769814021916,
        "hurst": 0.8806668045226786,
        "ticker": "KXBTC15M-26SEP240145-45",
        "t0": 1790227800,
        "day": 20720,
        "result": "yes",
        "pnl": -0.62
      },
      {
        "side": "yes",
        "minute": 6,
        "entry": 0.49,
        "p_yes": 0.7478218206314828,
        "persist": 0.9894291754756871,
        "spot": 83315.99,
        "dist_pct": 0.09846934000433046,
        "gk_vol": 0.0024508016527534007,
        "hurst": 0.615890742449506,
        "ticker": "KXBTC15M-26SEP240615-15",
        "t0": 1790244000,
        "day": 20720,
        "result": "no",
        "pnl": -0.51
      },
      {
        "side": "yes",
        "minute": 4,
        "entry": 0.69,
        "p_yes": 0.6907698422103835,
        "persist": 0.9894291754756871,
        "spot": 83275.66,
        "dist_pct": 0.07364111827787317,
        "gk_vol": 0.002453820139653995,
        "hurst": 0.6380474231476633,
        "ticker": "KXBTC15M-26SEP240630-30",
        "t0": 1790244900,
        "day": 20720,
        "result": "yes",
        "pnl": 0.29000000000000004
      },
      {
        "side": "yes",
        "minute": 8,
        "entry": 0.77,
        "p_yes": 0.6317179252160605,
        "persist": 0.9894291754756871,
        "spot": 83260.53,
        "dist_pct": 0.033640693128035394,
        "gk_vol": 0.002474778744010403,
        "hurst": 0.6409932757227702,
        "ticker": "KXBTC15M-26SEP240645-45",
        "t0": 1790245800,
        "day": 20720,
        "result": "yes",
        "pnl": 0.21
      },
      {
        "side": "no",
        "minute": 9,
        "entry": 0.37,
        "p_yes": 0.0710296257731986,
        "persist": 0.9894291754756871,
        "spot": 83369.35,
        "dist_pct": -0.1468165845489345,
        "gk_vol": 0.002452673658896517,
        "hurst": 0.6680903525838501,
        "ticker": "KXBTC15M-26SEP240815-15",
        "t0": 1790251200,
        "day": 20720,
        "result": "yes",
        "pnl": -0.39
      },
      {
        "side": "no",
        "minute": 6,
        "entry": 0.51,
        "p_yes": 0.2723885678858532,
        "persist": 0.9894291754756871,
        "spot": 83866.96,
        "dist_pct": -0.08790724409776372,
        "gk_vol": 0.0020311997477950486,
        "hurst": 0.6732085308775484,
        "ticker": "KXBTC15M-26SEP241000-00",
        "t0": 1790257500,
        "day": 20720,
        "result": "yes",
        "pnl": -0.53
      },
      {
        "side": "yes",
        "minute": 6,
        "entry": 0.64,
        "p_yes": 0.672192982791793,
        "persist": 0.9894291754756871,
        "spot": 84286.2,
        "dist_pct": 0.06602114504956047,
        "gk_vol": 0.0020723326288037834,
        "hurst": 0.7605187633064279,
        "ticker": "KXBTC15M-26SEP241030-30",
        "t0": 1790259300,
        "day": 20720,
        "result": "yes",
        "pnl": 0.33999999999999997
      },
      {
        "side": "yes",
        "minute": 8,
        "entry": 0.59,
        "p_yes": 0.8004252425811511,
        "persist": 0.9851380042462845,
        "spot": 84457.99,
        "dist_pct": 0.08431409447256082,
        "gk_vol": 0.0021079443018996308,
        "hurst": 0.5661096953216463,
        "ticker": "KXBTC15M-26SEP241700-00",
        "t0": 1790282700,
        "day": 20720,
        "result": "no",
        "pnl": -0.61
      },
      {
        "side": "yes",
        "minute": 5,
        "entry": 0.59,
        "p_yes": 0.6243361330826749,
        "persist": 0.9851380042462845,
        "spot": 84163.02,
        "dist_pct": 0.04775159186831907,
        "gk_vol": 0.001745183039755268,
        "hurst": 0.5692527390524194,
        "ticker": "KXBTC15M-26SEP241845-45",
        "t0": 1790289000,
        "day": 20720,
        "result": "no",
        "pnl": -0.61
      },
      {
        "side": "yes",
        "minute": 5,
        "entry": 0.74,
        "p_yes": 0.642595298680207,
        "persist": 0.9851380042462845,
        "spot": 84325.15,
        "dist_pct": 0.0549485493630402,
        "gk_vol": 0.001471282180859672,
        "hurst": 0.6422490644013994,
        "ticker": "KXBTC15M-26SEP241930-30",
        "t0": 1790291700,
        "day": 20720,
        "result": "yes",
        "pnl": 0.24000000000000002
      },
      {
        "side": "no",
        "minute": 6,
        "entry": 0.62,
        "p_yes": 0.35515182509471616,
        "persist": 0.9851380042462845,
        "spot": 84172.27,
        "dist_pct": -0.05435889337261885,
        "gk_vol": 0.001741319297243568,
        "hurst": 0.5363491261582488,
        "ticker": "KXBTC15M-26SEP250000-00",
        "t0": 1790307900,
        "day": 20721,
        "result": "no",
        "pnl": 0.36
      },
      {
        "side": "no",
        "minute": 8,
        "entry": 0.65,
        "p_yes": 0.20584900203285927,
        "persist": 0.9851380042462845,
        "spot": 84142.4,
        "dist_pct": -0.08209089657913193,
        "gk_vol": 0.0017453853406859982,
        "hurst": 0.7157013554877835,
        "ticker": "KXBTC15M-26SEP250015-15",
        "t0": 1790308800,
        "day": 20721,
        "result": "no",
        "pnl": 0.32999999999999996
      },
      {
        "side": "yes",
        "minute": 5,
        "entry": 0.81,
        "p_yes": 0.7200493748585981,
        "persist": 0.9915966386554622,
        "spot": 84450.64,
        "dist_pct": 0.08621926905259186,
        "gk_vol": 0.0022207285060798537,
        "hurst": 0.5413013014139644,
        "ticker": "KXBTC15M-26SEP250845-45",
        "t0": 1790339400,
        "day": 20721,
        "result": "yes",
        "pnl": 0.16999999999999996
      },
      {
        "side": "no",
        "minute": 8,
        "entry": 0.28,
        "p_yes": 0.35450149874086867,
        "persist": 0.9894736842105263,
        "spot": 83919.29,
        "dist_pct": -0.03731955761613404,
        "gk_vol": 0.0018828142962703002,
        "hurst": 0.7172023149327318,
        "ticker": "KXBTC15M-26SEP251515-15",
        "t0": 1790362800,
        "day": 20721,
        "result": "yes",
        "pnl": -0.30000000000000004
      },
      {
        "side": "no",
        "minute": 8,
        "entry": 0.37,
        "p_yes": 0.26472610138040004,
        "persist": 0.9894736842105263,
        "spot": 84038.16,
        "dist_pct": -0.06288422642886818,
        "gk_vol": 0.001018779627345014,
        "hurst": 0.8228166999718098,
        "ticker": "KXBTC15M-26SEP252015-15",
        "t0": 1790380800,
        "day": 20722,
        "result": "no",
        "pnl": 0.61
      },
      {
        "side": "no",
        "minute": 8,
        "entry": 0.73,
        "p_yes": 0.35830273918441746,
        "persist": 0.9979123173277662,
        "spot": 84101.84,
        "dist_pct": -0.03629993588676339,
        "gk_vol": 0.000767897676304459,
        "hurst": 0.685304698043633,
        "ticker": "KXBTC15M-26SEP260645-45",
        "t0": 1790418600,
        "day": 20722,
        "result": "yes",
        "pnl": -0.75
      },
      {
        "side": "no",
        "minute": 7,
        "entry": 0.7,
        "p_yes": 0.2615965879100373,
        "persist": 0.9979123173277662,
        "spot": 84091.04,
        "dist_pct": -0.0901897954006929,
        "gk_vol": 0.0007458764017786244,
        "hurst": 0.7007267363359988,
        "ticker": "KXBTC15M-26SEP260815-15",
        "t0": 1790424000,
        "day": 20722,
        "result": "no",
        "pnl": 0.28
      },
      {
        "side": "no",
        "minute": 8,
        "entry": 0.30000000000000004,
        "p_yes": 0.31203555784785275,
        "persist": 0.9979123173277662,
        "spot": 84066.0,
        "dist_pct": -0.04900887224664085,
        "gk_vol": 0.0007836820117696136,
        "hurst": 0.7495119543053519,
        "ticker": "KXBTC15M-26SEP261200-00",
        "t0": 1790437500,
        "day": 20722,
        "result": "yes",
        "pnl": -0.32000000000000006
      },
      {
        "side": "no",
        "minute": 8,
        "entry": 0.32999999999999996,
        "p_yes": 0.3683544513000267,
        "persist": 0.9979123173277662,
        "spot": 84025.11,
        "dist_pct": -0.03362149548554063,
        "gk_vol": 0.0005638913158965531,
        "hurst": 0.79001385087126,
        "ticker": "KXBTC15M-26SEP261345-45",
        "t0": 1790443800,
        "day": 20722,
        "result": "yes",
        "pnl": -0.35
      },
      {
        "side": "yes",
        "minute": 6,
        "entry": 0.72,
        "p_yes": 0.7242068034998019,
        "persist": 1.0,
        "spot": 84762.44,
        "dist_pct": 0.08420008092936966,
        "gk_vol": 0.0010519302399436047,
        "hurst": 0.5210768180874766,
        "ticker": "KXBTC15M-26SEP270545-45",
        "t0": 1790501400,
        "day": 20723,
        "result": "yes",
        "pnl": 0.26
      },
      {
        "side": "yes",
        "minute": 6,
        "entry": 0.52,
        "p_yes": 0.7141237680394137,
        "persist": 1.0,
        "spot": 84987.4,
        "dist_pct": 0.07996986321984381,
        "gk_vol": 0.0009564273416842574,
        "hurst": 0.5852140844176623,
        "ticker": "KXBTC15M-26SEP270945-45",
        "t0": 1790515800,
        "day": 20723,
        "result": "no",
        "pnl": -0.54
      },
      {
        "side": "yes",
        "minute": 7,
        "entry": 0.8,
        "p_yes": 0.7215191873445728,
        "persist": 0.9979123173277662,
        "spot": 83480.64,
        "dist_pct": 0.08437810888013617,
        "gk_vol": 0.0024748180932741078,
        "hurst": 0.606991323150359,
        "ticker": "KXBTC15M-26SEP280030-30",
        "t0": 1790568900,
        "day": 20724,
        "result": "yes",
        "pnl": 0.17999999999999997
      },
      {
        "side": "no",
        "minute": 6,
        "entry": 0.5800000000000001,
        "p_yes": 0.30068662388478984,
        "persist": 0.9979123173277662,
        "spot": 83419.6,
        "dist_pct": -0.07366936947404862,
        "gk_vol": 0.002090088328706854,
        "hurst": 0.647687178399327,
        "ticker": "KXBTC15M-26SEP280100-00",
        "t0": 1790570700,
        "day": 20724,
        "result": "yes",
        "pnl": -0.6000000000000001
      },
      {
        "side": "yes",
        "minute": 3,
        "entry": 0.56,
        "p_yes": 0.9997097713199089,
        "persist": 1.0,
        "spot": 83123.83,
        "dist_pct": 0.029867985190205018,
        "gk_vol": 0.001971899045190497,
        "hurst": 0.7168185079202072,
        "ticker": "KXBTC15M-26SEP280200-00",
        "t0": 1790574300,
        "day": 20724,
        "result": "yes",
        "pnl": 0.41999999999999993
      },
      {
        "side": "yes",
        "minute": 5,
        "entry": 0.66,
        "p_yes": 0.6876324000472253,
        "persist": 0.99581589958159,
        "spot": 82884.9,
        "dist_pct": 0.07014637774245928,
        "gk_vol": 0.0019261732621666029,
        "hurst": 0.5954921828899349,
        "ticker": "KXBTC15M-26SEP280530-30",
        "t0": 1790586900,
        "day": 20724,
        "result": "no",
        "pnl": -0.68
      },
      {
        "side": "yes",
        "minute": 9,
        "entry": 0.45,
        "p_yes": 0.9206782568284476,
        "persist": 0.99581589958159,
        "spot": 82718.57,
        "dist_pct": 0.1409648879514394,
        "gk_vol": 0.0017150990088559083,
        "hurst": 0.5900270733928331,
        "ticker": "KXBTC15M-26SEP280600-00",
        "t0": 1790588700,
        "day": 20724,
        "result": "yes",
        "pnl": 0.53
      },
      {
        "side": "yes",
        "minute": 4,
        "entry": 0.62,
        "p_yes": 0.6547443854580952,
        "persist": 0.99581589958159,
        "spot": 82729.39,
        "dist_pct": 0.057098155854147056,
        "gk_vol": 0.001724215471554007,
        "hurst": 0.6008118115368357,
        "ticker": "KXBTC15M-26SEP280630-30",
        "t0": 1790590500,
        "day": 20724,
        "result": "yes",
        "pnl": 0.36
      },
      {
        "side": "no",
        "minute": 6,
        "entry": 0.71,
        "p_yes": 0.33649365972853895,
        "persist": 0.99581589958159,
        "spot": 82858.91,
        "dist_pct": -0.06052412347065083,
        "gk_vol": 0.0017192358338319492,
        "hurst": 0.593491917094065,
        "ticker": "KXBTC15M-26SEP280700-00",
        "t0": 1790592300,
        "day": 20724,
        "result": "yes",
        "pnl": -0.73
      },
      {
        "side": "yes",
        "minute": 6,
        "entry": 0.61,
        "p_yes": 0.6125064055225644,
        "persist": 0.99581589958159,
        "spot": 83389.27,
        "dist_pct": 0.04099329255198333,
        "gk_vol": 0.001824376503329968,
        "hurst": 0.6129865346965199,
        "ticker": "KXBTC15M-26SEP280845-45",
        "t0": 1790598600,
        "day": 20724,
        "result": "no",
        "pnl": -0.63
      },
      {
        "side": "yes",
        "minute": 12,
        "entry": 0.07,
        "p_yes": 0.994221488384316,
        "persist": 0.99581589958159,
        "spot": 83389.28,
        "dist_pct": 0.2525390355908575,
        "gk_vol": 0.0022321925670402898,
        "hurst": 0.6008995169966717,
        "ticker": "KXBTC15M-26SEP281045-45",
        "t0": 1790605800,
        "day": 20724,
        "result": "no",
        "pnl": -0.08
      },
      {
        "side": "no",
        "minute": 6,
        "entry": 0.78,
        "p_yes": 0.2830468462378307,
        "persist": 0.9915966386554622,
        "spot": 83112.8,
        "dist_pct": -0.08341929925143761,
        "gk_vol": 0.0011657862518622184,
        "hurst": 0.5350561175457861,
        "ticker": "KXBTC15M-26SEP282115-15",
        "t0": 1790643600,
        "day": 20725,
        "result": "no",
        "pnl": 0.19999999999999998
      },
      {
        "side": "yes",
        "minute": 5,
        "entry": 0.55,
        "p_yes": 0.6764673292510253,
        "persist": 0.9915966386554622,
        "spot": 82867.87,
        "dist_pct": 0.06655979906475191,
        "gk_vol": 0.0012658055624690534,
        "hurst": 0.7183270108121592,
        "ticker": "KXBTC15M-26SEP282145-45",
        "t0": 1790645400,
        "day": 20725,
        "result": "yes",
        "pnl": 0.42999999999999994
      },
      {
        "side": "yes",
        "minute": 5,
        "entry": 0.77,
        "p_yes": 0.712558966393319,
        "persist": 0.9915966386554622,
        "spot": 83083.77,
        "dist_pct": 0.0815384200265808,
        "gk_vol": 0.0013675165999466503,
        "hurst": 0.694382487108027,
        "ticker": "KXBTC15M-26SEP282230-30",
        "t0": 1790648100,
        "day": 20725,
        "result": "no",
        "pnl": -0.79
      },
      {
        "side": "no",
        "minute": 6,
        "entry": 0.6,
        "p_yes": 0.3032571294750731,
        "persist": 0.9915966386554622,
        "spot": 82860.37,
        "dist_pct": -0.07487718044063219,
        "gk_vol": 0.001458577289986427,
        "hurst": 0.6480148345040111,
        "ticker": "KXBTC15M-26SEP282245-45",
        "t0": 1790649000,
        "day": 20725,
        "result": "yes",
        "pnl": -0.62
      },
      {
        "side": "no",
        "minute": 7,
        "entry": 0.53,
        "p_yes": 0.3196378210994404,
        "persist": 0.9915966386554622,
        "spot": 82875.82,
        "dist_pct": -0.06813989188534164,
        "gk_vol": 0.0015104178043986026,
        "hurst": 0.6332503760283378,
        "ticker": "KXBTC15M-26SEP282315-15",
        "t0": 1790650800,
        "day": 20725,
        "result": "no",
        "pnl": 0.44999999999999996
      },
      {
        "side": "no",
        "minute": 7,
        "entry": 0.31999999999999995,
        "p_yes": 0.2760124432333341,
        "persist": 0.9915966386554622,
        "spot": 83065.02,
        "dist_pct": -0.08645980304773225,
        "gk_vol": 0.0015349594924139792,
        "hurst": 0.6147351388110524,
        "ticker": "KXBTC15M-26SEP290100-00",
        "t0": 1790657100,
        "day": 20725,
        "result": "yes",
        "pnl": -0.33999999999999997
      },
      {
        "side": "yes",
        "minute": 5,
        "entry": 0.61,
        "p_yes": 0.6647322784000038,
        "persist": 0.9915966386554622,
        "spot": 83275.27,
        "dist_pct": 0.061845289448452447,
        "gk_vol": 0.0014333045839743249,
        "hurst": 0.657846458073312,
        "ticker": "KXBTC15M-26SEP290130-30",
        "t0": 1790658900,
        "day": 20725,
        "result": "yes",
        "pnl": 0.37
      },
      {
        "side": "yes",
        "minute": 5,
        "entry": 0.67,
        "p_yes": 0.6575954110471096,
        "persist": 0.9915966386554622,
        "spot": 83323.33,
        "dist_pct": 0.05900988049238235,
        "gk_vol": 0.0015665510465562213,
        "hurst": 0.6791637808354678,
        "ticker": "KXBTC15M-26SEP290200-00",
        "t0": 1790660700,
        "day": 20725,
        "result": "yes",
        "pnl": 0.30999999999999994
      },
      {
        "side": "yes",
        "minute": 6,
        "entry": 0.6,
        "p_yes": 0.783491956090189,
        "persist": 0.9915966386554622,
        "spot": 83924.99,
        "dist_pct": 0.11398143659316215,
        "gk_vol": 0.0015573998204907122,
        "hurst": 0.6342025884652418,
        "ticker": "KXBTC15M-26SEP290245-45",
        "t0": 1790663400,
        "day": 20725,
        "result": "yes",
        "pnl": 0.38
      },
      {
        "side": "no",
        "minute": 6,
        "entry": 0.5700000000000001,
        "p_yes": 0.3110119427330377,
        "persist": 0.9915966386554622,
        "spot": 83909.76,
        "dist_pct": -0.07166850422902239,
        "gk_vol": 0.0015138808948472388,
        "hurst": 0.5034250890030082,
        "ticker": "KXBTC15M-26SEP290315-15",
        "t0": 1790665200,
        "day": 20725,
        "result": "no",
        "pnl": 0.4099999999999999
      },
      {
        "side": "yes",
        "minute": 10,
        "entry": 0.86,
        "p_yes": 0.6142535455011298,
        "persist": 0.9915966386554622,
        "spot": 84246.49,
        "dist_pct": 0.029042282642684346,
        "gk_vol": 0.0015738476772725433,
        "hurst": 0.5312320307032744,
        "ticker": "KXBTC15M-26SEP290615-15",
        "t0": 1790676000,
        "day": 20725,
        "result": "no",
        "pnl": -0.87
      },
      {
        "side": "no",
        "minute": 8,
        "entry": 0.79,
        "p_yes": 0.25435082969493933,
        "persist": 0.9915966386554622,
        "spot": 84273.72,
        "dist_pct": -0.06608604704524448,
        "gk_vol": 0.0016094949830838833,
        "hurst": 0.6980870273101776,
        "ticker": "KXBTC15M-26SEP290900-00",
        "t0": 1790685900,
        "day": 20725,
        "result": "no",
        "pnl": 0.18999999999999997
      },
      {
        "side": "yes",
        "minute": 6,
        "entry": 0.63,
        "p_yes": 0.6187043360210469,
        "persist": 0.9915966386554622,
        "spot": 84426.51,
        "dist_pct": 0.04391544203688692,
        "gk_vol": 0.0016656183001258137,
        "hurst": 0.7050528875136219,
        "ticker": "KXBTC15M-26SEP290930-30",
        "t0": 1790687700,
        "day": 20725,
        "result": "no",
        "pnl": -0.65
      },
      {
        "side": "no",
        "minute": 7,
        "entry": 0.62,
        "p_yes": 0.2669273431267232,
        "persist": 0.9915966386554622,
        "spot": 83766.38,
        "dist_pct": -0.09044370371439606,
        "gk_vol": 0.002090967238230243,
        "hurst": 0.6729079733973273,
        "ticker": "KXBTC15M-26SEP291100-00",
        "t0": 1790693100,
        "day": 20725,
        "result": "no",
        "pnl": 0.36
      },
      {
        "side": "yes",
        "minute": 6,
        "entry": 0.48,
        "p_yes": 0.7849153116758221,
        "persist": 0.9915966386554622,
        "spot": 83225.15,
        "dist_pct": 0.11468810045397254,
        "gk_vol": 0.002469455260251649,
        "hurst": 0.7950571514773812,
        "ticker": "KXBTC15M-26SEP291200-00",
        "t0": 1790696700,
        "day": 20725,
        "result": "no",
        "pnl": -0.5
      },
      {
        "side": "yes",
        "minute": 5,
        "entry": 0.59,
        "p_yes": 0.6733584830981203,
        "persist": 0.9937106918238994,
        "spot": 83621.89,
        "dist_pct": 0.06412718698357692,
        "gk_vol": 0.00191805714687908,
        "hurst": 0.7009922629446841,
        "ticker": "KXBTC15M-26SEP291530-30",
        "t0": 1790709300,
        "day": 20725,
        "result": "no",
        "pnl": -0.61
      },
      {
        "side": "no",
        "minute": 4,
        "entry": 0.22999999999999998,
        "p_yes": 0.3515566692743903,
        "persist": 0.9937106918238994,
        "spot": 83394.52,
        "dist_pct": -0.05576391955757847,
        "gk_vol": 0.0016530044222245956,
        "hurst": 0.7008208467376387,
        "ticker": "KXBTC15M-26SEP291600-00",
        "t0": 1790711100,
        "day": 20725,
        "result": "yes",
        "pnl": -0.24999999999999997
      },
      {
        "side": "yes",
        "minute": 5,
        "entry": 0.47,
        "p_yes": 0.626247212317036,
        "persist": 0.99581589958159,
        "spot": 83584.42,
        "dist_pct": 0.04616626678643216,
        "gk_vol": 0.0011303030507365528,
        "hurst": 0.5052642294740913,
        "ticker": "KXBTC15M-26SEP292045-45",
        "t0": 1790728200,
        "day": 20726,
        "result": "no",
        "pnl": -0.49
      },
      {
        "side": "no",
        "minute": 11,
        "entry": 0.26,
        "p_yes": 0.21920608774092254,
        "persist": 0.99581589958159,
        "spot": 83316.36,
        "dist_pct": -0.07748770492835545,
        "gk_vol": 0.001246867921103958,
        "hurst": 0.5063057847206073,
        "ticker": "KXBTC15M-26SEP292245-45",
        "t0": 1790735400,
        "day": 20726,
        "result": "no",
        "pnl": 0.72
      },
      {
        "side": "yes",
        "minute": 8,
        "entry": 0.56,
        "p_yes": 0.6412030141905669,
        "persist": 0.99581589958159,
        "spot": 83364.3,
        "dist_pct": 0.03616764121699843,
        "gk_vol": 0.0013015742477539617,
        "hurst": 0.5315480933951852,
        "ticker": "KXBTC15M-26SEP292315-15",
        "t0": 1790737200,
        "day": 20726,
        "result": "no",
        "pnl": -0.5800000000000001
      },
      {
        "side": "no",
        "minute": 6,
        "entry": 0.28,
        "p_yes": 0.31940349816413055,
        "persist": 0.99581589958159,
        "spot": 83275.49,
        "dist_pct": -0.06730941619011245,
        "gk_vol": 0.001210038500794625,
        "hurst": 0.6246591145228848,
        "ticker": "KXBTC15M-26SEP300045-45",
        "t0": 1790742600,
        "day": 20726,
        "result": "no",
        "pnl": 0.7
      },
      {
        "side": "yes",
        "minute": 5,
        "entry": 0.76,
        "p_yes": 0.6291252481235206,
        "persist": 0.99581589958159,
        "spot": 83243.61,
        "dist_pct": 0.04725717868634777,
        "gk_vol": 0.0011818304446235346,
        "hurst": 0.5187823649318173,
        "ticker": "KXBTC15M-26SEP300130-30",
        "t0": 1790745300,
        "day": 20726,
        "result": "yes",
        "pnl": 0.22
      },
      {
        "side": "yes",
        "minute": 12,
        "entry": 0.84,
        "p_yes": 0.7273160128896008,
        "persist": 1.0,
        "spot": 83924.88,
        "dist_pct": 0.0604715445138302,
        "gk_vol": 0.0016004081847387191,
        "hurst": 0.5772629072306281,
        "ticker": "KXBTC15M-26SEP300700-00",
        "t0": 1790765100,
        "day": 20726,
        "result": "yes",
        "pnl": 0.15000000000000002
      },
      {
        "side": "no",
        "minute": 7,
        "entry": 0.27,
        "p_yes": 0.27842461987211037,
        "persist": 1.0,
        "spot": 83756.16,
        "dist_pct": -0.08308896746717293,
        "gk_vol": 0.0015666075620683819,
        "hurst": 0.6460386586184772,
        "ticker": "KXBTC15M-26SEP300830-30",
        "t0": 1790770500,
        "day": 20726,
        "result": "yes",
        "pnl": -0.29000000000000004
      },
      {
        "side": "no",
        "minute": 8,
        "entry": 0.52,
        "p_yes": 0.34699132038924946,
        "persist": 0.99581589958159,
        "spot": 83534.23,
        "dist_pct": -0.03934562293706777,
        "gk_vol": 0.0016714802680218945,
        "hurst": 0.7397300021732502,
        "ticker": "KXBTC15M-26SEP301615-15",
        "t0": 1790798400,
        "day": 20726,
        "result": "yes",
        "pnl": -0.54
      },
      {
        "side": "no",
        "minute": 7,
        "entry": 0.88,
        "p_yes": 0.2187643093966828,
        "persist": 0.99581589958159,
        "spot": 83451.86,
        "dist_pct": -0.11318258759621021,
        "gk_vol": 0.0011529557861225921,
        "hurst": 0.5174297296011718,
        "ticker": "KXBTC15M-26SEP302200-00",
        "t0": 1790819100,
        "day": 20727,
        "result": "no",
        "pnl": 0.11
      },
      {
        "side": "yes",
        "minute": 8,
        "entry": 0.73,
        "p_yes": 0.6115608404455608,
        "persist": 0.99581589958159,
        "spot": 84254.2,
        "dist_pct": 0.028338960562062792,
        "gk_vol": 0.001369913058119511,
        "hurst": 0.6946419066753942,
        "ticker": "KXBTC15M-26OCT010145-45",
        "t0": 1790832600,
        "day": 20727,
        "result": "no",
        "pnl": -0.75
      },
      {
        "side": "yes",
        "minute": 8,
        "entry": 0.51,
        "p_yes": 0.6156440286390852,
        "persist": 0.99581589958159,
        "spot": 84259.19,
        "dist_pct": 0.02940603140616873,
        "gk_vol": 0.0013755669597016998,
        "hurst": 0.6561320302216066,
        "ticker": "KXBTC15M-26OCT010215-15",
        "t0": 1790834400,
        "day": 20727,
        "result": "yes",
        "pnl": 0.47
      },
      {
        "side": "no",
        "minute": 3,
        "entry": 0.15000000000000002,
        "p_yes": 0.38724952479784747,
        "persist": 0.9937106918238994,
        "spot": 83439.4,
        "dist_pct": -0.04077943834590757,
        "gk_vol": 0.0016620664204870055,
        "hurst": 0.799915089443693,
        "ticker": "KXBTC15M-26OCT010945-45",
        "t0": 1790861400,
        "day": 20727,
        "result": "yes",
        "pnl": -0.16000000000000003
      },
      {
        "side": "no",
        "minute": 9,
        "entry": 0.21999999999999997,
        "p_yes": 0.0005947200629893845,
        "persist": 0.9937106918238994,
        "spot": 83616.98,
        "dist_pct": -0.32414300342476565,
        "gk_vol": 0.001945022439864661,
        "hurst": 0.6082676692721578,
        "ticker": "KXBTC15M-26OCT011015-15",
        "t0": 1790863200,
        "day": 20727,
        "result": "no",
        "pnl": 0.76
      },
      {
        "side": "yes",
        "minute": 7,
        "entry": 0.59,
        "p_yes": 0.8225744377598223,
        "persist": 0.9915966386554622,
        "spot": 84707.06,
        "dist_pct": 0.13851537104493014,
        "gk_vol": 0.002352179284032041,
        "hurst": 0.5895336494893328,
        "ticker": "KXBTC15M-26OCT011545-45",
        "t0": 1790883000,
        "day": 20727,
        "result": "yes",
        "pnl": 0.39
      },
      {
        "side": "no",
        "minute": 8,
        "entry": 0.32999999999999996,
        "p_yes": 0.3885798250446946,
        "persist": 0.9915966386554622,
        "spot": 84562.95,
        "dist_pct": -0.028302258186821062,
        "gk_vol": 0.002074200062061755,
        "hurst": 0.5233805839859798,
        "ticker": "KXBTC15M-26OCT011700-00",
        "t0": 1790887500,
        "day": 20727,
        "result": "yes",
        "pnl": -0.35
      },
      {
        "side": "no",
        "minute": 8,
        "entry": 0.77,
        "p_yes": 0.3873217435884433,
        "persist": 0.9915966386554622,
        "spot": 84710.1,
        "dist_pct": -0.028630652311523636,
        "gk_vol": 0.0015828591127503018,
        "hurst": 0.6266844492291973,
        "ticker": "KXBTC15M-26OCT011830-30",
        "t0": 1790892900,
        "day": 20727,
        "result": "no",
        "pnl": 0.21
      },
      {
        "side": "no",
        "minute": 6,
        "entry": 0.4,
        "p_yes": 0.3765408562147945,
        "persist": 0.9915966386554622,
        "spot": 84647.25,
        "dist_pct": -0.045969720206996016,
        "gk_vol": 0.0015611233802951098,
        "hurst": 0.6349370735332185,
        "ticker": "KXBTC15M-26OCT011845-45",
        "t0": 1790893800,
        "day": 20727,
        "result": "no",
        "pnl": 0.58
      },
      {
        "side": "no",
        "minute": 8,
        "entry": 0.21999999999999997,
        "p_yes": 0.26605412316482147,
        "persist": 0.9915966386554622,
        "spot": 84615.44,
        "dist_pct": -0.06247908013785812,
        "gk_vol": 0.0012516843096159328,
        "hurst": 0.6551276113799303,
        "ticker": "KXBTC15M-26OCT011900-00",
        "t0": 1790894700,
        "day": 20727,
        "result": "yes",
        "pnl": -0.23999999999999996
      },
      {
        "side": "yes",
        "minute": 6,
        "entry": 0.31,
        "p_yes": 0.7101851262246484,
        "persist": 0.9915966386554622,
        "spot": 85568.5,
        "dist_pct": 0.0832657776016606,
        "gk_vol": 0.0015700945870317949,
        "hurst": 0.8060297217963619,
        "ticker": "KXBTC15M-26OCT020015-15",
        "t0": 1790913600,
        "day": 20728,
        "result": "no",
        "pnl": -0.33
      },
      {
        "side": "yes",
        "minute": 8,
        "entry": 0.5,
        "p_yes": 0.650651243406368,
        "persist": 0.9936842105263158,
        "spot": 86423.98,
        "dist_pct": 0.038707941864933745,
        "gk_vol": 0.0015616031634772074,
        "hurst": 0.8570897356567608,
        "ticker": "KXBTC15M-26OCT020645-45",
        "t0": 1790937000,
        "day": 20728,
        "result": "yes",
        "pnl": 0.48
      },
      {
        "side": "no",
        "minute": 7,
        "entry": 0.42000000000000004,
        "p_yes": 0.3118690575463786,
        "persist": 0.9936842105263158,
        "spot": 86365.14,
        "dist_pct": -0.0715748550800104,
        "gk_vol": 0.001452694997231364,
        "hurst": 0.6820119235252817,
        "ticker": "KXBTC15M-26OCT020815-15",
        "t0": 1790942400,
        "day": 20728,
        "result": "no",
        "pnl": 0.5599999999999999
      },
      {
        "side": "yes",
        "minute": 6,
        "entry": 0.73,
        "p_yes": 0.6229463954948942,
        "persist": 0.9872881355932204,
        "spot": 84193.36,
        "dist_pct": 0.04763926583006995,
        "gk_vol": 0.00248735423682253,
        "hurst": 0.6234802105344662,
        "ticker": "KXBTC15M-26OCT021600-00",
        "t0": 1790970300,
        "day": 20728,
        "result": "yes",
        "pnl": 0.25
      },
      {
        "side": "yes",
        "minute": 6,
        "entry": 0.82,
        "p_yes": 0.7608213474803058,
        "persist": 0.9872881355932204,
        "spot": 84430.32,
        "dist_pct": 0.10595089266235595,
        "gk_vol": 0.0023190339491880032,
        "hurst": 0.7927825387124837,
        "ticker": "KXBTC15M-26OCT021645-45",
        "t0": 1790973000,
        "day": 20728,
        "result": "no",
        "pnl": -0.84
      },
      {
        "side": "yes",
        "minute": 8,
        "entry": 0.62,
        "p_yes": 0.6617567929050119,
        "persist": 0.9872881355932204,
        "spot": 84538.4,
        "dist_pct": 0.04172626011293162,
        "gk_vol": 0.0019166826980933072,
        "hurst": 0.7707497598442101,
        "ticker": "KXBTC15M-26OCT021845-45",
        "t0": 1790980200,
        "day": 20728,
        "result": "no",
        "pnl": -0.64
      },
      {
        "side": "yes",
        "minute": 8,
        "entry": 0.18,
        "p_yes": 0.6104387106351485,
        "persist": 0.9894291754756871,
        "spot": 84705.21,
        "dist_pct": 0.028046280732523975,
        "gk_vol": 0.0005609678367498452,
        "hurst": 0.6847994658630432,
        "ticker": "KXBTC15M-26OCT030015-15",
        "t0": 1791000000,
        "day": 20729,
        "result": "no",
        "pnl": -0.19999999999999998
      },
      {
        "side": "no",
        "minute": 12,
        "entry": 0.54,
        "p_yes": 0.24355686346156824,
        "persist": 0.9937106918238994,
        "spot": 84715.08,
        "dist_pct": -0.06949065391401714,
        "gk_vol": 0.0007384334107002223,
        "hurst": 0.5793660265906122,
        "ticker": "KXBTC15M-26OCT032000-00",
        "t0": 1791071100,
        "day": 20729,
        "result": "no",
        "pnl": 0.43999999999999995
      },
      {
        "side": "yes",
        "minute": 8,
        "entry": 0.65,
        "p_yes": 0.6342526005551624,
        "persist": 0.9937106918238994,
        "spot": 84834.64,
        "dist_pct": 0.03431379600908835,
        "gk_vol": 0.0006971357480364317,
        "hurst": 0.5091793475684233,
        "ticker": "KXBTC15M-26OCT032030-30",
        "t0": 1791072900,
        "day": 20730,
        "result": "no",
        "pnl": -0.67
      },
      {
        "side": "yes",
        "minute": 8,
        "entry": 0.86,
        "p_yes": 0.6454392414066981,
        "persist": 0.9937106918238994,
        "spot": 84822.3,
        "dist_pct": 0.037303632581278875,
        "gk_vol": 0.0007128617137142902,
        "hurst": 0.5535548883030112,
        "ticker": "KXBTC15M-26OCT032100-00",
        "t0": 1791074700,
        "day": 20730,
        "result": "no",
        "pnl": -0.87
      },
      {
        "side": "yes",
        "minute": 8,
        "entry": 0.74,
        "p_yes": 0.7003455246607353,
        "persist": 0.9937106918238994,
        "spot": 84837.98,
        "dist_pct": 0.05253944792657039,
        "gk_vol": 0.0005019389833262904,
        "hurst": 0.6669496728698798,
        "ticker": "KXBTC15M-26OCT032215-15",
        "t0": 1791079200,
        "day": 20730,
        "result": "yes",
        "pnl": 0.24000000000000002
      },
      {
        "side": "no",
        "minute": 8,
        "entry": 0.24,
        "p_yes": 0.3156354741586736,
        "persist": 0.9979123173277662,
        "spot": 85053.35,
        "dist_pct": -0.04799387596262037,
        "gk_vol": 0.0006940601735044222,
        "hurst": 0.5973983921543801,
        "ticker": "KXBTC15M-26OCT040515-15",
        "t0": 1791104400,
        "day": 20730,
        "result": "yes",
        "pnl": -0.26
      },
      {
        "side": "yes",
        "minute": 7,
        "entry": 0.72,
        "p_yes": 0.6222288011390094,
        "persist": 0.9979123173277662,
        "spot": 85262.61,
        "dist_pct": 0.04506935823393296,
        "gk_vol": 0.0008021581596439023,
        "hurst": 0.620594335182277,
        "ticker": "KXBTC15M-26OCT040615-15",
        "t0": 1791108000,
        "day": 20730,
        "result": "yes",
        "pnl": 0.26
      },
      {
        "side": "yes",
        "minute": 6,
        "entry": 0.41,
        "p_yes": 0.6379564657026084,
        "persist": 1.0,
        "spot": 85616.18,
        "dist_pct": 0.0499220202151305,
        "gk_vol": 0.0018229612423428662,
        "hurst": 0.734689156067225,
        "ticker": "KXBTC15M-26OCT050100-00",
        "t0": 1791175500,
        "day": 20731,
        "result": "no",
        "pnl": -0.43
      },
      {
        "side": "yes",
        "minute": 7,
        "entry": 0.6,
        "p_yes": 0.7886289385936534,
        "persist": 1.0,
        "spot": 85981.52,
        "dist_pct": 0.11337365509236559,
        "gk_vol": 0.0016360084028941401,
        "hurst": 0.7022327623639374,
        "ticker": "KXBTC15M-26OCT050230-30",
        "t0": 1791180900,
        "day": 20731,
        "result": "no",
        "pnl": -0.62
      },
      {
        "side": "no",
        "minute": 8,
        "entry": 0.6699999999999999,
        "p_yes": 0.29948935841858676,
        "persist": 1.0,
        "spot": 85831.63,
        "dist_pct": -0.05258696791064144,
        "gk_vol": 0.0016533543328548415,
        "hurst": 0.5265725022681865,
        "ticker": "KXBTC15M-26OCT050245-45",
        "t0": 1791181800,
        "day": 20731,
        "result": "no",
        "pnl": 0.31000000000000005
      },
      {
        "side": "yes",
        "minute": 3,
        "entry": 0.63,
        "p_yes": 0.7315516192893858,
        "persist": 1.0,
        "spot": 86266.15,
        "dist_pct": 0.08732942510853761,
        "gk_vol": 0.001914980173771052,
        "hurst": 0.6845262192358671,
        "ticker": "KXBTC15M-26OCT050345-45",
        "t0": 1791185400,
        "day": 20731,
        "result": "yes",
        "pnl": 0.35
      },
      {
        "side": "yes",
        "minute": 5,
        "entry": 0.68,
        "p_yes": 0.6245115532944628,
        "persist": 1.0,
        "spot": 85978.27,
        "dist_pct": 0.044880305609639064,
        "gk_vol": 0.001853486103771273,
        "hurst": 0.5830673944480936,
        "ticker": "KXBTC15M-26OCT050600-00",
        "t0": 1791193500,
        "day": 20731,
        "result": "yes",
        "pnl": 0.29999999999999993
      },
      {
        "side": "yes",
        "minute": 7,
        "entry": 0.56,
        "p_yes": 0.6850780620467893,
        "persist": 1.0,
        "spot": 86065.24,
        "dist_pct": 0.0681575441518454,
        "gk_vol": 0.0018731370867138574,
        "hurst": 0.5370542751023121,
        "ticker": "KXBTC15M-26OCT050630-30",
        "t0": 1791195300,
        "day": 20731,
        "result": "yes",
        "pnl": 0.41999999999999993
      },
      {
        "side": "no",
        "minute": 8,
        "entry": 0.69,
        "p_yes": 0.359022389449961,
        "persist": 0.9979123173277662,
        "spot": 85574.98,
        "dist_pct": -0.03610732859620231,
        "gk_vol": 0.0024994753283608976,
        "hurst": 0.800812921644941,
        "ticker": "KXBTC15M-26OCT051115-15",
        "t0": 1791212400,
        "day": 20731,
        "result": "no",
        "pnl": 0.29000000000000004
      },
      {
        "side": "yes",
        "minute": 8,
        "entry": 0.75,
        "p_yes": 0.740448759331799,
        "persist": 0.9979123173277662,
        "spot": 85843.25,
        "dist_pct": 0.06447293174308379,
        "gk_vol": 0.0010678725260410136,
        "hurst": 0.6354487917609422,
        "ticker": "KXBTC15M-26OCT051700-00",
        "t0": 1791233100,
        "day": 20731,
        "result": "yes",
        "pnl": 0.23
      },
      {
        "side": "yes",
        "minute": 6,
        "entry": 0.53,
        "p_yes": 0.6761221476519246,
        "persist": 0.9979123173277662,
        "spot": 86018.7,
        "dist_pct": 0.06579640758128831,
        "gk_vol": 0.0010221228658575286,
        "hurst": 0.5246798548824386,
        "ticker": "KXBTC15M-26OCT051830-30",
        "t0": 1791238500,
        "day": 20731,
        "result": "yes",
        "pnl": 0.44999999999999996
      },
      {
        "side": "no",
        "minute": 8,
        "entry": 0.53,
        "p_yes": 0.24185773865387317,
        "persist": 0.9979123173277662,
        "spot": 85569.99,
        "dist_pct": -0.07003389935018206,
        "gk_vol": 0.001343238968517296,
        "hurst": 0.6554759338643878,
        "ticker": "KXBTC15M-26OCT052245-45",
        "t0": 1791253800,
        "day": 20732,
        "result": "no",
        "pnl": 0.44999999999999996
      },
      {
        "side": "yes",
        "minute": 5,
        "entry": 0.72,
        "p_yes": 0.6672582149799562,
        "persist": 0.9979123173277662,
        "spot": 85570.28,
        "dist_pct": 0.062303401662825914,
        "gk_vol": 0.0013640230543506444,
        "hurst": 0.672050451118664,
        "ticker": "KXBTC15M-26OCT052315-15",
        "t0": 1791255600,
        "day": 20732,
        "result": "yes",
        "pnl": 0.26
      },
      {
        "side": "no",
        "minute": 8,
        "entry": 0.39,
        "p_yes": 0.3687080821122083,
        "persist": 0.9979123173277662,
        "spot": 85542.31,
        "dist_pct": -0.03352771382828566,
        "gk_vol": 0.0012445146175566503,
        "hurst": 0.6749164535453622,
        "ticker": "KXBTC15M-26OCT060045-45",
        "t0": 1791261000,
        "day": 20732,
        "result": "yes",
        "pnl": -0.41000000000000003
      },
      {
        "side": "no",
        "minute": 8,
        "entry": 0.64,
        "p_yes": 0.3235018335524859,
        "persist": 0.9979123173277662,
        "spot": 85629.12,
        "dist_pct": -0.04579287449800361,
        "gk_vol": 0.0011496899775784981,
        "hurst": 0.6979191073772779,
        "ticker": "KXBTC15M-26OCT060145-45",
        "t0": 1791264600,
        "day": 20732,
        "result": "no",
        "pnl": 0.33999999999999997
      }
    ],
    "passes": false
  }
}
