{
  "classification": "exploratory transfer; observed before documentation; never promotion eligible",
  "source_commit": "92564c1141bef9e451cd5ccefb2c5fd8cc7b0d38",
  "source_instrument": "KXBTCD hourly strike ladder",
  "transfer_instrument": "KXBTC15M direction contract",
  "evidence": "causal completed-minute spot plus Kalshi candle-close ask; not fills",
  "trades": 593,
  "wins": 433,
  "mean_c": -1.7251264755480606,
  "clustered_se_c": 1.58677484144014,
  "clustered_low_c": -4.835205164770735,
  "halves_c": [
    -1.6925675675675675,
    -1.7575757575757573
  ],
  "additional_1c_stress_mean_c": -2.725126475548061,
  "max_day_share_gross_positive": 0.12356616618483635,
  "by_side": {
    "yes": {
      "trades": 163,
      "mean_c": -2.662576687116564
    },
    "no": {
      "trades": 430,
      "mean_c": -1.3697674418604653
    }
  },
  "rows": [
    {
      "ticker": "KXBTC15M-26SEP232045-45",
      "t0": 1790209800,
      "day": 20720,
      "minute": 10,
      "side": "no",
      "entry": 0.78,
      "distance_dollars": -53.43000000000757,
      "rv_annual": 0.2528862986329635,
      "expected_edge": 0.07999999999999997,
      "result": "yes",
      "pnl": -0.8
    },
    {
      "ticker": "KXBTC15M-26SEP232100-00",
      "t0": 1790210700,
      "day": 20720,
      "minute": 6,
      "side": "no",
      "entry": 0.75,
      "distance_dollars": -59.73000000001048,
      "rv_annual": 0.26656105521003953,
      "expected_edge": 0.11,
      "result": "no",
      "pnl": 0.23
    },
    {
      "ticker": "KXBTC15M-26SEP232115-15",
      "t0": 1790211600,
      "day": 20720,
      "minute": 6,
      "side": "no",
      "entry": 0.72,
      "distance_dollars": -68.91999999999825,
      "rv_annual": 0.28077586399643945,
      "expected_edge": 0.14000000000000004,
      "result": "no",
      "pnl": 0.26
    },
    {
      "ticker": "KXBTC15M-26SEP232130-30",
      "t0": 1790212500,
      "day": 20720,
      "minute": 3,
      "side": "no",
      "entry": 0.74,
      "distance_dollars": -94.5399999999936,
      "rv_annual": 0.2992603852411294,
      "expected_edge": 0.12000000000000001,
      "result": "no",
      "pnl": 0.24000000000000002
    },
    {
      "ticker": "KXBTC15M-26SEP232145-45",
      "t0": 1790213400,
      "day": 20720,
      "minute": 1,
      "side": "no",
      "entry": 0.62,
      "distance_dollars": -51.129999999990105,
      "rv_annual": 0.46879088777330524,
      "expected_edge": 0.24000000000000002,
      "result": "no",
      "pnl": 0.36
    },
    {
      "ticker": "KXBTC15M-26SEP232200-00",
      "t0": 1790214300,
      "day": 20720,
      "minute": 4,
      "side": "no",
      "entry": 0.6599999999999999,
      "distance_dollars": -82.1299999999901,
      "rv_annual": 0.4663338593924949,
      "expected_edge": 0.2000000000000001,
      "result": "no",
      "pnl": 0.32000000000000006
    },
    {
      "ticker": "KXBTC15M-26SEP232215-15",
      "t0": 1790215200,
      "day": 20720,
      "minute": 4,
      "side": "no",
      "entry": 0.69,
      "distance_dollars": -86.97999999999593,
      "rv_annual": 0.3462417434622505,
      "expected_edge": 0.17000000000000007,
      "result": "no",
      "pnl": 0.29000000000000004
    },
    {
      "ticker": "KXBTC15M-26SEP232230-30",
      "t0": 1790216100,
      "day": 20720,
      "minute": 1,
      "side": "yes",
      "entry": 0.79,
      "distance_dollars": 143.0899999999965,
      "rv_annual": 0.6086994211112876,
      "expected_edge": 0.06999999999999997,
      "result": "yes",
      "pnl": 0.18999999999999997
    },
    {
      "ticker": "KXBTC15M-26SEP232245-45",
      "t0": 1790217000,
      "day": 20720,
      "minute": 3,
      "side": "yes",
      "entry": 0.78,
      "distance_dollars": 111.67999999999302,
      "rv_annual": 0.36206676724962655,
      "expected_edge": 0.07999999999999997,
      "result": "yes",
      "pnl": 0.19999999999999998
    },
    {
      "ticker": "KXBTC15M-26SEP232330-30",
      "t0": 1790219700,
      "day": 20720,
      "minute": 5,
      "side": "no",
      "entry": 0.7,
      "distance_dollars": -65.44999999999709,
      "rv_annual": 0.30309116532063857,
      "expected_edge": 0.16000000000000006,
      "result": "no",
      "pnl": 0.28
    },
    {
      "ticker": "KXBTC15M-26SEP232345-45",
      "t0": 1790220600,
      "day": 20720,
      "minute": 3,
      "side": "no",
      "entry": 0.72,
      "distance_dollars": -72.90000000000873,
      "rv_annual": 0.26622412788245176,
      "expected_edge": 0.14000000000000004,
      "result": "no",
      "pnl": 0.26
    },
    {
      "ticker": "KXBTC15M-26SEP240000-00",
      "t0": 1790221500,
      "day": 20720,
      "minute": 5,
      "side": "no",
      "entry": 0.6799999999999999,
      "distance_dollars": -57.65000000000873,
      "rv_annual": 0.14256884733962188,
      "expected_edge": 0.18000000000000008,
      "result": "no",
      "pnl": 0.30000000000000004
    },
    {
      "ticker": "KXBTC15M-26SEP240015-15",
      "t0": 1790222400,
      "day": 20720,
      "minute": 4,
      "side": "no",
      "entry": 0.69,
      "distance_dollars": -72.35000000000582,
      "rv_annual": 0.25165152208935354,
      "expected_edge": 0.17000000000000007,
      "result": "no",
      "pnl": 0.29000000000000004
    },
    {
      "ticker": "KXBTC15M-26SEP240045-45",
      "t0": 1790224200,
      "day": 20720,
      "minute": 8,
      "side": "no",
      "entry": 0.76,
      "distance_dollars": -51.58999999999651,
      "rv_annual": 0.16568601945983477,
      "expected_edge": 0.09999999999999999,
      "result": "no",
      "pnl": 0.22
    },
    {
      "ticker": "KXBTC15M-26SEP240100-00",
      "t0": 1790225100,
      "day": 20720,
      "minute": 3,
      "side": "no",
      "entry": 0.76,
      "distance_dollars": -63.679999999993015,
      "rv_annual": 0.17539403503696813,
      "expected_edge": 0.09999999999999999,
      "result": "yes",
      "pnl": -0.78
    },
    {
      "ticker": "KXBTC15M-26SEP240115-15",
      "t0": 1790226000,
      "day": 20720,
      "minute": 1,
      "side": "yes",
      "entry": 0.71,
      "distance_dollars": 59.9600000000064,
      "rv_annual": 0.3732971427636116,
      "expected_edge": 0.15000000000000005,
      "result": "yes",
      "pnl": 0.27
    },
    {
      "ticker": "KXBTC15M-26SEP240130-30",
      "t0": 1790226900,
      "day": 20720,
      "minute": 7,
      "side": "no",
      "entry": 0.83,
      "distance_dollars": -79.00999999999476,
      "rv_annual": 0.2606046922893528,
      "expected_edge": 0.04000000000000004,
      "result": "no",
      "pnl": 0.16000000000000003
    },
    {
      "ticker": "KXBTC15M-26SEP240145-45",
      "t0": 1790227800,
      "day": 20720,
      "minute": 2,
      "side": "no",
      "entry": 0.72,
      "distance_dollars": -54.11999999999534,
      "rv_annual": 0.19141729921690165,
      "expected_edge": 0.14000000000000004,
      "result": "yes",
      "pnl": -0.74
    },
    {
      "ticker": "KXBTC15M-26SEP240200-00",
      "t0": 1790228700,
      "day": 20720,
      "minute": 5,
      "side": "no",
      "entry": 0.73,
      "distance_dollars": -59.36999999999534,
      "rv_annual": 0.3418436590282261,
      "expected_edge": 0.13000000000000003,
      "result": "no",
      "pnl": 0.25
    },
    {
      "ticker": "KXBTC15M-26SEP240215-15",
      "t0": 1790229600,
      "day": 20720,
      "minute": 2,
      "side": "no",
      "entry": 0.69,
      "distance_dollars": -72.45999999999185,
      "rv_annual": 0.2416870741428649,
      "expected_edge": 0.17000000000000007,
      "result": "yes",
      "pnl": -0.71
    },
    {
      "ticker": "KXBTC15M-26SEP240230-30",
      "t0": 1790230500,
      "day": 20720,
      "minute": 9,
      "side": "no",
      "entry": 0.81,
      "distance_dollars": -64.2899999999936,
      "rv_annual": 0.26804270372706723,
      "expected_edge": 0.04999999999999995,
      "result": "yes",
      "pnl": -0.8300000000000001
    },
    {
      "ticker": "KXBTC15M-26SEP240300-00",
      "t0": 1790232300,
      "day": 20720,
      "minute": 2,
      "side": "no",
      "entry": 0.8,
      "distance_dollars": -107.19999999999709,
      "rv_annual": 0.2468097752332556,
      "expected_edge": 0.059999999999999956,
      "result": "no",
      "pnl": 0.17999999999999997
    },
    {
      "ticker": "KXBTC15M-26SEP240515-15",
      "t0": 1790240400,
      "day": 20720,
      "minute": 1,
      "side": "yes",
      "entry": 0.65,
      "distance_dollars": 70.06999999999243,
      "rv_annual": 0.7477025434472112,
      "expected_edge": 0.21,
      "result": "no",
      "pnl": -0.67
    },
    {
      "ticker": "KXBTC15M-26SEP240530-30",
      "t0": 1790241300,
      "day": 20720,
      "minute": 2,
      "side": "no",
      "entry": 0.69,
      "distance_dollars": -100.13000000000466,
      "rv_annual": 0.3742453994717784,
      "expected_edge": 0.17000000000000007,
      "result": "no",
      "pnl": 0.29000000000000004
    },
    {
      "ticker": "KXBTC15M-26SEP240545-45",
      "t0": 1790242200,
      "day": 20720,
      "minute": 1,
      "side": "no",
      "entry": 0.75,
      "distance_dollars": -165.1200000000099,
      "rv_annual": 0.4772932991719751,
      "expected_edge": 0.11,
      "result": "no",
      "pnl": 0.23
    },
    {
      "ticker": "KXBTC15M-26SEP240600-00",
      "t0": 1790243100,
      "day": 20720,
      "minute": 8,
      "side": "yes",
      "entry": 0.77,
      "distance_dollars": 89.41999999999825,
      "rv_annual": 0.4873829625213027,
      "expected_edge": 0.08999999999999998,
      "result": "yes",
      "pnl": 0.21
    },
    {
      "ticker": "KXBTC15M-26SEP240615-15",
      "t0": 1790244000,
      "day": 20720,
      "minute": 2,
      "side": "yes",
      "entry": 0.7,
      "distance_dollars": 98.9600000000064,
      "rv_annual": 0.35029842366947345,
      "expected_edge": 0.16000000000000006,
      "result": "no",
      "pnl": -0.72
    },
    {
      "ticker": "KXBTC15M-26SEP240630-30",
      "t0": 1790244900,
      "day": 20720,
      "minute": 2,
      "side": "yes",
      "entry": 0.75,
      "distance_dollars": 129.8399999999965,
      "rv_annual": 0.5481204852066851,
      "expected_edge": 0.11,
      "result": "yes",
      "pnl": 0.23
    },
    {
      "ticker": "KXBTC15M-26SEP240645-45",
      "t0": 1790245800,
      "day": 20720,
      "minute": 1,
      "side": "no",
      "entry": 0.5900000000000001,
      "distance_dollars": -50.99000000000524,
      "rv_annual": 0.40236171178651414,
      "expected_edge": 0.2699999999999999,
      "result": "yes",
      "pnl": -0.6100000000000001
    },
    {
      "ticker": "KXBTC15M-26SEP240700-00",
      "t0": 1790246700,
      "day": 20720,
      "minute": 5,
      "side": "yes",
      "entry": 0.82,
      "distance_dollars": 120.97999999999593,
      "rv_annual": 0.35475255355778323,
      "expected_edge": 0.04000000000000005,
      "result": "yes",
      "pnl": 0.16000000000000006
    },
    {
      "ticker": "KXBTC15M-26SEP240715-15",
      "t0": 1790247600,
      "day": 20720,
      "minute": 1,
      "side": "yes",
      "entry": 0.67,
      "distance_dollars": 59.74000000000524,
      "rv_annual": 0.33673389553650646,
      "expected_edge": 0.18999999999999997,
      "result": "yes",
      "pnl": 0.30999999999999994
    },
    {
      "ticker": "KXBTC15M-26SEP240745-45",
      "t0": 1790249400,
      "day": 20720,
      "minute": 4,
      "side": "no",
      "entry": 0.7,
      "distance_dollars": -52.830000000001746,
      "rv_annual": 0.15766515446776905,
      "expected_edge": 0.16000000000000006,
      "result": "no",
      "pnl": 0.28
    },
    {
      "ticker": "KXBTC15M-26SEP240815-15",
      "t0": 1790251200,
      "day": 20720,
      "minute": 1,
      "side": "no",
      "entry": 0.7,
      "distance_dollars": -85.6299999999901,
      "rv_annual": 0.29386769661089246,
      "expected_edge": 0.16000000000000006,
      "result": "yes",
      "pnl": -0.72
    },
    {
      "ticker": "KXBTC15M-26SEP240830-30",
      "t0": 1790252100,
      "day": 20720,
      "minute": 8,
      "side": "yes",
      "entry": 0.84,
      "distance_dollars": 95.15999999998894,
      "rv_annual": 0.3351872459922976,
      "expected_edge": 0.030000000000000034,
      "result": "yes",
      "pnl": 0.15000000000000002
    },
    {
      "ticker": "KXBTC15M-26SEP240845-45",
      "t0": 1790253000,
      "day": 20720,
      "minute": 2,
      "side": "no",
      "entry": 0.65,
      "distance_dollars": -53.50999999999476,
      "rv_annual": 0.3583985914228487,
      "expected_edge": 0.21,
      "result": "no",
      "pnl": 0.32999999999999996
    },
    {
      "ticker": "KXBTC15M-26SEP240900-00",
      "t0": 1790253900,
      "day": 20720,
      "minute": 6,
      "side": "no",
      "entry": 0.6799999999999999,
      "distance_dollars": -50.69000000000233,
      "rv_annual": 0.28928719398931935,
      "expected_edge": 0.18000000000000008,
      "result": "yes",
      "pnl": -0.7
    },
    {
      "ticker": "KXBTC15M-26SEP240915-15",
      "t0": 1790254800,
      "day": 20720,
      "minute": 3,
      "side": "yes",
      "entry": 0.69,
      "distance_dollars": 62.55000000000291,
      "rv_annual": 0.3409246683064304,
      "expected_edge": 0.17000000000000007,
      "result": "yes",
      "pnl": 0.29000000000000004
    },
    {
      "ticker": "KXBTC15M-26SEP240930-30",
      "t0": 1790255700,
      "day": 20720,
      "minute": 7,
      "side": "yes",
      "entry": 0.81,
      "distance_dollars": 94.47000000000116,
      "rv_annual": 0.38638526253432043,
      "expected_edge": 0.04999999999999995,
      "result": "yes",
      "pnl": 0.16999999999999996
    },
    {
      "ticker": "KXBTC15M-26SEP240945-45",
      "t0": 1790256600,
      "day": 20720,
      "minute": 1,
      "side": "yes",
      "entry": 0.66,
      "distance_dollars": 73.05999999999767,
      "rv_annual": 0.4485230007764998,
      "expected_edge": 0.19999999999999998,
      "result": "yes",
      "pnl": 0.31999999999999995
    },
    {
      "ticker": "KXBTC15M-26SEP241000-00",
      "t0": 1790257500,
      "day": 20720,
      "minute": 3,
      "side": "yes",
      "entry": 0.62,
      "distance_dollars": 71.41000000000349,
      "rv_annual": 0.751261659199445,
      "expected_edge": 0.24000000000000002,
      "result": "yes",
      "pnl": 0.36
    },
    {
      "ticker": "KXBTC15M-26SEP241015-15",
      "t0": 1790258400,
      "day": 20720,
      "minute": 2,
      "side": "no",
      "entry": 0.69,
      "distance_dollars": -90.98000000001048,
      "rv_annual": 0.6014193818397431,
      "expected_edge": 0.17000000000000007,
      "result": "yes",
      "pnl": -0.71
    },
    {
      "ticker": "KXBTC15M-26SEP241030-30",
      "t0": 1790259300,
      "day": 20720,
      "minute": 1,
      "side": "no",
      "entry": 0.72,
      "distance_dollars": -108.41999999999825,
      "rv_annual": 0.5769836049724172,
      "expected_edge": 0.14000000000000004,
      "result": "yes",
      "pnl": -0.74
    },
    {
      "ticker": "KXBTC15M-26SEP241100-00",
      "t0": 1790261100,
      "day": 20720,
      "minute": 1,
      "side": "no",
      "entry": 0.63,
      "distance_dollars": -74.75999999999476,
      "rv_annual": 0.43263649005457233,
      "expected_edge": 0.23,
      "result": "no",
      "pnl": 0.35
    },
    {
      "ticker": "KXBTC15M-26SEP241115-15",
      "t0": 1790262000,
      "day": 20720,
      "minute": 5,
      "side": "yes",
      "entry": 0.73,
      "distance_dollars": 135.2899999999936,
      "rv_annual": 0.925052651862048,
      "expected_edge": 0.13000000000000003,
      "result": "yes",
      "pnl": 0.25
    },
    {
      "ticker": "KXBTC15M-26SEP241130-30",
      "t0": 1790262900,
      "day": 20720,
      "minute": 1,
      "side": "yes",
      "entry": 0.64,
      "distance_dollars": 78.91000000000349,
      "rv_annual": 0.6859984543818788,
      "expected_edge": 0.22,
      "result": "yes",
      "pnl": 0.33999999999999997
    },
    {
      "ticker": "KXBTC15M-26SEP241145-45",
      "t0": 1790263800,
      "day": 20720,
      "minute": 2,
      "side": "yes",
      "entry": 0.68,
      "distance_dollars": 72.41999999999825,
      "rv_annual": 0.4783981800148477,
      "expected_edge": 0.17999999999999997,
      "result": "yes",
      "pnl": 0.29999999999999993
    },
    {
      "ticker": "KXBTC15M-26SEP241200-00",
      "t0": 1790264700,
      "day": 20720,
      "minute": 4,
      "side": "no",
      "entry": 0.72,
      "distance_dollars": -84.18000000000757,
      "rv_annual": 0.43983741854695735,
      "expected_edge": 0.14000000000000004,
      "result": "yes",
      "pnl": -0.74
    },
    {
      "ticker": "KXBTC15M-26SEP241215-15",
      "t0": 1790265600,
      "day": 20720,
      "minute": 1,
      "side": "no",
      "entry": 0.77,
      "distance_dollars": -133.7899999999936,
      "rv_annual": 0.4087673807493053,
      "expected_edge": 0.08999999999999998,
      "result": "no",
      "pnl": 0.21
    },
    {
      "ticker": "KXBTC15M-26SEP241230-30",
      "t0": 1790266500,
      "day": 20720,
      "minute": 1,
      "side": "yes",
      "entry": 0.85,
      "distance_dollars": 289.56999999999243,
      "rv_annual": 0.6790086702872443,
      "expected_edge": 0.020000000000000025,
      "result": "yes",
      "pnl": 0.14
    },
    {
      "ticker": "KXBTC15M-26SEP241245-45",
      "t0": 1790267400,
      "day": 20720,
      "minute": 6,
      "side": "no",
      "entry": 0.76,
      "distance_dollars": -105.25999999999476,
      "rv_annual": 0.522193151418986,
      "expected_edge": 0.09999999999999999,
      "result": "no",
      "pnl": 0.22
    },
    {
      "ticker": "KXBTC15M-26SEP241300-00",
      "t0": 1790268300,
      "day": 20720,
      "minute": 3,
      "side": "yes",
      "entry": 0.61,
      "distance_dollars": 53.91000000000349,
      "rv_annual": 0.7484478684278267,
      "expected_edge": 0.25,
      "result": "no",
      "pnl": -0.63
    },
    {
      "ticker": "KXBTC15M-26SEP241315-15",
      "t0": 1790269200,
      "day": 20720,
      "minute": 1,
      "side": "no",
      "entry": 0.6799999999999999,
      "distance_dollars": -91.52000000000407,
      "rv_annual": 0.4430148391355647,
      "expected_edge": 0.18000000000000008,
      "result": "no",
      "pnl": 0.30000000000000004
    },
    {
      "ticker": "KXBTC15M-26SEP241330-30",
      "t0": 1790270100,
      "day": 20720,
      "minute": 3,
      "side": "no",
      "entry": 0.6799999999999999,
      "distance_dollars": -77.57000000000698,
      "rv_annual": 0.4288290794544126,
      "expected_edge": 0.18000000000000008,
      "result": "no",
      "pnl": 0.30000000000000004
    },
    {
      "ticker": "KXBTC15M-26SEP241345-45",
      "t0": 1790271000,
      "day": 20720,
      "minute": 2,
      "side": "yes",
      "entry": 0.65,
      "distance_dollars": 64.5,
      "rv_annual": 0.40992980602973317,
      "expected_edge": 0.21,
      "result": "no",
      "pnl": -0.67
    },
    {
      "ticker": "KXBTC15M-26SEP241400-00",
      "t0": 1790271900,
      "day": 20720,
      "minute": 3,
      "side": "yes",
      "entry": 0.7,
      "distance_dollars": 61.279999999998836,
      "rv_annual": 0.4080904421849752,
      "expected_edge": 0.16000000000000006,
      "result": "no",
      "pnl": -0.72
    },
    {
      "ticker": "KXBTC15M-26SEP241415-15",
      "t0": 1790272800,
      "day": 20720,
      "minute": 2,
      "side": "no",
      "entry": 0.65,
      "distance_dollars": -68.55000000000291,
      "rv_annual": 0.31978392093268454,
      "expected_edge": 0.21,
      "result": "yes",
      "pnl": -0.67
    },
    {
      "ticker": "KXBTC15M-26SEP241430-30",
      "t0": 1790273700,
      "day": 20720,
      "minute": 1,
      "side": "yes",
      "entry": 0.65,
      "distance_dollars": 59.979999999995925,
      "rv_annual": 0.45430326388027553,
      "expected_edge": 0.21,
      "result": "yes",
      "pnl": 0.32999999999999996
    },
    {
      "ticker": "KXBTC15M-26SEP241445-45",
      "t0": 1790274600,
      "day": 20720,
      "minute": 3,
      "side": "no",
      "entry": 0.64,
      "distance_dollars": -59.88999999999942,
      "rv_annual": 0.25453278719970784,
      "expected_edge": 0.22,
      "result": "no",
      "pnl": 0.33999999999999997
    },
    {
      "ticker": "KXBTC15M-26SEP241500-00",
      "t0": 1790275500,
      "day": 20720,
      "minute": 3,
      "side": "no",
      "entry": 0.6699999999999999,
      "distance_dollars": -56.919999999998254,
      "rv_annual": 0.5023924144853266,
      "expected_edge": 0.19000000000000009,
      "result": "yes",
      "pnl": -0.69
    },
    {
      "ticker": "KXBTC15M-26SEP241515-15",
      "t0": 1790276400,
      "day": 20720,
      "minute": 2,
      "side": "no",
      "entry": 0.78,
      "distance_dollars": -108.72000000000116,
      "rv_annual": 0.3685040255252805,
      "expected_edge": 0.07999999999999997,
      "result": "yes",
      "pnl": -0.8
    },
    {
      "ticker": "KXBTC15M-26SEP241530-30",
      "t0": 1790277300,
      "day": 20720,
      "minute": 1,
      "side": "no",
      "entry": 0.69,
      "distance_dollars": -63.26000000000931,
      "rv_annual": 0.36357740282368256,
      "expected_edge": 0.17000000000000007,
      "result": "yes",
      "pnl": -0.71
    },
    {
      "ticker": "KXBTC15M-26SEP241545-45",
      "t0": 1790278200,
      "day": 20720,
      "minute": 3,
      "side": "no",
      "entry": 0.7,
      "distance_dollars": -65.75,
      "rv_annual": 0.20249301551311594,
      "expected_edge": 0.16000000000000006,
      "result": "no",
      "pnl": 0.28
    },
    {
      "ticker": "KXBTC15M-26SEP241600-00",
      "t0": 1790279100,
      "day": 20720,
      "minute": 12,
      "side": "no",
      "entry": 0.81,
      "distance_dollars": -80.32000000000698,
      "rv_annual": 0.41334320411703607,
      "expected_edge": 0.04999999999999995,
      "result": "no",
      "pnl": 0.16999999999999996
    },
    {
      "ticker": "KXBTC15M-26SEP241615-15",
      "t0": 1790280000,
      "day": 20720,
      "minute": 2,
      "side": "no",
      "entry": 0.62,
      "distance_dollars": -56.51999999998952,
      "rv_annual": 0.46138868325713733,
      "expected_edge": 0.24000000000000002,
      "result": "no",
      "pnl": 0.36
    },
    {
      "ticker": "KXBTC15M-26SEP241630-30",
      "t0": 1790280900,
      "day": 20720,
      "minute": 2,
      "side": "no",
      "entry": 0.63,
      "distance_dollars": -56.86999999999534,
      "rv_annual": 0.2922536796089442,
      "expected_edge": 0.23,
      "result": "no",
      "pnl": 0.35
    },
    {
      "ticker": "KXBTC15M-26SEP241645-45",
      "t0": 1790281800,
      "day": 20720,
      "minute": 4,
      "side": "no",
      "entry": 0.65,
      "distance_dollars": -52.25999999999476,
      "rv_annual": 0.2683162522345344,
      "expected_edge": 0.21,
      "result": "yes",
      "pnl": -0.67
    },
    {
      "ticker": "KXBTC15M-26SEP241800-00",
      "t0": 1790286300,
      "day": 20720,
      "minute": 5,
      "side": "no",
      "entry": 0.76,
      "distance_dollars": -61.36000000000058,
      "rv_annual": 0.23382975597675154,
      "expected_edge": 0.09999999999999999,
      "result": "no",
      "pnl": 0.22
    },
    {
      "ticker": "KXBTC15M-26SEP241815-15",
      "t0": 1790287200,
      "day": 20720,
      "minute": 1,
      "side": "no",
      "entry": 0.69,
      "distance_dollars": -57.220000000001164,
      "rv_annual": 0.16392581850189109,
      "expected_edge": 0.17000000000000007,
      "result": "no",
      "pnl": 0.29000000000000004
    },
    {
      "ticker": "KXBTC15M-26SEP241830-30",
      "t0": 1790288100,
      "day": 20720,
      "minute": 2,
      "side": "no",
      "entry": 0.75,
      "distance_dollars": -94.63000000000466,
      "rv_annual": 0.37752791920923573,
      "expected_edge": 0.11,
      "result": "no",
      "pnl": 0.23
    },
    {
      "ticker": "KXBTC15M-26SEP241845-45",
      "t0": 1790289000,
      "day": 20720,
      "minute": 4,
      "side": "yes",
      "entry": 0.72,
      "distance_dollars": 54.33999999999651,
      "rv_annual": 0.39574580244473684,
      "expected_edge": 0.14000000000000004,
      "result": "no",
      "pnl": -0.74
    },
    {
      "ticker": "KXBTC15M-26SEP242030-30",
      "t0": 1790295300,
      "day": 20721,
      "minute": 3,
      "side": "no",
      "entry": 0.74,
      "distance_dollars": -60.30999999999767,
      "rv_annual": 0.41891441634206994,
      "expected_edge": 0.12000000000000001,
      "result": "yes",
      "pnl": -0.76
    },
    {
      "ticker": "KXBTC15M-26SEP242045-45",
      "t0": 1790296200,
      "day": 20721,
      "minute": 1,
      "side": "no",
      "entry": 0.76,
      "distance_dollars": -84.57000000000698,
      "rv_annual": 0.3097062640404222,
      "expected_edge": 0.09999999999999999,
      "result": "no",
      "pnl": 0.22
    },
    {
      "ticker": "KXBTC15M-26SEP242130-30",
      "t0": 1790298900,
      "day": 20721,
      "minute": 6,
      "side": "no",
      "entry": 0.79,
      "distance_dollars": -82.77999999999884,
      "rv_annual": 0.3114034933011727,
      "expected_edge": 0.06999999999999997,
      "result": "no",
      "pnl": 0.18999999999999997
    },
    {
      "ticker": "KXBTC15M-26SEP242145-45",
      "t0": 1790299800,
      "day": 20721,
      "minute": 1,
      "side": "no",
      "entry": 0.75,
      "distance_dollars": -92.5399999999936,
      "rv_annual": 0.3374594325832796,
      "expected_edge": 0.11,
      "result": "no",
      "pnl": 0.23
    },
    {
      "ticker": "KXBTC15M-26SEP242200-00",
      "t0": 1790300700,
      "day": 20721,
      "minute": 5,
      "side": "yes",
      "entry": 0.72,
      "distance_dollars": 61.24000000000524,
      "rv_annual": 0.34387806948273586,
      "expected_edge": 0.14000000000000004,
      "result": "yes",
      "pnl": 0.26
    },
    {
      "ticker": "KXBTC15M-26SEP242230-30",
      "t0": 1790302500,
      "day": 20721,
      "minute": 1,
      "side": "no",
      "entry": 0.65,
      "distance_dollars": -61.05999999999767,
      "rv_annual": 0.4297944033601418,
      "expected_edge": 0.21,
      "result": "no",
      "pnl": 0.32999999999999996
    },
    {
      "ticker": "KXBTC15M-26SEP242245-45",
      "t0": 1790303400,
      "day": 20721,
      "minute": 6,
      "side": "no",
      "entry": 0.71,
      "distance_dollars": -58.55999999999767,
      "rv_annual": 0.26161520016471174,
      "expected_edge": 0.15000000000000005,
      "result": "no",
      "pnl": 0.27
    },
    {
      "ticker": "KXBTC15M-26SEP242300-00",
      "t0": 1790304300,
      "day": 20721,
      "minute": 2,
      "side": "no",
      "entry": 0.85,
      "distance_dollars": -195.33000000000175,
      "rv_annual": 0.4560906391450164,
      "expected_edge": 0.020000000000000025,
      "result": "no",
      "pnl": 0.14
    },
    {
      "ticker": "KXBTC15M-26SEP242345-45",
      "t0": 1790307000,
      "day": 20721,
      "minute": 1,
      "side": "no",
      "entry": 0.6799999999999999,
      "distance_dollars": -84.1299999999901,
      "rv_annual": 0.2653826126784595,
      "expected_edge": 0.18000000000000008,
      "result": "yes",
      "pnl": -0.7
    },
    {
      "ticker": "KXBTC15M-26SEP250000-00",
      "t0": 1790307900,
      "day": 20721,
      "minute": 1,
      "side": "no",
      "entry": 0.69,
      "distance_dollars": -65.16000000000349,
      "rv_annual": 0.3061862494455031,
      "expected_edge": 0.17000000000000007,
      "result": "no",
      "pnl": 0.29000000000000004
    },
    {
      "ticker": "KXBTC15M-26SEP250015-15",
      "t0": 1790308800,
      "day": 20721,
      "minute": 4,
      "side": "no",
      "entry": 0.74,
      "distance_dollars": -64.02000000000407,
      "rv_annual": 0.16715902356360207,
      "expected_edge": 0.12000000000000001,
      "result": "no",
      "pnl": 0.24000000000000002
    },
    {
      "ticker": "KXBTC15M-26SEP250100-00",
      "t0": 1790311500,
      "day": 20721,
      "minute": 4,
      "side": "no",
      "entry": 0.79,
      "distance_dollars": -64.60000000000582,
      "rv_annual": 0.19183571690677192,
      "expected_edge": 0.06999999999999997,
      "result": "no",
      "pnl": 0.18999999999999997
    },
    {
      "ticker": "KXBTC15M-26SEP250130-30",
      "t0": 1790313300,
      "day": 20721,
      "minute": 8,
      "side": "no",
      "entry": 0.8200000000000001,
      "distance_dollars": -60.970000000001164,
      "rv_annual": 0.2495315156155033,
      "expected_edge": 0.03999999999999994,
      "result": "no",
      "pnl": 0.15999999999999995
    },
    {
      "ticker": "KXBTC15M-26SEP250145-45",
      "t0": 1790314200,
      "day": 20721,
      "minute": 3,
      "side": "no",
      "entry": 0.72,
      "distance_dollars": -58.11999999999534,
      "rv_annual": 0.22764385522975988,
      "expected_edge": 0.14000000000000004,
      "result": "yes",
      "pnl": -0.74
    },
    {
      "ticker": "KXBTC15M-26SEP250230-30",
      "t0": 1790316900,
      "day": 20721,
      "minute": 4,
      "side": "yes",
      "entry": 0.74,
      "distance_dollars": 59.669999999998254,
      "rv_annual": 0.41352519137523824,
      "expected_edge": 0.12000000000000001,
      "result": "yes",
      "pnl": 0.24000000000000002
    },
    {
      "ticker": "KXBTC15M-26SEP250245-45",
      "t0": 1790317800,
      "day": 20721,
      "minute": 4,
      "side": "no",
      "entry": 0.78,
      "distance_dollars": -96.0,
      "rv_annual": 0.37431741743226166,
      "expected_edge": 0.07999999999999997,
      "result": "no",
      "pnl": 0.19999999999999998
    },
    {
      "ticker": "KXBTC15M-26SEP250315-15",
      "t0": 1790319600,
      "day": 20721,
      "minute": 5,
      "side": "no",
      "entry": 0.74,
      "distance_dollars": -60.620000000009895,
      "rv_annual": 0.15833845498613922,
      "expected_edge": 0.12000000000000001,
      "result": "no",
      "pnl": 0.24000000000000002
    },
    {
      "ticker": "KXBTC15M-26SEP250330-30",
      "t0": 1790320500,
      "day": 20721,
      "minute": 3,
      "side": "yes",
      "entry": 0.85,
      "distance_dollars": 109.97999999999593,
      "rv_annual": 0.5479005020725036,
      "expected_edge": 0.020000000000000025,
      "result": "yes",
      "pnl": 0.14
    },
    {
      "ticker": "KXBTC15M-26SEP250345-45",
      "t0": 1790321400,
      "day": 20721,
      "minute": 3,
      "side": "no",
      "entry": 0.8,
      "distance_dollars": -88.52999999999884,
      "rv_annual": 0.2902835851981063,
      "expected_edge": 0.059999999999999956,
      "result": "no",
      "pnl": 0.17999999999999997
    },
    {
      "ticker": "KXBTC15M-26SEP250400-00",
      "t0": 1790322300,
      "day": 20721,
      "minute": 2,
      "side": "yes",
      "entry": 0.69,
      "distance_dollars": 56.729999999995925,
      "rv_annual": 0.3536005111628307,
      "expected_edge": 0.17000000000000007,
      "result": "yes",
      "pnl": 0.29000000000000004
    },
    {
      "ticker": "KXBTC15M-26SEP250445-45",
      "t0": 1790325000,
      "day": 20721,
      "minute": 5,
      "side": "no",
      "entry": 0.79,
      "distance_dollars": -67.55999999999767,
      "rv_annual": 0.27025725067701917,
      "expected_edge": 0.06999999999999997,
      "result": "no",
      "pnl": 0.18999999999999997
    },
    {
      "ticker": "KXBTC15M-26SEP250530-30",
      "t0": 1790327700,
      "day": 20721,
      "minute": 3,
      "side": "no",
      "entry": 0.69,
      "distance_dollars": -50.0399999999936,
      "rv_annual": 0.32087257108573775,
      "expected_edge": 0.17000000000000007,
      "result": "yes",
      "pnl": -0.71
    },
    {
      "ticker": "KXBTC15M-26SEP250545-45",
      "t0": 1790328600,
      "day": 20721,
      "minute": 2,
      "side": "no",
      "entry": 0.69,
      "distance_dollars": -66.63000000000466,
      "rv_annual": 0.3712338326343958,
      "expected_edge": 0.17000000000000007,
      "result": "no",
      "pnl": 0.29000000000000004
    },
    {
      "ticker": "KXBTC15M-26SEP250600-00",
      "t0": 1790329500,
      "day": 20721,
      "minute": 8,
      "side": "no",
      "entry": 0.83,
      "distance_dollars": -63.379999999990105,
      "rv_annual": 0.20275482895790328,
      "expected_edge": 0.04000000000000004,
      "result": "no",
      "pnl": 0.16000000000000003
    },
    {
      "ticker": "KXBTC15M-26SEP250615-15",
      "t0": 1790330400,
      "day": 20721,
      "minute": 2,
      "side": "no",
      "entry": 0.8,
      "distance_dollars": -89.26999999998952,
      "rv_annual": 0.22201070049090074,
      "expected_edge": 0.059999999999999956,
      "result": "no",
      "pnl": 0.17999999999999997
    },
    {
      "ticker": "KXBTC15M-26SEP250645-45",
      "t0": 1790332200,
      "day": 20721,
      "minute": 3,
      "side": "no",
      "entry": 0.7,
      "distance_dollars": -60.13999999999942,
      "rv_annual": 0.3666369520525544,
      "expected_edge": 0.16000000000000006,
      "result": "yes",
      "pnl": -0.72
    },
    {
      "ticker": "KXBTC15M-26SEP250715-15",
      "t0": 1790334000,
      "day": 20721,
      "minute": 2,
      "side": "yes",
      "entry": 0.68,
      "distance_dollars": 50.55999999999767,
      "rv_annual": 0.3449768525619254,
      "expected_edge": 0.17999999999999997,
      "result": "yes",
      "pnl": 0.29999999999999993
    },
    {
      "ticker": "KXBTC15M-26SEP250730-30",
      "t0": 1790334900,
      "day": 20721,
      "minute": 4,
      "side": "no",
      "entry": 0.83,
      "distance_dollars": -130.9200000000128,
      "rv_annual": 0.5790920242118803,
      "expected_edge": 0.04000000000000004,
      "result": "no",
      "pnl": 0.16000000000000003
    },
    {
      "ticker": "KXBTC15M-26SEP250745-45",
      "t0": 1790335800,
      "day": 20721,
      "minute": 2,
      "side": "no",
      "entry": 0.7,
      "distance_dollars": -76.5399999999936,
      "rv_annual": 0.4125479688155542,
      "expected_edge": 0.16000000000000006,
      "result": "no",
      "pnl": 0.28
    },
    {
      "ticker": "KXBTC15M-26SEP250800-00",
      "t0": 1790336700,
      "day": 20721,
      "minute": 4,
      "side": "no",
      "entry": 0.8,
      "distance_dollars": -113.57000000000698,
      "rv_annual": 0.44681383023302923,
      "expected_edge": 0.059999999999999956,
      "result": "no",
      "pnl": 0.17999999999999997
    },
    {
      "ticker": "KXBTC15M-26SEP250815-15",
      "t0": 1790337600,
      "day": 20721,
      "minute": 2,
      "side": "yes",
      "entry": 0.69,
      "distance_dollars": 54.38000000000466,
      "rv_annual": 0.363594367034461,
      "expected_edge": 0.17000000000000007,
      "result": "no",
      "pnl": -0.71
    },
    {
      "ticker": "KXBTC15M-26SEP250845-45",
      "t0": 1790339400,
      "day": 20721,
      "minute": 1,
      "side": "yes",
      "entry": 0.67,
      "distance_dollars": 93.25999999999476,
      "rv_annual": 0.582657548840646,
      "expected_edge": 0.18999999999999997,
      "result": "yes",
      "pnl": 0.30999999999999994
    },
    {
      "ticker": "KXBTC15M-26SEP250900-00",
      "t0": 1790340300,
      "day": 20721,
      "minute": 3,
      "side": "yes",
      "entry": 0.7,
      "distance_dollars": 129.30999999999767,
      "rv_annual": 0.40298937698615406,
      "expected_edge": 0.16000000000000006,
      "result": "yes",
      "pnl": 0.28
    },
    {
      "ticker": "KXBTC15M-26SEP250915-15",
      "t0": 1790341200,
      "day": 20721,
      "minute": 1,
      "side": "no",
      "entry": 0.74,
      "distance_dollars": -141.04999999998836,
      "rv_annual": 0.5981694421900583,
      "expected_edge": 0.12000000000000001,
      "result": "no",
      "pnl": 0.24000000000000002
    },
    {
      "ticker": "KXBTC15M-26SEP250930-30",
      "t0": 1790342100,
      "day": 20721,
      "minute": 1,
      "side": "yes",
      "entry": 0.76,
      "distance_dollars": 115.32000000000698,
      "rv_annual": 0.3640951237137013,
      "expected_edge": 0.09999999999999999,
      "result": "no",
      "pnl": -0.78
    },
    {
      "ticker": "KXBTC15M-26SEP250945-45",
      "t0": 1790343000,
      "day": 20721,
      "minute": 1,
      "side": "no",
      "entry": 0.69,
      "distance_dollars": -117.92999999999302,
      "rv_annual": 0.38023567101154737,
      "expected_edge": 0.17000000000000007,
      "result": "no",
      "pnl": 0.29000000000000004
    },
    {
      "ticker": "KXBTC15M-26SEP251000-00",
      "t0": 1790343900,
      "day": 20721,
      "minute": 1,
      "side": "yes",
      "entry": 0.63,
      "distance_dollars": 77.64999999999418,
      "rv_annual": 0.8577293286056358,
      "expected_edge": 0.23,
      "result": "yes",
      "pnl": 0.35
    },
    {
      "ticker": "KXBTC15M-26SEP251030-30",
      "t0": 1790345700,
      "day": 20721,
      "minute": 1,
      "side": "yes",
      "entry": 0.64,
      "distance_dollars": 86.99000000000524,
      "rv_annual": 1.1178396366640622,
      "expected_edge": 0.22,
      "result": "yes",
      "pnl": 0.33999999999999997
    },
    {
      "ticker": "KXBTC15M-26SEP251045-45",
      "t0": 1790346600,
      "day": 20721,
      "minute": 1,
      "side": "yes",
      "entry": 0.62,
      "distance_dollars": 64.24000000000524,
      "rv_annual": 0.5809583327137497,
      "expected_edge": 0.24000000000000002,
      "result": "yes",
      "pnl": 0.36
    },
    {
      "ticker": "KXBTC15M-26SEP251100-00",
      "t0": 1790347500,
      "day": 20721,
      "minute": 3,
      "side": "yes",
      "entry": 0.65,
      "distance_dollars": 74.09999999999127,
      "rv_annual": 0.5850670064091636,
      "expected_edge": 0.21,
      "result": "yes",
      "pnl": 0.32999999999999996
    },
    {
      "ticker": "KXBTC15M-26SEP251115-15",
      "t0": 1790348400,
      "day": 20721,
      "minute": 3,
      "side": "no",
      "entry": 0.62,
      "distance_dollars": -81.21999999998661,
      "rv_annual": 0.5384840565157348,
      "expected_edge": 0.24000000000000002,
      "result": "no",
      "pnl": 0.36
    },
    {
      "ticker": "KXBTC15M-26SEP251130-30",
      "t0": 1790349300,
      "day": 20721,
      "minute": 3,
      "side": "no",
      "entry": 0.62,
      "distance_dollars": -59.76999999998952,
      "rv_annual": 0.45732152830876077,
      "expected_edge": 0.24000000000000002,
      "result": "no",
      "pnl": 0.36
    },
    {
      "ticker": "KXBTC15M-26SEP251145-45",
      "t0": 1790350200,
      "day": 20721,
      "minute": 3,
      "side": "yes",
      "entry": 0.64,
      "distance_dollars": 65.22000000000116,
      "rv_annual": 0.39935773431081895,
      "expected_edge": 0.22,
      "result": "no",
      "pnl": -0.66
    },
    {
      "ticker": "KXBTC15M-26SEP251200-00",
      "t0": 1790351100,
      "day": 20721,
      "minute": 6,
      "side": "no",
      "entry": 0.64,
      "distance_dollars": -57.970000000001164,
      "rv_annual": 0.5066130837434767,
      "expected_edge": 0.22,
      "result": "yes",
      "pnl": -0.66
    },
    {
      "ticker": "KXBTC15M-26SEP251215-15",
      "t0": 1790352000,
      "day": 20721,
      "minute": 1,
      "side": "yes",
      "entry": 0.75,
      "distance_dollars": 142.31999999999243,
      "rv_annual": 0.43786557830251277,
      "expected_edge": 0.11,
      "result": "yes",
      "pnl": 0.23
    },
    {
      "ticker": "KXBTC15M-26SEP251230-30",
      "t0": 1790352900,
      "day": 20721,
      "minute": 1,
      "side": "yes",
      "entry": 0.68,
      "distance_dollars": 80.07000000000698,
      "rv_annual": 0.350315584324887,
      "expected_edge": 0.17999999999999997,
      "result": "yes",
      "pnl": 0.29999999999999993
    },
    {
      "ticker": "KXBTC15M-26SEP251245-45",
      "t0": 1790353800,
      "day": 20721,
      "minute": 5,
      "side": "no",
      "entry": 0.83,
      "distance_dollars": -160.75,
      "rv_annual": 0.38901928489358295,
      "expected_edge": 0.04000000000000004,
      "result": "no",
      "pnl": 0.16000000000000003
    },
    {
      "ticker": "KXBTC15M-26SEP251300-00",
      "t0": 1790354700,
      "day": 20721,
      "minute": 1,
      "side": "no",
      "entry": 0.62,
      "distance_dollars": -59.88999999999942,
      "rv_annual": 0.45946622902965534,
      "expected_edge": 0.24000000000000002,
      "result": "no",
      "pnl": 0.36
    },
    {
      "ticker": "KXBTC15M-26SEP251315-15",
      "t0": 1790355600,
      "day": 20721,
      "minute": 2,
      "side": "yes",
      "entry": 0.81,
      "distance_dollars": 128.5,
      "rv_annual": 0.42452350773893077,
      "expected_edge": 0.04999999999999995,
      "result": "yes",
      "pnl": 0.16999999999999996
    },
    {
      "ticker": "KXBTC15M-26SEP251330-30",
      "t0": 1790356500,
      "day": 20721,
      "minute": 7,
      "side": "no",
      "entry": 0.72,
      "distance_dollars": -55.73999999999069,
      "rv_annual": 0.20988409141870096,
      "expected_edge": 0.14000000000000004,
      "result": "no",
      "pnl": 0.26
    },
    {
      "ticker": "KXBTC15M-26SEP251345-45",
      "t0": 1790357400,
      "day": 20721,
      "minute": 2,
      "side": "no",
      "entry": 0.69,
      "distance_dollars": -83.00999999999476,
      "rv_annual": 0.2441102731642427,
      "expected_edge": 0.17000000000000007,
      "result": "yes",
      "pnl": -0.71
    },
    {
      "ticker": "KXBTC15M-26SEP251400-00",
      "t0": 1790358300,
      "day": 20721,
      "minute": 2,
      "side": "no",
      "entry": 0.69,
      "distance_dollars": -65.52999999999884,
      "rv_annual": 0.3735404067150394,
      "expected_edge": 0.17000000000000007,
      "result": "no",
      "pnl": 0.29000000000000004
    },
    {
      "ticker": "KXBTC15M-26SEP251445-45",
      "t0": 1790361000,
      "day": 20721,
      "minute": 6,
      "side": "yes",
      "entry": 0.71,
      "distance_dollars": 59.76000000000931,
      "rv_annual": 0.372911915705824,
      "expected_edge": 0.15000000000000005,
      "result": "yes",
      "pnl": 0.27
    },
    {
      "ticker": "KXBTC15M-26SEP251530-30",
      "t0": 1790363700,
      "day": 20721,
      "minute": 2,
      "side": "no",
      "entry": 0.73,
      "distance_dollars": -59.65000000000873,
      "rv_annual": 0.24274950696332373,
      "expected_edge": 0.13000000000000003,
      "result": "no",
      "pnl": 0.25
    },
    {
      "ticker": "KXBTC15M-26SEP251615-15",
      "t0": 1790366400,
      "day": 20721,
      "minute": 1,
      "side": "no",
      "entry": 0.65,
      "distance_dollars": -51.86000000000058,
      "rv_annual": 0.20601705294839312,
      "expected_edge": 0.21,
      "result": "no",
      "pnl": 0.32999999999999996
    },
    {
      "ticker": "KXBTC15M-26SEP251700-00",
      "t0": 1790369100,
      "day": 20721,
      "minute": 5,
      "side": "no",
      "entry": 0.83,
      "distance_dollars": -83.44999999999709,
      "rv_annual": 0.4213428669332932,
      "expected_edge": 0.04000000000000004,
      "result": "no",
      "pnl": 0.16000000000000003
    },
    {
      "ticker": "KXBTC15M-26SEP251715-15",
      "t0": 1790370000,
      "day": 20721,
      "minute": 4,
      "side": "no",
      "entry": 0.65,
      "distance_dollars": -52.080000000001746,
      "rv_annual": 0.31917193354471846,
      "expected_edge": 0.21,
      "result": "no",
      "pnl": 0.32999999999999996
    },
    {
      "ticker": "KXBTC15M-26SEP251730-30",
      "t0": 1790370900,
      "day": 20721,
      "minute": 2,
      "side": "no",
      "entry": 0.65,
      "distance_dollars": -54.41000000000349,
      "rv_annual": 0.2726875247040507,
      "expected_edge": 0.21,
      "result": "yes",
      "pnl": -0.67
    },
    {
      "ticker": "KXBTC15M-26SEP251745-45",
      "t0": 1790371800,
      "day": 20721,
      "minute": 8,
      "side": "no",
      "entry": 0.6799999999999999,
      "distance_dollars": -50.38000000000466,
      "rv_annual": 0.21501013667089508,
      "expected_edge": 0.18000000000000008,
      "result": "yes",
      "pnl": -0.7
    },
    {
      "ticker": "KXBTC15M-26SEP251930-30",
      "t0": 1790378100,
      "day": 20721,
      "minute": 10,
      "side": "no",
      "entry": 0.84,
      "distance_dollars": -56.88999999999942,
      "rv_annual": 0.144747761085152,
      "expected_edge": 0.030000000000000034,
      "result": "yes",
      "pnl": -0.85
    },
    {
      "ticker": "KXBTC15M-26SEP252015-15",
      "t0": 1790380800,
      "day": 20722,
      "minute": 5,
      "side": "no",
      "entry": 0.77,
      "distance_dollars": -52.879999999990105,
      "rv_annual": 0.1662348977174351,
      "expected_edge": 0.08999999999999998,
      "result": "no",
      "pnl": 0.21
    },
    {
      "ticker": "KXBTC15M-26SEP252030-30",
      "t0": 1790381700,
      "day": 20722,
      "minute": 5,
      "side": "no",
      "entry": 0.7,
      "distance_dollars": -55.70000000001164,
      "rv_annual": 0.22712384317229306,
      "expected_edge": 0.16000000000000006,
      "result": "no",
      "pnl": 0.28
    },
    {
      "ticker": "KXBTC15M-26SEP252045-45",
      "t0": 1790382600,
      "day": 20722,
      "minute": 2,
      "side": "no",
      "entry": 0.8,
      "distance_dollars": -118.88000000000466,
      "rv_annual": 0.32236020017135364,
      "expected_edge": 0.059999999999999956,
      "result": "no",
      "pnl": 0.17999999999999997
    },
    {
      "ticker": "KXBTC15M-26SEP252215-15",
      "t0": 1790388000,
      "day": 20722,
      "minute": 2,
      "side": "no",
      "entry": 0.81,
      "distance_dollars": -65.38999999999942,
      "rv_annual": 0.19227774096042022,
      "expected_edge": 0.04999999999999995,
      "result": "yes",
      "pnl": -0.8300000000000001
    },
    {
      "ticker": "KXBTC15M-26SEP252230-30",
      "t0": 1790388900,
      "day": 20722,
      "minute": 7,
      "side": "no",
      "entry": 0.8,
      "distance_dollars": -50.51000000000931,
      "rv_annual": 0.22209649775771328,
      "expected_edge": 0.059999999999999956,
      "result": "no",
      "pnl": 0.17999999999999997
    },
    {
      "ticker": "KXBTC15M-26SEP252315-15",
      "t0": 1790391600,
      "day": 20722,
      "minute": 11,
      "side": "no",
      "entry": 0.86,
      "distance_dollars": -59.979999999995925,
      "rv_annual": 0.13153152353036268,
      "expected_edge": 0.010000000000000018,
      "result": "no",
      "pnl": 0.13
    },
    {
      "ticker": "KXBTC15M-26SEP260130-30",
      "t0": 1790399700,
      "day": 20722,
      "minute": 4,
      "side": "no",
      "entry": 0.8,
      "distance_dollars": -67.30999999999767,
      "rv_annual": 0.10470469478700033,
      "expected_edge": 0.059999999999999956,
      "result": "no",
      "pnl": 0.17999999999999997
    },
    {
      "ticker": "KXBTC15M-26SEP260415-15",
      "t0": 1790409600,
      "day": 20722,
      "minute": 3,
      "side": "no",
      "entry": 0.8200000000000001,
      "distance_dollars": -53.420000000012806,
      "rv_annual": 0.14755791888868194,
      "expected_edge": 0.03999999999999994,
      "result": "no",
      "pnl": 0.15999999999999995
    },
    {
      "ticker": "KXBTC15M-26SEP260500-00",
      "t0": 1790412300,
      "day": 20722,
      "minute": 2,
      "side": "no",
      "entry": 0.72,
      "distance_dollars": -52.55000000000291,
      "rv_annual": 0.2403632553600241,
      "expected_edge": 0.14000000000000004,
      "result": "no",
      "pnl": 0.26
    },
    {
      "ticker": "KXBTC15M-26SEP260915-15",
      "t0": 1790427600,
      "day": 20722,
      "minute": 11,
      "side": "no",
      "entry": 0.74,
      "distance_dollars": -78.08999999999651,
      "rv_annual": 0.2595655655885559,
      "expected_edge": 0.12000000000000001,
      "result": "no",
      "pnl": 0.24000000000000002
    },
    {
      "ticker": "KXBTC15M-26SEP260930-30",
      "t0": 1790428500,
      "day": 20722,
      "minute": 10,
      "side": "no",
      "entry": 0.84,
      "distance_dollars": -63.69000000000233,
      "rv_annual": 0.25781288491724996,
      "expected_edge": 0.030000000000000034,
      "result": "no",
      "pnl": 0.15000000000000002
    },
    {
      "ticker": "KXBTC15M-26SEP261215-15",
      "t0": 1790438400,
      "day": 20722,
      "minute": 2,
      "side": "no",
      "entry": 0.72,
      "distance_dollars": -52.669999999998254,
      "rv_annual": 0.1966368899379896,
      "expected_edge": 0.14000000000000004,
      "result": "no",
      "pnl": 0.26
    },
    {
      "ticker": "KXBTC15M-26SEP261315-15",
      "t0": 1790442000,
      "day": 20722,
      "minute": 8,
      "side": "no",
      "entry": 0.86,
      "distance_dollars": -53.14999999999418,
      "rv_annual": 0.18300907822351903,
      "expected_edge": 0.010000000000000018,
      "result": "no",
      "pnl": 0.13
    },
    {
      "ticker": "KXBTC15M-26SEP261700-00",
      "t0": 1790455500,
      "day": 20722,
      "minute": 5,
      "side": "no",
      "entry": 0.6699999999999999,
      "distance_dollars": -54.94999999999709,
      "rv_annual": 0.30851613944864664,
      "expected_edge": 0.19000000000000009,
      "result": "yes",
      "pnl": -0.69
    },
    {
      "ticker": "KXBTC15M-26SEP261830-30",
      "t0": 1790460900,
      "day": 20722,
      "minute": 6,
      "side": "no",
      "entry": 0.86,
      "distance_dollars": -79.75999999999476,
      "rv_annual": 0.2033500257477951,
      "expected_edge": 0.010000000000000018,
      "result": "yes",
      "pnl": -0.87
    },
    {
      "ticker": "KXBTC15M-26SEP261845-45",
      "t0": 1790461800,
      "day": 20722,
      "minute": 4,
      "side": "no",
      "entry": 0.78,
      "distance_dollars": -62.419999999998254,
      "rv_annual": 0.22478277126967286,
      "expected_edge": 0.07999999999999997,
      "result": "no",
      "pnl": 0.19999999999999998
    },
    {
      "ticker": "KXBTC15M-26SEP262015-15",
      "t0": 1790467200,
      "day": 20723,
      "minute": 2,
      "side": "no",
      "entry": 0.71,
      "distance_dollars": -55.69000000000233,
      "rv_annual": 0.15122033871840412,
      "expected_edge": 0.15000000000000005,
      "result": "no",
      "pnl": 0.27
    },
    {
      "ticker": "KXBTC15M-26SEP262030-30",
      "t0": 1790468100,
      "day": 20723,
      "minute": 5,
      "side": "no",
      "entry": 0.85,
      "distance_dollars": -79.76999999998952,
      "rv_annual": 0.13187650933762476,
      "expected_edge": 0.020000000000000025,
      "result": "no",
      "pnl": 0.14
    },
    {
      "ticker": "KXBTC15M-26SEP270045-45",
      "t0": 1790483400,
      "day": 20723,
      "minute": 2,
      "side": "no",
      "entry": 0.8200000000000001,
      "distance_dollars": -71.70999999999185,
      "rv_annual": 0.13743090827588084,
      "expected_edge": 0.03999999999999994,
      "result": "no",
      "pnl": 0.15999999999999995
    },
    {
      "ticker": "KXBTC15M-26SEP270245-45",
      "t0": 1790490600,
      "day": 20723,
      "minute": 3,
      "side": "no",
      "entry": 0.85,
      "distance_dollars": -72.63000000000466,
      "rv_annual": 0.1833127398328953,
      "expected_edge": 0.020000000000000025,
      "result": "no",
      "pnl": 0.14
    },
    {
      "ticker": "KXBTC15M-26SEP270415-15",
      "t0": 1790496000,
      "day": 20723,
      "minute": 1,
      "side": "no",
      "entry": 0.7,
      "distance_dollars": -53.44000000000233,
      "rv_annual": 0.26185850474317635,
      "expected_edge": 0.16000000000000006,
      "result": "yes",
      "pnl": -0.72
    },
    {
      "ticker": "KXBTC15M-26SEP270515-15",
      "t0": 1790499600,
      "day": 20723,
      "minute": 2,
      "side": "no",
      "entry": 0.7,
      "distance_dollars": -53.7100000000064,
      "rv_annual": 0.13517191800508144,
      "expected_edge": 0.16000000000000006,
      "result": "no",
      "pnl": 0.28
    },
    {
      "ticker": "KXBTC15M-26SEP270630-30",
      "t0": 1790504100,
      "day": 20723,
      "minute": 8,
      "side": "no",
      "entry": 0.8,
      "distance_dollars": -61.38000000000466,
      "rv_annual": 0.1904573780505218,
      "expected_edge": 0.059999999999999956,
      "result": "no",
      "pnl": 0.17999999999999997
    },
    {
      "ticker": "KXBTC15M-26SEP270700-00",
      "t0": 1790505900,
      "day": 20723,
      "minute": 8,
      "side": "no",
      "entry": 0.81,
      "distance_dollars": -53.330000000001746,
      "rv_annual": 0.1946735004436338,
      "expected_edge": 0.04999999999999995,
      "result": "yes",
      "pnl": -0.8300000000000001
    },
    {
      "ticker": "KXBTC15M-26SEP270730-30",
      "t0": 1790507700,
      "day": 20723,
      "minute": 3,
      "side": "no",
      "entry": 0.8200000000000001,
      "distance_dollars": -75.00999999999476,
      "rv_annual": 0.21222207120469147,
      "expected_edge": 0.03999999999999994,
      "result": "no",
      "pnl": 0.15999999999999995
    },
    {
      "ticker": "KXBTC15M-26SEP270745-45",
      "t0": 1790508600,
      "day": 20723,
      "minute": 4,
      "side": "no",
      "entry": 0.78,
      "distance_dollars": -56.09999999999127,
      "rv_annual": 0.16487653411154526,
      "expected_edge": 0.07999999999999997,
      "result": "no",
      "pnl": 0.19999999999999998
    },
    {
      "ticker": "KXBTC15M-26SEP270800-00",
      "t0": 1790509500,
      "day": 20723,
      "minute": 3,
      "side": "no",
      "entry": 0.74,
      "distance_dollars": -50.229999999995925,
      "rv_annual": 0.18759933133993634,
      "expected_edge": 0.12000000000000001,
      "result": "no",
      "pnl": 0.24000000000000002
    },
    {
      "ticker": "KXBTC15M-26SEP270915-15",
      "t0": 1790514000,
      "day": 20723,
      "minute": 1,
      "side": "no",
      "entry": 0.8,
      "distance_dollars": -114.72999999999593,
      "rv_annual": 0.2595966162515612,
      "expected_edge": 0.059999999999999956,
      "result": "no",
      "pnl": 0.17999999999999997
    },
    {
      "ticker": "KXBTC15M-26SEP270945-45",
      "t0": 1790515800,
      "day": 20723,
      "minute": 9,
      "side": "no",
      "entry": 0.75,
      "distance_dollars": -69.91999999999825,
      "rv_annual": 0.39526018823886333,
      "expected_edge": 0.11,
      "result": "no",
      "pnl": 0.23
    },
    {
      "ticker": "KXBTC15M-26SEP271000-00",
      "t0": 1790516700,
      "day": 20723,
      "minute": 3,
      "side": "yes",
      "entry": 0.75,
      "distance_dollars": 61.90000000000873,
      "rv_annual": 0.36847564853750553,
      "expected_edge": 0.11,
      "result": "yes",
      "pnl": 0.23
    },
    {
      "ticker": "KXBTC15M-26SEP271015-15",
      "t0": 1790517600,
      "day": 20723,
      "minute": 2,
      "side": "no",
      "entry": 0.69,
      "distance_dollars": -71.2100000000064,
      "rv_annual": 0.3087808229781538,
      "expected_edge": 0.17000000000000007,
      "result": "no",
      "pnl": 0.29000000000000004
    },
    {
      "ticker": "KXBTC15M-26SEP271030-30",
      "t0": 1790518500,
      "day": 20723,
      "minute": 5,
      "side": "no",
      "entry": 0.8,
      "distance_dollars": -62.10000000000582,
      "rv_annual": 0.25229419215758714,
      "expected_edge": 0.059999999999999956,
      "result": "no",
      "pnl": 0.17999999999999997
    },
    {
      "ticker": "KXBTC15M-26SEP271100-00",
      "t0": 1790520300,
      "day": 20723,
      "minute": 2,
      "side": "no",
      "entry": 0.76,
      "distance_dollars": -84.7899999999936,
      "rv_annual": 0.2478553255113822,
      "expected_edge": 0.09999999999999999,
      "result": "no",
      "pnl": 0.22
    },
    {
      "ticker": "KXBTC15M-26SEP271115-15",
      "t0": 1790521200,
      "day": 20723,
      "minute": 2,
      "side": "no",
      "entry": 0.73,
      "distance_dollars": -100.38999999999942,
      "rv_annual": 0.3702063441008768,
      "expected_edge": 0.13000000000000003,
      "result": "no",
      "pnl": 0.25
    },
    {
      "ticker": "KXBTC15M-26SEP271130-30",
      "t0": 1790522100,
      "day": 20723,
      "minute": 2,
      "side": "yes",
      "entry": 0.82,
      "distance_dollars": 108.16000000000349,
      "rv_annual": 0.39593310838594786,
      "expected_edge": 0.04000000000000005,
      "result": "yes",
      "pnl": 0.16000000000000006
    },
    {
      "ticker": "KXBTC15M-26SEP271145-45",
      "t0": 1790523000,
      "day": 20723,
      "minute": 5,
      "side": "no",
      "entry": 0.78,
      "distance_dollars": -76.22999999999593,
      "rv_annual": 0.3875942396305309,
      "expected_edge": 0.07999999999999997,
      "result": "no",
      "pnl": 0.19999999999999998
    },
    {
      "ticker": "KXBTC15M-26SEP271245-45",
      "t0": 1790526600,
      "day": 20723,
      "minute": 1,
      "side": "no",
      "entry": 0.78,
      "distance_dollars": -99.3799999999901,
      "rv_annual": 0.30234533139603526,
      "expected_edge": 0.07999999999999997,
      "result": "no",
      "pnl": 0.19999999999999998
    },
    {
      "ticker": "KXBTC15M-26SEP271515-15",
      "t0": 1790535600,
      "day": 20723,
      "minute": 2,
      "side": "no",
      "entry": 0.79,
      "distance_dollars": -53.5,
      "rv_annual": 0.19903858455435172,
      "expected_edge": 0.06999999999999997,
      "result": "no",
      "pnl": 0.18999999999999997
    },
    {
      "ticker": "KXBTC15M-26SEP271700-00",
      "t0": 1790541900,
      "day": 20723,
      "minute": 3,
      "side": "no",
      "entry": 0.83,
      "distance_dollars": -92.4600000000064,
      "rv_annual": 0.23353999228762487,
      "expected_edge": 0.04000000000000004,
      "result": "no",
      "pnl": 0.16000000000000003
    },
    {
      "ticker": "KXBTC15M-26SEP271815-15",
      "t0": 1790546400,
      "day": 20723,
      "minute": 2,
      "side": "no",
      "entry": 0.79,
      "distance_dollars": -124.17999999999302,
      "rv_annual": 0.2758071868831996,
      "expected_edge": 0.06999999999999997,
      "result": "no",
      "pnl": 0.18999999999999997
    },
    {
      "ticker": "KXBTC15M-26SEP271845-45",
      "t0": 1790548200,
      "day": 20723,
      "minute": 1,
      "side": "no",
      "entry": 0.81,
      "distance_dollars": -119.75,
      "rv_annual": 0.3993575795977298,
      "expected_edge": 0.04999999999999995,
      "result": "no",
      "pnl": 0.16999999999999996
    },
    {
      "ticker": "KXBTC15M-26SEP271930-30",
      "t0": 1790550900,
      "day": 20723,
      "minute": 5,
      "side": "yes",
      "entry": 0.75,
      "distance_dollars": 71.25,
      "rv_annual": 0.4127750887950969,
      "expected_edge": 0.11,
      "result": "yes",
      "pnl": 0.23
    },
    {
      "ticker": "KXBTC15M-26SEP272015-15",
      "t0": 1790553600,
      "day": 20724,
      "minute": 10,
      "side": "no",
      "entry": 0.85,
      "distance_dollars": -63.08999999999651,
      "rv_annual": 0.3060801012902898,
      "expected_edge": 0.020000000000000025,
      "result": "no",
      "pnl": 0.14
    },
    {
      "ticker": "KXBTC15M-26SEP272100-00",
      "t0": 1790556300,
      "day": 20724,
      "minute": 1,
      "side": "yes",
      "entry": 0.76,
      "distance_dollars": 91.30999999999767,
      "rv_annual": 0.6631144425275862,
      "expected_edge": 0.09999999999999999,
      "result": "no",
      "pnl": -0.78
    },
    {
      "ticker": "KXBTC15M-26SEP272115-15",
      "t0": 1790557200,
      "day": 20724,
      "minute": 1,
      "side": "no",
      "entry": 0.5900000000000001,
      "distance_dollars": -71.61000000000058,
      "rv_annual": 0.4834679363554013,
      "expected_edge": 0.2699999999999999,
      "result": "no",
      "pnl": 0.3899999999999999
    },
    {
      "ticker": "KXBTC15M-26SEP272130-30",
      "t0": 1790558100,
      "day": 20724,
      "minute": 2,
      "side": "no",
      "entry": 0.5700000000000001,
      "distance_dollars": -56.48000000001048,
      "rv_annual": 0.6216577181156814,
      "expected_edge": 0.2899999999999999,
      "result": "yes",
      "pnl": -0.5900000000000001
    },
    {
      "ticker": "KXBTC15M-26SEP272145-45",
      "t0": 1790559000,
      "day": 20724,
      "minute": 5,
      "side": "no",
      "entry": 0.6599999999999999,
      "distance_dollars": -61.99000000000524,
      "rv_annual": 0.425491353519237,
      "expected_edge": 0.2000000000000001,
      "result": "no",
      "pnl": 0.32000000000000006
    },
    {
      "ticker": "KXBTC15M-26SEP272200-00",
      "t0": 1790559900,
      "day": 20724,
      "minute": 5,
      "side": "no",
      "entry": 0.81,
      "distance_dollars": -181.45000000001164,
      "rv_annual": 0.5656329025973261,
      "expected_edge": 0.04999999999999995,
      "result": "no",
      "pnl": 0.16999999999999996
    },
    {
      "ticker": "KXBTC15M-26SEP272215-15",
      "t0": 1790560800,
      "day": 20724,
      "minute": 1,
      "side": "no",
      "entry": 0.6599999999999999,
      "distance_dollars": -119.88000000000466,
      "rv_annual": 0.6052351325200536,
      "expected_edge": 0.2000000000000001,
      "result": "yes",
      "pnl": -0.6799999999999999
    },
    {
      "ticker": "KXBTC15M-26SEP272230-30",
      "t0": 1790561700,
      "day": 20724,
      "minute": 3,
      "side": "no",
      "entry": 0.61,
      "distance_dollars": -52.68000000000757,
      "rv_annual": 0.33973794680285585,
      "expected_edge": 0.25,
      "result": "no",
      "pnl": 0.37
    },
    {
      "ticker": "KXBTC15M-26SEP272245-45",
      "t0": 1790562600,
      "day": 20724,
      "minute": 1,
      "side": "no",
      "entry": 0.64,
      "distance_dollars": -82.86000000000058,
      "rv_annual": 0.37206365501605476,
      "expected_edge": 0.22,
      "result": "no",
      "pnl": 0.33999999999999997
    },
    {
      "ticker": "KXBTC15M-26SEP272300-00",
      "t0": 1790563500,
      "day": 20724,
      "minute": 2,
      "side": "no",
      "entry": 0.5800000000000001,
      "distance_dollars": -77.22000000000116,
      "rv_annual": 0.3669794653346305,
      "expected_edge": 0.2799999999999999,
      "result": "no",
      "pnl": 0.3999999999999999
    },
    {
      "ticker": "KXBTC15M-26SEP272315-15",
      "t0": 1790564400,
      "day": 20724,
      "minute": 1,
      "side": "yes",
      "entry": 0.79,
      "distance_dollars": 111.61999999999534,
      "rv_annual": 0.3576638939049151,
      "expected_edge": 0.06999999999999997,
      "result": "yes",
      "pnl": 0.18999999999999997
    },
    {
      "ticker": "KXBTC15M-26SEP272330-30",
      "t0": 1790565300,
      "day": 20724,
      "minute": 3,
      "side": "yes",
      "entry": 0.71,
      "distance_dollars": 60.18000000000757,
      "rv_annual": 0.33892846037403873,
      "expected_edge": 0.15000000000000005,
      "result": "no",
      "pnl": -0.73
    },
    {
      "ticker": "KXBTC15M-26SEP272345-45",
      "t0": 1790566200,
      "day": 20724,
      "minute": 2,
      "side": "no",
      "entry": 0.63,
      "distance_dollars": -67.97999999999593,
      "rv_annual": 0.25916188405022417,
      "expected_edge": 0.23,
      "result": "yes",
      "pnl": -0.65
    },
    {
      "ticker": "KXBTC15M-26SEP280000-00",
      "t0": 1790567100,
      "day": 20724,
      "minute": 5,
      "side": "no",
      "entry": 0.6799999999999999,
      "distance_dollars": -61.36000000000058,
      "rv_annual": 0.28978785511961574,
      "expected_edge": 0.18000000000000008,
      "result": "no",
      "pnl": 0.30000000000000004
    },
    {
      "ticker": "KXBTC15M-26SEP280015-15",
      "t0": 1790568000,
      "day": 20724,
      "minute": 1,
      "side": "no",
      "entry": 0.71,
      "distance_dollars": -86.64999999999418,
      "rv_annual": 0.2619302422726197,
      "expected_edge": 0.15000000000000005,
      "result": "yes",
      "pnl": -0.73
    },
    {
      "ticker": "KXBTC15M-26SEP280030-30",
      "t0": 1790568900,
      "day": 20724,
      "minute": 2,
      "side": "no",
      "entry": 0.6799999999999999,
      "distance_dollars": -60.169999999998254,
      "rv_annual": 0.30996352716753767,
      "expected_edge": 0.18000000000000008,
      "result": "yes",
      "pnl": -0.7
    },
    {
      "ticker": "KXBTC15M-26SEP280100-00",
      "t0": 1790570700,
      "day": 20724,
      "minute": 3,
      "side": "no",
      "entry": 0.73,
      "distance_dollars": -56.88999999999942,
      "rv_annual": 0.14918049348308215,
      "expected_edge": 0.13000000000000003,
      "result": "yes",
      "pnl": -0.75
    },
    {
      "ticker": "KXBTC15M-26SEP280115-15",
      "t0": 1790571600,
      "day": 20724,
      "minute": 3,
      "side": "no",
      "entry": 0.77,
      "distance_dollars": -81.77999999999884,
      "rv_annual": 0.28853170779024123,
      "expected_edge": 0.08999999999999998,
      "result": "no",
      "pnl": 0.21
    },
    {
      "ticker": "KXBTC15M-26SEP280130-30",
      "t0": 1790572500,
      "day": 20724,
      "minute": 3,
      "side": "no",
      "entry": 0.62,
      "distance_dollars": -54.40999999998894,
      "rv_annual": 0.21861863603001142,
      "expected_edge": 0.24000000000000002,
      "result": "no",
      "pnl": 0.36
    },
    {
      "ticker": "KXBTC15M-26SEP280145-45",
      "t0": 1790573400,
      "day": 20724,
      "minute": 3,
      "side": "no",
      "entry": 0.6799999999999999,
      "distance_dollars": -87.11000000000058,
      "rv_annual": 0.3225327969512177,
      "expected_edge": 0.18000000000000008,
      "result": "yes",
      "pnl": -0.7
    },
    {
      "ticker": "KXBTC15M-26SEP280200-00",
      "t0": 1790574300,
      "day": 20724,
      "minute": 3,
      "side": "yes",
      "entry": 0.68,
      "distance_dollars": 53.470000000001164,
      "rv_annual": 0.6822889339918622,
      "expected_edge": 0.17999999999999997,
      "result": "yes",
      "pnl": 0.29999999999999993
    },
    {
      "ticker": "KXBTC15M-26SEP280230-30",
      "t0": 1790576100,
      "day": 20724,
      "minute": 3,
      "side": "no",
      "entry": 0.6599999999999999,
      "distance_dollars": -51.729999999995925,
      "rv_annual": 0.2571887485676348,
      "expected_edge": 0.2000000000000001,
      "result": "no",
      "pnl": 0.32000000000000006
    },
    {
      "ticker": "KXBTC15M-26SEP280300-00",
      "t0": 1790577900,
      "day": 20724,
      "minute": 6,
      "side": "no",
      "entry": 0.79,
      "distance_dollars": -59.74000000000524,
      "rv_annual": 0.24520866316110204,
      "expected_edge": 0.06999999999999997,
      "result": "no",
      "pnl": 0.18999999999999997
    },
    {
      "ticker": "KXBTC15M-26SEP280315-15",
      "t0": 1790578800,
      "day": 20724,
      "minute": 11,
      "side": "no",
      "entry": 0.81,
      "distance_dollars": -53.61000000000058,
      "rv_annual": 0.27888491741490673,
      "expected_edge": 0.04999999999999995,
      "result": "no",
      "pnl": 0.16999999999999996
    },
    {
      "ticker": "KXBTC15M-26SEP280330-30",
      "t0": 1790579700,
      "day": 20724,
      "minute": 9,
      "side": "no",
      "entry": 0.8,
      "distance_dollars": -69.55000000000291,
      "rv_annual": 0.22750325415080846,
      "expected_edge": 0.059999999999999956,
      "result": "no",
      "pnl": 0.17999999999999997
    },
    {
      "ticker": "KXBTC15M-26SEP280400-00",
      "t0": 1790581500,
      "day": 20724,
      "minute": 6,
      "side": "yes",
      "entry": 0.82,
      "distance_dollars": 84.31999999999243,
      "rv_annual": 0.33299845663935684,
      "expected_edge": 0.04000000000000005,
      "result": "yes",
      "pnl": 0.16000000000000006
    },
    {
      "ticker": "KXBTC15M-26SEP280415-15",
      "t0": 1790582400,
      "day": 20724,
      "minute": 2,
      "side": "yes",
      "entry": 0.75,
      "distance_dollars": 104.41000000000349,
      "rv_annual": 0.45313967756326995,
      "expected_edge": 0.11,
      "result": "yes",
      "pnl": 0.23
    },
    {
      "ticker": "KXBTC15M-26SEP280430-30",
      "t0": 1790583300,
      "day": 20724,
      "minute": 4,
      "side": "no",
      "entry": 0.71,
      "distance_dollars": -78.61000000000058,
      "rv_annual": 0.3398517919550079,
      "expected_edge": 0.15000000000000005,
      "result": "no",
      "pnl": 0.27
    },
    {
      "ticker": "KXBTC15M-26SEP280445-45",
      "t0": 1790584200,
      "day": 20724,
      "minute": 3,
      "side": "yes",
      "entry": 0.73,
      "distance_dollars": 78.92999999999302,
      "rv_annual": 0.3825183359738365,
      "expected_edge": 0.13000000000000003,
      "result": "yes",
      "pnl": 0.25
    },
    {
      "ticker": "KXBTC15M-26SEP280530-30",
      "t0": 1790586900,
      "day": 20724,
      "minute": 1,
      "side": "yes",
      "entry": 0.73,
      "distance_dollars": 82.36000000000058,
      "rv_annual": 0.5274341656959979,
      "expected_edge": 0.13000000000000003,
      "result": "no",
      "pnl": -0.75
    },
    {
      "ticker": "KXBTC15M-26SEP280545-45",
      "t0": 1790587800,
      "day": 20724,
      "minute": 5,
      "side": "no",
      "entry": 0.75,
      "distance_dollars": -77.10999999998603,
      "rv_annual": 0.26292269037593924,
      "expected_edge": 0.11,
      "result": "no",
      "pnl": 0.23
    },
    {
      "ticker": "KXBTC15M-26SEP280700-00",
      "t0": 1790592300,
      "day": 20724,
      "minute": 4,
      "side": "no",
      "entry": 0.79,
      "distance_dollars": -76.83000000000175,
      "rv_annual": 0.1946624826057957,
      "expected_edge": 0.06999999999999997,
      "result": "yes",
      "pnl": -0.81
    },
    {
      "ticker": "KXBTC15M-26SEP280715-15",
      "t0": 1790593200,
      "day": 20724,
      "minute": 1,
      "side": "yes",
      "entry": 0.65,
      "distance_dollars": 52.279999999998836,
      "rv_annual": 0.3706866516151437,
      "expected_edge": 0.21,
      "result": "yes",
      "pnl": 0.32999999999999996
    },
    {
      "ticker": "KXBTC15M-26SEP280800-00",
      "t0": 1790595900,
      "day": 20724,
      "minute": 3,
      "side": "no",
      "entry": 0.72,
      "distance_dollars": -60.419999999998254,
      "rv_annual": 0.1822197688044997,
      "expected_edge": 0.14000000000000004,
      "result": "yes",
      "pnl": -0.74
    },
    {
      "ticker": "KXBTC15M-26SEP280815-15",
      "t0": 1790596800,
      "day": 20724,
      "minute": 5,
      "side": "yes",
      "entry": 0.86,
      "distance_dollars": 161.09999999999127,
      "rv_annual": 0.4662148666047069,
      "expected_edge": 0.010000000000000018,
      "result": "yes",
      "pnl": 0.13
    },
    {
      "ticker": "KXBTC15M-26SEP280830-30",
      "t0": 1790597700,
      "day": 20724,
      "minute": 1,
      "side": "no",
      "entry": 0.65,
      "distance_dollars": -58.70000000001164,
      "rv_annual": 0.6470758847027884,
      "expected_edge": 0.21,
      "result": "yes",
      "pnl": -0.67
    },
    {
      "ticker": "KXBTC15M-26SEP280845-45",
      "t0": 1790598600,
      "day": 20724,
      "minute": 2,
      "side": "no",
      "entry": 0.6799999999999999,
      "distance_dollars": -70.22000000000116,
      "rv_annual": 0.4949187802262296,
      "expected_edge": 0.18000000000000008,
      "result": "no",
      "pnl": 0.30000000000000004
    },
    {
      "ticker": "KXBTC15M-26SEP280900-00",
      "t0": 1790599500,
      "day": 20724,
      "minute": 1,
      "side": "yes",
      "entry": 0.75,
      "distance_dollars": 99.14999999999418,
      "rv_annual": 0.337310971297769,
      "expected_edge": 0.11,
      "result": "yes",
      "pnl": 0.23
    },
    {
      "ticker": "KXBTC15M-26SEP280915-15",
      "t0": 1790600400,
      "day": 20724,
      "minute": 1,
      "side": "no",
      "entry": 0.72,
      "distance_dollars": -95.95999999999185,
      "rv_annual": 0.4087255431384183,
      "expected_edge": 0.14000000000000004,
      "result": "no",
      "pnl": 0.26
    },
    {
      "ticker": "KXBTC15M-26SEP280945-45",
      "t0": 1790602200,
      "day": 20724,
      "minute": 1,
      "side": "no",
      "entry": 0.5900000000000001,
      "distance_dollars": -52.729999999995925,
      "rv_annual": 0.23888120490863832,
      "expected_edge": 0.2699999999999999,
      "result": "yes",
      "pnl": -0.6100000000000001
    },
    {
      "ticker": "KXBTC15M-26SEP281000-00",
      "t0": 1790603100,
      "day": 20724,
      "minute": 6,
      "side": "no",
      "entry": 0.85,
      "distance_dollars": -194.72000000000116,
      "rv_annual": 0.6226860308967772,
      "expected_edge": 0.020000000000000025,
      "result": "no",
      "pnl": 0.14
    },
    {
      "ticker": "KXBTC15M-26SEP281015-15",
      "t0": 1790604000,
      "day": 20724,
      "minute": 1,
      "side": "no",
      "entry": 0.7,
      "distance_dollars": -140.5,
      "rv_annual": 0.6397706659568319,
      "expected_edge": 0.16000000000000006,
      "result": "no",
      "pnl": 0.28
    },
    {
      "ticker": "KXBTC15M-26SEP281030-30",
      "t0": 1790604900,
      "day": 20724,
      "minute": 1,
      "side": "no",
      "entry": 0.65,
      "distance_dollars": -94.55999999999767,
      "rv_annual": 0.5474740617808805,
      "expected_edge": 0.21,
      "result": "no",
      "pnl": 0.32999999999999996
    },
    {
      "ticker": "KXBTC15M-26SEP281045-45",
      "t0": 1790605800,
      "day": 20724,
      "minute": 1,
      "side": "yes",
      "entry": 0.72,
      "distance_dollars": 114.38000000000466,
      "rv_annual": 0.6831816221169653,
      "expected_edge": 0.14000000000000004,
      "result": "no",
      "pnl": -0.74
    },
    {
      "ticker": "KXBTC15M-26SEP281100-00",
      "t0": 1790606700,
      "day": 20724,
      "minute": 1,
      "side": "yes",
      "entry": 0.61,
      "distance_dollars": 51.0,
      "rv_annual": 0.877453400085939,
      "expected_edge": 0.25,
      "result": "yes",
      "pnl": 0.37
    },
    {
      "ticker": "KXBTC15M-26SEP281115-15",
      "t0": 1790607600,
      "day": 20724,
      "minute": 3,
      "side": "yes",
      "entry": 0.66,
      "distance_dollars": 69.02999999999884,
      "rv_annual": 0.8114415722102165,
      "expected_edge": 0.19999999999999998,
      "result": "yes",
      "pnl": 0.31999999999999995
    },
    {
      "ticker": "KXBTC15M-26SEP281130-30",
      "t0": 1790608500,
      "day": 20724,
      "minute": 13,
      "side": "yes",
      "entry": 0.85,
      "distance_dollars": 66.00999999999476,
      "rv_annual": 0.39219879826665005,
      "expected_edge": 0.020000000000000025,
      "result": "yes",
      "pnl": 0.14
    },
    {
      "ticker": "KXBTC15M-26SEP281145-45",
      "t0": 1790609400,
      "day": 20724,
      "minute": 2,
      "side": "no",
      "entry": 0.64,
      "distance_dollars": -75.9600000000064,
      "rv_annual": 0.4117761543943283,
      "expected_edge": 0.22,
      "result": "yes",
      "pnl": -0.66
    },
    {
      "ticker": "KXBTC15M-26SEP281200-00",
      "t0": 1790610300,
      "day": 20724,
      "minute": 1,
      "side": "yes",
      "entry": 0.6,
      "distance_dollars": 59.74000000000524,
      "rv_annual": 0.5164768742616559,
      "expected_edge": 0.26,
      "result": "yes",
      "pnl": 0.38
    },
    {
      "ticker": "KXBTC15M-26SEP281215-15",
      "t0": 1790611200,
      "day": 20724,
      "minute": 3,
      "side": "no",
      "entry": 0.73,
      "distance_dollars": -86.76000000000931,
      "rv_annual": 0.3370638996989732,
      "expected_edge": 0.13000000000000003,
      "result": "yes",
      "pnl": -0.75
    },
    {
      "ticker": "KXBTC15M-26SEP281230-30",
      "t0": 1790612100,
      "day": 20724,
      "minute": 2,
      "side": "yes",
      "entry": 0.71,
      "distance_dollars": 120.55999999999767,
      "rv_annual": 0.44502635935521007,
      "expected_edge": 0.15000000000000005,
      "result": "yes",
      "pnl": 0.27
    },
    {
      "ticker": "KXBTC15M-26SEP281300-00",
      "t0": 1790613900,
      "day": 20724,
      "minute": 2,
      "side": "no",
      "entry": 0.65,
      "distance_dollars": -61.66000000000349,
      "rv_annual": 0.29559436430838076,
      "expected_edge": 0.21,
      "result": "no",
      "pnl": 0.32999999999999996
    },
    {
      "ticker": "KXBTC15M-26SEP281315-15",
      "t0": 1790614800,
      "day": 20724,
      "minute": 1,
      "side": "no",
      "entry": 0.71,
      "distance_dollars": -113.01000000000931,
      "rv_annual": 0.3803005169929536,
      "expected_edge": 0.15000000000000005,
      "result": "yes",
      "pnl": -0.73
    },
    {
      "ticker": "KXBTC15M-26SEP281330-30",
      "t0": 1790615700,
      "day": 20724,
      "minute": 2,
      "side": "yes",
      "entry": 0.65,
      "distance_dollars": 126.66999999999825,
      "rv_annual": 1.0642128021785893,
      "expected_edge": 0.21,
      "result": "no",
      "pnl": -0.67
    },
    {
      "ticker": "KXBTC15M-26SEP281345-45",
      "t0": 1790616600,
      "day": 20724,
      "minute": 1,
      "side": "yes",
      "entry": 0.66,
      "distance_dollars": 79.56999999999243,
      "rv_annual": 0.5789370656784677,
      "expected_edge": 0.19999999999999998,
      "result": "yes",
      "pnl": 0.31999999999999995
    },
    {
      "ticker": "KXBTC15M-26SEP281400-00",
      "t0": 1790617500,
      "day": 20724,
      "minute": 3,
      "side": "no",
      "entry": 0.7,
      "distance_dollars": -80.8700000000099,
      "rv_annual": 0.44496993824088954,
      "expected_edge": 0.16000000000000006,
      "result": "no",
      "pnl": 0.28
    },
    {
      "ticker": "KXBTC15M-26SEP281415-15",
      "t0": 1790618400,
      "day": 20724,
      "minute": 3,
      "side": "yes",
      "entry": 0.73,
      "distance_dollars": 88.97000000000116,
      "rv_annual": 0.36669001528321155,
      "expected_edge": 0.13000000000000003,
      "result": "yes",
      "pnl": 0.25
    },
    {
      "ticker": "KXBTC15M-26SEP281430-30",
      "t0": 1790619300,
      "day": 20724,
      "minute": 3,
      "side": "no",
      "entry": 0.71,
      "distance_dollars": -74.47999999999593,
      "rv_annual": 0.2908987418399793,
      "expected_edge": 0.15000000000000005,
      "result": "no",
      "pnl": 0.27
    },
    {
      "ticker": "KXBTC15M-26SEP281445-45",
      "t0": 1790620200,
      "day": 20724,
      "minute": 3,
      "side": "no",
      "entry": 0.8200000000000001,
      "distance_dollars": -139.8299999999872,
      "rv_annual": 0.3291301379512716,
      "expected_edge": 0.03999999999999994,
      "result": "no",
      "pnl": 0.15999999999999995
    },
    {
      "ticker": "KXBTC15M-26SEP281515-15",
      "t0": 1790622000,
      "day": 20724,
      "minute": 1,
      "side": "no",
      "entry": 0.69,
      "distance_dollars": -64.75,
      "rv_annual": 0.2904048366400329,
      "expected_edge": 0.17000000000000007,
      "result": "no",
      "pnl": 0.29000000000000004
    },
    {
      "ticker": "KXBTC15M-26SEP281530-30",
      "t0": 1790622900,
      "day": 20724,
      "minute": 2,
      "side": "no",
      "entry": 0.62,
      "distance_dollars": -57.679999999993015,
      "rv_annual": 0.31455108825041844,
      "expected_edge": 0.24000000000000002,
      "result": "no",
      "pnl": 0.36
    },
    {
      "ticker": "KXBTC15M-26SEP281545-45",
      "t0": 1790623800,
      "day": 20724,
      "minute": 3,
      "side": "no",
      "entry": 0.63,
      "distance_dollars": -57.74000000000524,
      "rv_annual": 0.1769935829109708,
      "expected_edge": 0.23,
      "result": "no",
      "pnl": 0.35
    },
    {
      "ticker": "KXBTC15M-26SEP281600-00",
      "t0": 1790624700,
      "day": 20724,
      "minute": 1,
      "side": "yes",
      "entry": 0.72,
      "distance_dollars": 72.48999999999069,
      "rv_annual": 0.5969942390098126,
      "expected_edge": 0.14000000000000004,
      "result": "yes",
      "pnl": 0.26
    },
    {
      "ticker": "KXBTC15M-26SEP281615-15",
      "t0": 1790625600,
      "day": 20724,
      "minute": 2,
      "side": "no",
      "entry": 0.77,
      "distance_dollars": -129.26999999998952,
      "rv_annual": 0.4040406350419451,
      "expected_edge": 0.08999999999999998,
      "result": "yes",
      "pnl": -0.79
    },
    {
      "ticker": "KXBTC15M-26SEP281630-30",
      "t0": 1790626500,
      "day": 20724,
      "minute": 2,
      "side": "no",
      "entry": 0.77,
      "distance_dollars": -95.0399999999936,
      "rv_annual": 0.34964325351318276,
      "expected_edge": 0.08999999999999998,
      "result": "no",
      "pnl": 0.21
    },
    {
      "ticker": "KXBTC15M-26SEP281645-45",
      "t0": 1790627400,
      "day": 20724,
      "minute": 1,
      "side": "no",
      "entry": 0.6599999999999999,
      "distance_dollars": -62.75,
      "rv_annual": 0.3108382208530325,
      "expected_edge": 0.2000000000000001,
      "result": "no",
      "pnl": 0.32000000000000006
    },
    {
      "ticker": "KXBTC15M-26SEP281700-00",
      "t0": 1790628300,
      "day": 20724,
      "minute": 6,
      "side": "no",
      "entry": 0.6699999999999999,
      "distance_dollars": -50.98999999999069,
      "rv_annual": 0.19058792534473856,
      "expected_edge": 0.19000000000000009,
      "result": "yes",
      "pnl": -0.69
    },
    {
      "ticker": "KXBTC15M-26SEP281730-30",
      "t0": 1790630100,
      "day": 20724,
      "minute": 3,
      "side": "no",
      "entry": 0.74,
      "distance_dollars": -55.19000000000233,
      "rv_annual": 0.18990751198943814,
      "expected_edge": 0.12000000000000001,
      "result": "no",
      "pnl": 0.24000000000000002
    },
    {
      "ticker": "KXBTC15M-26SEP281800-00",
      "t0": 1790631900,
      "day": 20724,
      "minute": 7,
      "side": "no",
      "entry": 0.85,
      "distance_dollars": -76.52000000000407,
      "rv_annual": 0.1629365718239239,
      "expected_edge": 0.020000000000000025,
      "result": "no",
      "pnl": 0.14
    },
    {
      "ticker": "KXBTC15M-26SEP281815-15",
      "t0": 1790632800,
      "day": 20724,
      "minute": 1,
      "side": "no",
      "entry": 0.62,
      "distance_dollars": -57.919999999998254,
      "rv_annual": 0.271680471822648,
      "expected_edge": 0.24000000000000002,
      "result": "no",
      "pnl": 0.36
    },
    {
      "ticker": "KXBTC15M-26SEP281830-30",
      "t0": 1790633700,
      "day": 20724,
      "minute": 1,
      "side": "no",
      "entry": 0.62,
      "distance_dollars": -62.93000000000757,
      "rv_annual": 0.28662326939350136,
      "expected_edge": 0.24000000000000002,
      "result": "yes",
      "pnl": -0.64
    },
    {
      "ticker": "KXBTC15M-26SEP282000-00",
      "t0": 1790639100,
      "day": 20724,
      "minute": 6,
      "side": "no",
      "entry": 0.85,
      "distance_dollars": -63.76000000000931,
      "rv_annual": 0.14336874052044773,
      "expected_edge": 0.020000000000000025,
      "result": "no",
      "pnl": 0.14
    },
    {
      "ticker": "KXBTC15M-26SEP282030-30",
      "t0": 1790640900,
      "day": 20725,
      "minute": 2,
      "side": "no",
      "entry": 0.77,
      "distance_dollars": -77.83000000000175,
      "rv_annual": 0.2282872798788725,
      "expected_edge": 0.08999999999999998,
      "result": "yes",
      "pnl": -0.79
    },
    {
      "ticker": "KXBTC15M-26SEP282045-45",
      "t0": 1790641800,
      "day": 20725,
      "minute": 2,
      "side": "no",
      "entry": 0.74,
      "distance_dollars": -66.16000000000349,
      "rv_annual": 0.38061999754252546,
      "expected_edge": 0.12000000000000001,
      "result": "no",
      "pnl": 0.24000000000000002
    },
    {
      "ticker": "KXBTC15M-26SEP282100-00",
      "t0": 1790642700,
      "day": 20725,
      "minute": 1,
      "side": "no",
      "entry": 0.71,
      "distance_dollars": -69.33000000000175,
      "rv_annual": 0.3700882714542272,
      "expected_edge": 0.15000000000000005,
      "result": "no",
      "pnl": 0.27
    },
    {
      "ticker": "KXBTC15M-26SEP282115-15",
      "t0": 1790643600,
      "day": 20725,
      "minute": 1,
      "side": "no",
      "entry": 0.7,
      "distance_dollars": -98.58999999999651,
      "rv_annual": 0.27594467706223286,
      "expected_edge": 0.16000000000000006,
      "result": "no",
      "pnl": 0.28
    },
    {
      "ticker": "KXBTC15M-26SEP282130-30",
      "t0": 1790644500,
      "day": 20725,
      "minute": 2,
      "side": "no",
      "entry": 0.69,
      "distance_dollars": -92.94000000000233,
      "rv_annual": 0.42731963851887456,
      "expected_edge": 0.17000000000000007,
      "result": "no",
      "pnl": 0.29000000000000004
    },
    {
      "ticker": "KXBTC15M-26SEP282145-45",
      "t0": 1790645400,
      "day": 20725,
      "minute": 4,
      "side": "yes",
      "entry": 0.71,
      "distance_dollars": 72.94000000000233,
      "rv_annual": 0.5081952006797117,
      "expected_edge": 0.15000000000000005,
      "result": "yes",
      "pnl": 0.27
    },
    {
      "ticker": "KXBTC15M-26SEP282200-00",
      "t0": 1790646300,
      "day": 20725,
      "minute": 1,
      "side": "yes",
      "entry": 0.79,
      "distance_dollars": 126.80000000000291,
      "rv_annual": 0.47265880066229843,
      "expected_edge": 0.06999999999999997,
      "result": "yes",
      "pnl": 0.18999999999999997
    },
    {
      "ticker": "KXBTC15M-26SEP282215-15",
      "t0": 1790647200,
      "day": 20725,
      "minute": 4,
      "side": "no",
      "entry": 0.7,
      "distance_dollars": -71.40000000000873,
      "rv_annual": 0.36703757727479164,
      "expected_edge": 0.16000000000000006,
      "result": "no",
      "pnl": 0.28
    },
    {
      "ticker": "KXBTC15M-26SEP282230-30",
      "t0": 1790648100,
      "day": 20725,
      "minute": 5,
      "side": "yes",
      "entry": 0.72,
      "distance_dollars": 67.69000000000233,
      "rv_annual": 0.396381019099268,
      "expected_edge": 0.14000000000000004,
      "result": "no",
      "pnl": -0.74
    },
    {
      "ticker": "KXBTC15M-26SEP282245-45",
      "t0": 1790649000,
      "day": 20725,
      "minute": 5,
      "side": "no",
      "entry": 0.6599999999999999,
      "distance_dollars": -62.09000000001106,
      "rv_annual": 0.34897067133731147,
      "expected_edge": 0.2000000000000001,
      "result": "yes",
      "pnl": -0.6799999999999999
    },
    {
      "ticker": "KXBTC15M-26SEP282300-00",
      "t0": 1790649900,
      "day": 20725,
      "minute": 4,
      "side": "yes",
      "entry": 0.72,
      "distance_dollars": 75.88000000000466,
      "rv_annual": 0.33085444030925787,
      "expected_edge": 0.14000000000000004,
      "result": "no",
      "pnl": -0.74
    },
    {
      "ticker": "KXBTC15M-26SEP282315-15",
      "t0": 1790650800,
      "day": 20725,
      "minute": 1,
      "side": "yes",
      "entry": 0.64,
      "distance_dollars": 53.679999999993015,
      "rv_annual": 0.33888132902200596,
      "expected_edge": 0.22,
      "result": "no",
      "pnl": -0.66
    },
    {
      "ticker": "KXBTC15M-26SEP282345-45",
      "t0": 1790652600,
      "day": 20725,
      "minute": 1,
      "side": "no",
      "entry": 0.7,
      "distance_dollars": -66.84000000001106,
      "rv_annual": 0.33917644682066267,
      "expected_edge": 0.16000000000000006,
      "result": "no",
      "pnl": 0.28
    },
    {
      "ticker": "KXBTC15M-26SEP290045-45",
      "t0": 1790656200,
      "day": 20725,
      "minute": 4,
      "side": "no",
      "entry": 0.75,
      "distance_dollars": -67.86000000000058,
      "rv_annual": 0.15871113433285897,
      "expected_edge": 0.11,
      "result": "no",
      "pnl": 0.23
    },
    {
      "ticker": "KXBTC15M-26SEP290100-00",
      "t0": 1790657100,
      "day": 20725,
      "minute": 3,
      "side": "no",
      "entry": 0.74,
      "distance_dollars": -60.89999999999418,
      "rv_annual": 0.18890324284456345,
      "expected_edge": 0.12000000000000001,
      "result": "yes",
      "pnl": -0.76
    },
    {
      "ticker": "KXBTC15M-26SEP290145-45",
      "t0": 1790659800,
      "day": 20725,
      "minute": 1,
      "side": "no",
      "entry": 0.7,
      "distance_dollars": -61.020000000004075,
      "rv_annual": 0.26548143663326534,
      "expected_edge": 0.16000000000000006,
      "result": "no",
      "pnl": 0.28
    },
    {
      "ticker": "KXBTC15M-26SEP290200-00",
      "t0": 1790660700,
      "day": 20725,
      "minute": 2,
      "side": "no",
      "entry": 0.71,
      "distance_dollars": -70.66999999999825,
      "rv_annual": 0.5151334030305105,
      "expected_edge": 0.15000000000000005,
      "result": "yes",
      "pnl": -0.73
    },
    {
      "ticker": "KXBTC15M-26SEP290230-30",
      "t0": 1790662500,
      "day": 20725,
      "minute": 2,
      "side": "no",
      "entry": 0.78,
      "distance_dollars": -89.55999999999767,
      "rv_annual": 0.3840294310078256,
      "expected_edge": 0.07999999999999997,
      "result": "yes",
      "pnl": -0.8
    },
    {
      "ticker": "KXBTC15M-26SEP290315-15",
      "t0": 1790665200,
      "day": 20725,
      "minute": 1,
      "side": "no",
      "entry": 0.81,
      "distance_dollars": -95.15000000000873,
      "rv_annual": 0.32085596927323856,
      "expected_edge": 0.04999999999999995,
      "result": "no",
      "pnl": 0.16999999999999996
    },
    {
      "ticker": "KXBTC15M-26SEP290330-30",
      "t0": 1790666100,
      "day": 20725,
      "minute": 8,
      "side": "no",
      "entry": 0.73,
      "distance_dollars": -60.30000000000291,
      "rv_annual": 0.2500950575129232,
      "expected_edge": 0.13000000000000003,
      "result": "yes",
      "pnl": -0.75
    },
    {
      "ticker": "KXBTC15M-26SEP290345-45",
      "t0": 1790667000,
      "day": 20725,
      "minute": 3,
      "side": "yes",
      "entry": 0.72,
      "distance_dollars": 67.69000000000233,
      "rv_annual": 0.35052739233580305,
      "expected_edge": 0.14000000000000004,
      "result": "yes",
      "pnl": 0.26
    },
    {
      "ticker": "KXBTC15M-26SEP290445-45",
      "t0": 1790670600,
      "day": 20725,
      "minute": 1,
      "side": "no",
      "entry": 0.74,
      "distance_dollars": -75.13999999999942,
      "rv_annual": 0.4829822873569165,
      "expected_edge": 0.12000000000000001,
      "result": "no",
      "pnl": 0.24000000000000002
    },
    {
      "ticker": "KXBTC15M-26SEP290500-00",
      "t0": 1790671500,
      "day": 20725,
      "minute": 2,
      "side": "no",
      "entry": 0.6799999999999999,
      "distance_dollars": -61.970000000001164,
      "rv_annual": 0.3241571774259793,
      "expected_edge": 0.18000000000000008,
      "result": "no",
      "pnl": 0.30000000000000004
    },
    {
      "ticker": "KXBTC15M-26SEP290515-15",
      "t0": 1790672400,
      "day": 20725,
      "minute": 4,
      "side": "no",
      "entry": 0.81,
      "distance_dollars": -94.33999999999651,
      "rv_annual": 0.21334229006964434,
      "expected_edge": 0.04999999999999995,
      "result": "no",
      "pnl": 0.16999999999999996
    },
    {
      "ticker": "KXBTC15M-26SEP290615-15",
      "t0": 1790676000,
      "day": 20725,
      "minute": 1,
      "side": "no",
      "entry": 0.71,
      "distance_dollars": -62.779999999998836,
      "rv_annual": 0.45309664936432487,
      "expected_edge": 0.15000000000000005,
      "result": "no",
      "pnl": 0.27
    },
    {
      "ticker": "KXBTC15M-26SEP290630-30",
      "t0": 1790676900,
      "day": 20725,
      "minute": 3,
      "side": "no",
      "entry": 0.73,
      "distance_dollars": -59.71999999998661,
      "rv_annual": 0.2709349464790014,
      "expected_edge": 0.13000000000000003,
      "result": "no",
      "pnl": 0.25
    },
    {
      "ticker": "KXBTC15M-26SEP290645-45",
      "t0": 1790677800,
      "day": 20725,
      "minute": 4,
      "side": "no",
      "entry": 0.81,
      "distance_dollars": -86.93000000000757,
      "rv_annual": 0.2123222506768994,
      "expected_edge": 0.04999999999999995,
      "result": "no",
      "pnl": 0.16999999999999996
    },
    {
      "ticker": "KXBTC15M-26SEP290715-15",
      "t0": 1790679600,
      "day": 20725,
      "minute": 5,
      "side": "no",
      "entry": 0.86,
      "distance_dollars": -106.05000000000291,
      "rv_annual": 0.21836882975811464,
      "expected_edge": 0.010000000000000018,
      "result": "no",
      "pnl": 0.13
    },
    {
      "ticker": "KXBTC15M-26SEP290730-30",
      "t0": 1790680500,
      "day": 20725,
      "minute": 4,
      "side": "yes",
      "entry": 0.74,
      "distance_dollars": 52.38999999999942,
      "rv_annual": 0.34388274224711385,
      "expected_edge": 0.12000000000000001,
      "result": "yes",
      "pnl": 0.24000000000000002
    },
    {
      "ticker": "KXBTC15M-26SEP290800-00",
      "t0": 1790682300,
      "day": 20725,
      "minute": 2,
      "side": "yes",
      "entry": 0.75,
      "distance_dollars": 73.52000000000407,
      "rv_annual": 0.3800471797505036,
      "expected_edge": 0.11,
      "result": "yes",
      "pnl": 0.23
    },
    {
      "ticker": "KXBTC15M-26SEP290815-15",
      "t0": 1790683200,
      "day": 20725,
      "minute": 7,
      "side": "no",
      "entry": 0.7,
      "distance_dollars": -54.729999999995925,
      "rv_annual": 0.34654427323985415,
      "expected_edge": 0.16000000000000006,
      "result": "no",
      "pnl": 0.28
    },
    {
      "ticker": "KXBTC15M-26SEP290830-30",
      "t0": 1790684100,
      "day": 20725,
      "minute": 3,
      "side": "yes",
      "entry": 0.77,
      "distance_dollars": 86.41000000000349,
      "rv_annual": 0.33430471516444915,
      "expected_edge": 0.08999999999999998,
      "result": "no",
      "pnl": -0.79
    },
    {
      "ticker": "KXBTC15M-26SEP290845-45",
      "t0": 1790685000,
      "day": 20725,
      "minute": 2,
      "side": "yes",
      "entry": 0.65,
      "distance_dollars": 54.370000000009895,
      "rv_annual": 0.38269556730635995,
      "expected_edge": 0.21,
      "result": "yes",
      "pnl": 0.32999999999999996
    },
    {
      "ticker": "KXBTC15M-26SEP290900-00",
      "t0": 1790685900,
      "day": 20725,
      "minute": 1,
      "side": "no",
      "entry": 0.72,
      "distance_dollars": -84.98999999999069,
      "rv_annual": 0.4216186802339518,
      "expected_edge": 0.14000000000000004,
      "result": "no",
      "pnl": 0.26
    },
    {
      "ticker": "KXBTC15M-26SEP290915-15",
      "t0": 1790686800,
      "day": 20725,
      "minute": 4,
      "side": "no",
      "entry": 0.69,
      "distance_dollars": -72.11999999999534,
      "rv_annual": 0.2739775378986662,
      "expected_edge": 0.17000000000000007,
      "result": "yes",
      "pnl": -0.71
    },
    {
      "ticker": "KXBTC15M-26SEP290945-45",
      "t0": 1790688600,
      "day": 20725,
      "minute": 1,
      "side": "no",
      "entry": 0.6799999999999999,
      "distance_dollars": -100.69999999999709,
      "rv_annual": 0.41251407747991203,
      "expected_edge": 0.18000000000000008,
      "result": "no",
      "pnl": 0.30000000000000004
    },
    {
      "ticker": "KXBTC15M-26SEP291000-00",
      "t0": 1790689500,
      "day": 20725,
      "minute": 2,
      "side": "no",
      "entry": 0.6599999999999999,
      "distance_dollars": -89.0799999999872,
      "rv_annual": 0.4952677153503039,
      "expected_edge": 0.2000000000000001,
      "result": "yes",
      "pnl": -0.6799999999999999
    },
    {
      "ticker": "KXBTC15M-26SEP291015-15",
      "t0": 1790690400,
      "day": 20725,
      "minute": 2,
      "side": "no",
      "entry": 0.7,
      "distance_dollars": -123.52999999999884,
      "rv_annual": 0.5847332818666455,
      "expected_edge": 0.16000000000000006,
      "result": "no",
      "pnl": 0.28
    },
    {
      "ticker": "KXBTC15M-26SEP291030-30",
      "t0": 1790691300,
      "day": 20725,
      "minute": 2,
      "side": "no",
      "entry": 0.64,
      "distance_dollars": -69.25,
      "rv_annual": 0.44290964220341905,
      "expected_edge": 0.22,
      "result": "yes",
      "pnl": -0.66
    },
    {
      "ticker": "KXBTC15M-26SEP291045-45",
      "t0": 1790692200,
      "day": 20725,
      "minute": 6,
      "side": "no",
      "entry": 0.6799999999999999,
      "distance_dollars": -71.10000000000582,
      "rv_annual": 0.40730416004545184,
      "expected_edge": 0.18000000000000008,
      "result": "no",
      "pnl": 0.30000000000000004
    },
    {
      "ticker": "KXBTC15M-26SEP291100-00",
      "t0": 1790693100,
      "day": 20725,
      "minute": 1,
      "side": "yes",
      "entry": 0.77,
      "distance_dollars": 133.7199999999866,
      "rv_annual": 0.4386268700575508,
      "expected_edge": 0.08999999999999998,
      "result": "no",
      "pnl": -0.79
    },
    {
      "ticker": "KXBTC15M-26SEP291115-15",
      "t0": 1790694000,
      "day": 20725,
      "minute": 1,
      "side": "no",
      "entry": 0.6799999999999999,
      "distance_dollars": -107.86999999999534,
      "rv_annual": 0.5049507708804494,
      "expected_edge": 0.18000000000000008,
      "result": "no",
      "pnl": 0.30000000000000004
    },
    {
      "ticker": "KXBTC15M-26SEP291130-30",
      "t0": 1790694900,
      "day": 20725,
      "minute": 1,
      "side": "yes",
      "entry": 0.67,
      "distance_dollars": 72.66999999999825,
      "rv_annual": 0.557623504336871,
      "expected_edge": 0.18999999999999997,
      "result": "no",
      "pnl": -0.6900000000000001
    },
    {
      "ticker": "KXBTC15M-26SEP291145-45",
      "t0": 1790695800,
      "day": 20725,
      "minute": 1,
      "side": "yes",
      "entry": 0.54,
      "distance_dollars": 51.54000000000815,
      "rv_annual": 0.4696495485118834,
      "expected_edge": 0.31999999999999995,
      "result": "yes",
      "pnl": 0.43999999999999995
    },
    {
      "ticker": "KXBTC15M-26SEP291200-00",
      "t0": 1790696700,
      "day": 20725,
      "minute": 3,
      "side": "yes",
      "entry": 0.73,
      "distance_dollars": 96.16999999999825,
      "rv_annual": 0.4328698779034301,
      "expected_edge": 0.13000000000000003,
      "result": "no",
      "pnl": -0.75
    },
    {
      "ticker": "KXBTC15M-26SEP291215-15",
      "t0": 1790697600,
      "day": 20725,
      "minute": 1,
      "side": "yes",
      "entry": 0.73,
      "distance_dollars": 103.07000000000698,
      "rv_annual": 0.6563653210747811,
      "expected_edge": 0.13000000000000003,
      "result": "no",
      "pnl": -0.75
    },
    {
      "ticker": "KXBTC15M-26SEP291230-30",
      "t0": 1790698500,
      "day": 20725,
      "minute": 2,
      "side": "yes",
      "entry": 0.75,
      "distance_dollars": 115.67999999999302,
      "rv_annual": 0.37430799912151963,
      "expected_edge": 0.11,
      "result": "yes",
      "pnl": 0.23
    },
    {
      "ticker": "KXBTC15M-26SEP291245-45",
      "t0": 1790699400,
      "day": 20725,
      "minute": 1,
      "side": "no",
      "entry": 0.73,
      "distance_dollars": -88.59000000001106,
      "rv_annual": 0.333516877255664,
      "expected_edge": 0.13000000000000003,
      "result": "no",
      "pnl": 0.25
    },
    {
      "ticker": "KXBTC15M-26SEP291300-00",
      "t0": 1790700300,
      "day": 20725,
      "minute": 1,
      "side": "no",
      "entry": 0.71,
      "distance_dollars": -94.91999999999825,
      "rv_annual": 0.3152698845322697,
      "expected_edge": 0.15000000000000005,
      "result": "yes",
      "pnl": -0.73
    },
    {
      "ticker": "KXBTC15M-26SEP291315-15",
      "t0": 1790701200,
      "day": 20725,
      "minute": 6,
      "side": "yes",
      "entry": 0.78,
      "distance_dollars": 91.83999999999651,
      "rv_annual": 0.3696474979131834,
      "expected_edge": 0.07999999999999997,
      "result": "yes",
      "pnl": 0.19999999999999998
    },
    {
      "ticker": "KXBTC15M-26SEP291330-30",
      "t0": 1790702100,
      "day": 20725,
      "minute": 7,
      "side": "no",
      "entry": 0.8200000000000001,
      "distance_dollars": -93.55999999999767,
      "rv_annual": 0.2872747849745312,
      "expected_edge": 0.03999999999999994,
      "result": "yes",
      "pnl": -0.8400000000000001
    },
    {
      "ticker": "KXBTC15M-26SEP291345-45",
      "t0": 1790703000,
      "day": 20725,
      "minute": 1,
      "side": "yes",
      "entry": 0.67,
      "distance_dollars": 60.24000000000524,
      "rv_annual": 0.3515628262875947,
      "expected_edge": 0.18999999999999997,
      "result": "yes",
      "pnl": 0.30999999999999994
    },
    {
      "ticker": "KXBTC15M-26SEP291400-00",
      "t0": 1790703900,
      "day": 20725,
      "minute": 2,
      "side": "no",
      "entry": 0.65,
      "distance_dollars": -55.820000000006985,
      "rv_annual": 0.2512859840439198,
      "expected_edge": 0.21,
      "result": "no",
      "pnl": 0.32999999999999996
    },
    {
      "ticker": "KXBTC15M-26SEP291415-15",
      "t0": 1790704800,
      "day": 20725,
      "minute": 2,
      "side": "yes",
      "entry": 0.86,
      "distance_dollars": 195.16999999999825,
      "rv_annual": 0.5197070011298862,
      "expected_edge": 0.010000000000000018,
      "result": "yes",
      "pnl": 0.13
    },
    {
      "ticker": "KXBTC15M-26SEP291430-30",
      "t0": 1790705700,
      "day": 20725,
      "minute": 1,
      "side": "yes",
      "entry": 0.63,
      "distance_dollars": 51.080000000001746,
      "rv_annual": 0.3956971015744473,
      "expected_edge": 0.23,
      "result": "yes",
      "pnl": 0.35
    },
    {
      "ticker": "KXBTC15M-26SEP291545-45",
      "t0": 1790710200,
      "day": 20725,
      "minute": 11,
      "side": "no",
      "entry": 0.8200000000000001,
      "distance_dollars": -52.76999999998952,
      "rv_annual": 0.2058325105697165,
      "expected_edge": 0.03999999999999994,
      "result": "no",
      "pnl": 0.15999999999999995
    },
    {
      "ticker": "KXBTC15M-26SEP291600-00",
      "t0": 1790711100,
      "day": 20725,
      "minute": 1,
      "side": "no",
      "entry": 0.6799999999999999,
      "distance_dollars": -64.15000000000873,
      "rv_annual": 0.22686813528919378,
      "expected_edge": 0.18000000000000008,
      "result": "yes",
      "pnl": -0.7
    },
    {
      "ticker": "KXBTC15M-26SEP291615-15",
      "t0": 1790712000,
      "day": 20725,
      "minute": 2,
      "side": "no",
      "entry": 0.6599999999999999,
      "distance_dollars": -52.30999999999767,
      "rv_annual": 0.4515167039807915,
      "expected_edge": 0.2000000000000001,
      "result": "no",
      "pnl": 0.32000000000000006
    },
    {
      "ticker": "KXBTC15M-26SEP291645-45",
      "t0": 1790713800,
      "day": 20725,
      "minute": 5,
      "side": "no",
      "entry": 0.73,
      "distance_dollars": -53.51999999998952,
      "rv_annual": 0.15650140765094878,
      "expected_edge": 0.13000000000000003,
      "result": "yes",
      "pnl": -0.75
    },
    {
      "ticker": "KXBTC15M-26SEP291715-15",
      "t0": 1790715600,
      "day": 20725,
      "minute": 3,
      "side": "no",
      "entry": 0.78,
      "distance_dollars": -77.29000000000815,
      "rv_annual": 0.13748377130451156,
      "expected_edge": 0.07999999999999997,
      "result": "no",
      "pnl": 0.19999999999999998
    },
    {
      "ticker": "KXBTC15M-26SEP291730-30",
      "t0": 1790716500,
      "day": 20725,
      "minute": 2,
      "side": "no",
      "entry": 0.69,
      "distance_dollars": -59.11000000000058,
      "rv_annual": 0.16912590217137,
      "expected_edge": 0.17000000000000007,
      "result": "no",
      "pnl": 0.29000000000000004
    },
    {
      "ticker": "KXBTC15M-26SEP291800-00",
      "t0": 1790718300,
      "day": 20725,
      "minute": 1,
      "side": "no",
      "entry": 0.74,
      "distance_dollars": -75.69000000000233,
      "rv_annual": 0.2041032762745086,
      "expected_edge": 0.12000000000000001,
      "result": "no",
      "pnl": 0.24000000000000002
    },
    {
      "ticker": "KXBTC15M-26SEP291830-30",
      "t0": 1790720100,
      "day": 20725,
      "minute": 1,
      "side": "no",
      "entry": 0.76,
      "distance_dollars": -75.05000000000291,
      "rv_annual": 0.28259153875472137,
      "expected_edge": 0.09999999999999999,
      "result": "no",
      "pnl": 0.22
    },
    {
      "ticker": "KXBTC15M-26SEP291930-30",
      "t0": 1790723700,
      "day": 20725,
      "minute": 6,
      "side": "no",
      "entry": 0.85,
      "distance_dollars": -77.0,
      "rv_annual": 0.25344136563938635,
      "expected_edge": 0.020000000000000025,
      "result": "no",
      "pnl": 0.14
    },
    {
      "ticker": "KXBTC15M-26SEP291945-45",
      "t0": 1790724600,
      "day": 20725,
      "minute": 6,
      "side": "no",
      "entry": 0.77,
      "distance_dollars": -55.49000000000524,
      "rv_annual": 0.14496315627498627,
      "expected_edge": 0.08999999999999998,
      "result": "no",
      "pnl": 0.21
    },
    {
      "ticker": "KXBTC15M-26SEP292030-30",
      "t0": 1790727300,
      "day": 20726,
      "minute": 4,
      "side": "no",
      "entry": 0.79,
      "distance_dollars": -88.80999999999767,
      "rv_annual": 0.24385658590236356,
      "expected_edge": 0.06999999999999997,
      "result": "yes",
      "pnl": -0.81
    },
    {
      "ticker": "KXBTC15M-26SEP292045-45",
      "t0": 1790728200,
      "day": 20726,
      "minute": 7,
      "side": "no",
      "entry": 0.78,
      "distance_dollars": -67.66000000000349,
      "rv_annual": 0.2749226011700551,
      "expected_edge": 0.07999999999999997,
      "result": "no",
      "pnl": 0.19999999999999998
    },
    {
      "ticker": "KXBTC15M-26SEP292100-00",
      "t0": 1790729100,
      "day": 20726,
      "minute": 1,
      "side": "no",
      "entry": 0.65,
      "distance_dollars": -51.919999999998254,
      "rv_annual": 0.2733701555905341,
      "expected_edge": 0.21,
      "result": "no",
      "pnl": 0.32999999999999996
    },
    {
      "ticker": "KXBTC15M-26SEP292145-45",
      "t0": 1790731800,
      "day": 20726,
      "minute": 1,
      "side": "no",
      "entry": 0.6699999999999999,
      "distance_dollars": -60.55000000000291,
      "rv_annual": 0.2570827056404714,
      "expected_edge": 0.19000000000000009,
      "result": "no",
      "pnl": 0.31000000000000005
    },
    {
      "ticker": "KXBTC15M-26SEP292230-30",
      "t0": 1790734500,
      "day": 20726,
      "minute": 2,
      "side": "no",
      "entry": 0.72,
      "distance_dollars": -75.95000000001164,
      "rv_annual": 0.35344430207800553,
      "expected_edge": 0.14000000000000004,
      "result": "no",
      "pnl": 0.26
    },
    {
      "ticker": "KXBTC15M-26SEP292245-45",
      "t0": 1790735400,
      "day": 20726,
      "minute": 3,
      "side": "no",
      "entry": 0.6699999999999999,
      "distance_dollars": -56.29000000000815,
      "rv_annual": 0.3023130596947647,
      "expected_edge": 0.19000000000000009,
      "result": "no",
      "pnl": 0.31000000000000005
    },
    {
      "ticker": "KXBTC15M-26SEP292300-00",
      "t0": 1790736300,
      "day": 20726,
      "minute": 3,
      "side": "yes",
      "entry": 0.79,
      "distance_dollars": 90.30000000000291,
      "rv_annual": 0.3720595703402499,
      "expected_edge": 0.06999999999999997,
      "result": "no",
      "pnl": -0.81
    },
    {
      "ticker": "KXBTC15M-26SEP292330-30",
      "t0": 1790738100,
      "day": 20726,
      "minute": 2,
      "side": "no",
      "entry": 0.74,
      "distance_dollars": -93.65999999998894,
      "rv_annual": 0.26832461870221846,
      "expected_edge": 0.12000000000000001,
      "result": "no",
      "pnl": 0.24000000000000002
    },
    {
      "ticker": "KXBTC15M-26SEP292345-45",
      "t0": 1790739000,
      "day": 20726,
      "minute": 2,
      "side": "no",
      "entry": 0.63,
      "distance_dollars": -51.94000000000233,
      "rv_annual": 0.2965811680619063,
      "expected_edge": 0.23,
      "result": "yes",
      "pnl": -0.65
    },
    {
      "ticker": "KXBTC15M-26SEP300000-00",
      "t0": 1790739900,
      "day": 20726,
      "minute": 1,
      "side": "no",
      "entry": 0.71,
      "distance_dollars": -69.77999999999884,
      "rv_annual": 0.25444090016190074,
      "expected_edge": 0.15000000000000005,
      "result": "no",
      "pnl": 0.27
    },
    {
      "ticker": "KXBTC15M-26SEP300045-45",
      "t0": 1790742600,
      "day": 20726,
      "minute": 4,
      "side": "no",
      "entry": 0.6699999999999999,
      "distance_dollars": -56.08999999999651,
      "rv_annual": 0.23015582152044325,
      "expected_edge": 0.19000000000000009,
      "result": "no",
      "pnl": 0.31000000000000005
    },
    {
      "ticker": "KXBTC15M-26SEP300100-00",
      "t0": 1790743500,
      "day": 20726,
      "minute": 5,
      "side": "no",
      "entry": 0.78,
      "distance_dollars": -65.60000000000582,
      "rv_annual": 0.20655872645904866,
      "expected_edge": 0.07999999999999997,
      "result": "no",
      "pnl": 0.19999999999999998
    },
    {
      "ticker": "KXBTC15M-26SEP300115-15",
      "t0": 1790744400,
      "day": 20726,
      "minute": 3,
      "side": "yes",
      "entry": 0.8,
      "distance_dollars": 84.32000000000698,
      "rv_annual": 0.3456013566506369,
      "expected_edge": 0.059999999999999956,
      "result": "yes",
      "pnl": 0.17999999999999997
    },
    {
      "ticker": "KXBTC15M-26SEP300200-00",
      "t0": 1790747100,
      "day": 20726,
      "minute": 4,
      "side": "no",
      "entry": 0.74,
      "distance_dollars": -53.95999999999185,
      "rv_annual": 0.13752377685738829,
      "expected_edge": 0.12000000000000001,
      "result": "no",
      "pnl": 0.24000000000000002
    },
    {
      "ticker": "KXBTC15M-26SEP300215-15",
      "t0": 1790748000,
      "day": 20726,
      "minute": 8,
      "side": "no",
      "entry": 0.85,
      "distance_dollars": -82.22999999999593,
      "rv_annual": 0.3497938909282295,
      "expected_edge": 0.020000000000000025,
      "result": "no",
      "pnl": 0.14
    },
    {
      "ticker": "KXBTC15M-26SEP300245-45",
      "t0": 1790749800,
      "day": 20726,
      "minute": 4,
      "side": "no",
      "entry": 0.72,
      "distance_dollars": -82.15000000000873,
      "rv_annual": 0.24444826270716383,
      "expected_edge": 0.14000000000000004,
      "result": "no",
      "pnl": 0.26
    },
    {
      "ticker": "KXBTC15M-26SEP300300-00",
      "t0": 1790750700,
      "day": 20726,
      "minute": 1,
      "side": "no",
      "entry": 0.64,
      "distance_dollars": -65.20999999999185,
      "rv_annual": 0.4098834067149172,
      "expected_edge": 0.22,
      "result": "no",
      "pnl": 0.33999999999999997
    },
    {
      "ticker": "KXBTC15M-26SEP300315-15",
      "t0": 1790751600,
      "day": 20726,
      "minute": 1,
      "side": "no",
      "entry": 0.72,
      "distance_dollars": -134.9100000000035,
      "rv_annual": 0.4522375096655631,
      "expected_edge": 0.14000000000000004,
      "result": "no",
      "pnl": 0.26
    },
    {
      "ticker": "KXBTC15M-26SEP300415-15",
      "t0": 1790755200,
      "day": 20726,
      "minute": 2,
      "side": "no",
      "entry": 0.69,
      "distance_dollars": -54.51000000000931,
      "rv_annual": 0.21416915812477752,
      "expected_edge": 0.17000000000000007,
      "result": "no",
      "pnl": 0.29000000000000004
    },
    {
      "ticker": "KXBTC15M-26SEP300430-30",
      "t0": 1790756100,
      "day": 20726,
      "minute": 5,
      "side": "yes",
      "entry": 0.79,
      "distance_dollars": 68.9600000000064,
      "rv_annual": 0.3396102606627817,
      "expected_edge": 0.06999999999999997,
      "result": "yes",
      "pnl": 0.18999999999999997
    },
    {
      "ticker": "KXBTC15M-26SEP300445-45",
      "t0": 1790757000,
      "day": 20726,
      "minute": 1,
      "side": "no",
      "entry": 0.73,
      "distance_dollars": -85.68000000000757,
      "rv_annual": 0.33750660919496017,
      "expected_edge": 0.13000000000000003,
      "result": "no",
      "pnl": 0.25
    },
    {
      "ticker": "KXBTC15M-26SEP300630-30",
      "t0": 1790763300,
      "day": 20726,
      "minute": 2,
      "side": "no",
      "entry": 0.73,
      "distance_dollars": -68.60000000000582,
      "rv_annual": 0.22416873867134593,
      "expected_edge": 0.13000000000000003,
      "result": "yes",
      "pnl": -0.75
    },
    {
      "ticker": "KXBTC15M-26SEP300645-45",
      "t0": 1790764200,
      "day": 20726,
      "minute": 2,
      "side": "yes",
      "entry": 0.7,
      "distance_dollars": 60.220000000001164,
      "rv_annual": 0.3579154321874286,
      "expected_edge": 0.16000000000000006,
      "result": "yes",
      "pnl": 0.28
    },
    {
      "ticker": "KXBTC15M-26SEP300715-15",
      "t0": 1790766000,
      "day": 20726,
      "minute": 1,
      "side": "no",
      "entry": 0.76,
      "distance_dollars": -76.4600000000064,
      "rv_annual": 0.2070722695813255,
      "expected_edge": 0.09999999999999999,
      "result": "no",
      "pnl": 0.22
    },
    {
      "ticker": "KXBTC15M-26SEP300730-30",
      "t0": 1790766900,
      "day": 20726,
      "minute": 5,
      "side": "no",
      "entry": 0.86,
      "distance_dollars": -101.72000000000116,
      "rv_annual": 0.39238091258800495,
      "expected_edge": 0.010000000000000018,
      "result": "yes",
      "pnl": -0.87
    },
    {
      "ticker": "KXBTC15M-26SEP300745-45",
      "t0": 1790767800,
      "day": 20726,
      "minute": 2,
      "side": "no",
      "entry": 0.81,
      "distance_dollars": -103.61000000000058,
      "rv_annual": 0.3713725928013111,
      "expected_edge": 0.04999999999999995,
      "result": "yes",
      "pnl": -0.8300000000000001
    },
    {
      "ticker": "KXBTC15M-26SEP300800-00",
      "t0": 1790768700,
      "day": 20726,
      "minute": 4,
      "side": "no",
      "entry": 0.75,
      "distance_dollars": -70.76000000000931,
      "rv_annual": 0.24363337098219304,
      "expected_edge": 0.11,
      "result": "no",
      "pnl": 0.23
    },
    {
      "ticker": "KXBTC15M-26SEP300815-15",
      "t0": 1790769600,
      "day": 20726,
      "minute": 4,
      "side": "no",
      "entry": 0.6699999999999999,
      "distance_dollars": -59.69999999999709,
      "rv_annual": 0.23615564905627703,
      "expected_edge": 0.19000000000000009,
      "result": "no",
      "pnl": 0.31000000000000005
    },
    {
      "ticker": "KXBTC15M-26SEP300830-30",
      "t0": 1790770500,
      "day": 20726,
      "minute": 2,
      "side": "no",
      "entry": 0.7,
      "distance_dollars": -76.33999999999651,
      "rv_annual": 0.260995107600017,
      "expected_edge": 0.16000000000000006,
      "result": "yes",
      "pnl": -0.72
    },
    {
      "ticker": "KXBTC15M-26SEP300900-00",
      "t0": 1790772300,
      "day": 20726,
      "minute": 1,
      "side": "yes",
      "entry": 0.64,
      "distance_dollars": 92.81999999999243,
      "rv_annual": 1.2350965829000644,
      "expected_edge": 0.22,
      "result": "yes",
      "pnl": 0.33999999999999997
    },
    {
      "ticker": "KXBTC15M-26SEP300915-15",
      "t0": 1790773200,
      "day": 20726,
      "minute": 6,
      "side": "no",
      "entry": 0.65,
      "distance_dollars": -57.99000000000524,
      "rv_annual": 0.5146059350038767,
      "expected_edge": 0.21,
      "result": "yes",
      "pnl": -0.67
    },
    {
      "ticker": "KXBTC15M-26SEP300930-30",
      "t0": 1790774100,
      "day": 20726,
      "minute": 2,
      "side": "yes",
      "entry": 0.63,
      "distance_dollars": 78.38999999999942,
      "rv_annual": 0.6913117365564742,
      "expected_edge": 0.23,
      "result": "no",
      "pnl": -0.65
    },
    {
      "ticker": "KXBTC15M-26SEP300945-45",
      "t0": 1790775000,
      "day": 20726,
      "minute": 1,
      "side": "yes",
      "entry": 0.76,
      "distance_dollars": 164.64999999999418,
      "rv_annual": 0.5921762959949212,
      "expected_edge": 0.09999999999999999,
      "result": "no",
      "pnl": -0.78
    },
    {
      "ticker": "KXBTC15M-26SEP301000-00",
      "t0": 1790775900,
      "day": 20726,
      "minute": 2,
      "side": "yes",
      "entry": 0.67,
      "distance_dollars": 130.0,
      "rv_annual": 1.5393787368350667,
      "expected_edge": 0.18999999999999997,
      "result": "yes",
      "pnl": 0.30999999999999994
    },
    {
      "ticker": "KXBTC15M-26SEP301030-30",
      "t0": 1790777700,
      "day": 20726,
      "minute": 5,
      "side": "no",
      "entry": 0.83,
      "distance_dollars": -250.16999999999825,
      "rv_annual": 0.633023832108059,
      "expected_edge": 0.04000000000000004,
      "result": "no",
      "pnl": 0.16000000000000003
    },
    {
      "ticker": "KXBTC15M-26SEP301045-45",
      "t0": 1790778600,
      "day": 20726,
      "minute": 1,
      "side": "yes",
      "entry": 0.64,
      "distance_dollars": 82.0399999999936,
      "rv_annual": 0.7491687524213513,
      "expected_edge": 0.22,
      "result": "no",
      "pnl": -0.66
    },
    {
      "ticker": "KXBTC15M-26SEP301100-00",
      "t0": 1790779500,
      "day": 20726,
      "minute": 2,
      "side": "yes",
      "entry": 0.62,
      "distance_dollars": 55.74000000000524,
      "rv_annual": 0.9644163436669346,
      "expected_edge": 0.24000000000000002,
      "result": "yes",
      "pnl": 0.36
    },
    {
      "ticker": "KXBTC15M-26SEP301115-15",
      "t0": 1790780400,
      "day": 20726,
      "minute": 3,
      "side": "no",
      "entry": 0.6,
      "distance_dollars": -57.10000000000582,
      "rv_annual": 0.4495093603827994,
      "expected_edge": 0.26,
      "result": "yes",
      "pnl": -0.62
    },
    {
      "ticker": "KXBTC15M-26SEP301130-30",
      "t0": 1790781300,
      "day": 20726,
      "minute": 3,
      "side": "no",
      "entry": 0.6699999999999999,
      "distance_dollars": -88.13999999999942,
      "rv_annual": 0.4976592183057434,
      "expected_edge": 0.19000000000000009,
      "result": "no",
      "pnl": 0.31000000000000005
    },
    {
      "ticker": "KXBTC15M-26SEP301145-45",
      "t0": 1790782200,
      "day": 20726,
      "minute": 1,
      "side": "yes",
      "entry": 0.75,
      "distance_dollars": 142.47999999999593,
      "rv_annual": 0.6609372328727021,
      "expected_edge": 0.11,
      "result": "yes",
      "pnl": 0.23
    },
    {
      "ticker": "KXBTC15M-26SEP301200-00",
      "t0": 1790783100,
      "day": 20726,
      "minute": 3,
      "side": "yes",
      "entry": 0.7,
      "distance_dollars": 79.88000000000466,
      "rv_annual": 0.4331883865631618,
      "expected_edge": 0.16000000000000006,
      "result": "yes",
      "pnl": 0.28
    },
    {
      "ticker": "KXBTC15M-26SEP301215-15",
      "t0": 1790784000,
      "day": 20726,
      "minute": 3,
      "side": "yes",
      "entry": 0.74,
      "distance_dollars": 98.06999999999243,
      "rv_annual": 0.3565531041461414,
      "expected_edge": 0.12000000000000001,
      "result": "yes",
      "pnl": 0.24000000000000002
    },
    {
      "ticker": "KXBTC15M-26SEP301230-30",
      "t0": 1790784900,
      "day": 20726,
      "minute": 6,
      "side": "yes",
      "entry": 0.67,
      "distance_dollars": 53.9600000000064,
      "rv_annual": 0.370232961844065,
      "expected_edge": 0.18999999999999997,
      "result": "no",
      "pnl": -0.6900000000000001
    },
    {
      "ticker": "KXBTC15M-26SEP301245-45",
      "t0": 1790785800,
      "day": 20726,
      "minute": 1,
      "side": "no",
      "entry": 0.65,
      "distance_dollars": -55.43000000000757,
      "rv_annual": 0.3138067909651602,
      "expected_edge": 0.21,
      "result": "yes",
      "pnl": -0.67
    },
    {
      "ticker": "KXBTC15M-26SEP301300-00",
      "t0": 1790786700,
      "day": 20726,
      "minute": 12,
      "side": "no",
      "entry": 0.84,
      "distance_dollars": -52.169999999998254,
      "rv_annual": 0.2758104115611467,
      "expected_edge": 0.030000000000000034,
      "result": "no",
      "pnl": 0.15000000000000002
    },
    {
      "ticker": "KXBTC15M-26SEP301315-15",
      "t0": 1790787600,
      "day": 20726,
      "minute": 5,
      "side": "no",
      "entry": 0.6599999999999999,
      "distance_dollars": -61.879999999990105,
      "rv_annual": 0.23377280110812942,
      "expected_edge": 0.2000000000000001,
      "result": "no",
      "pnl": 0.32000000000000006
    },
    {
      "ticker": "KXBTC15M-26SEP301330-30",
      "t0": 1790788500,
      "day": 20726,
      "minute": 1,
      "side": "no",
      "entry": 0.81,
      "distance_dollars": -144.0,
      "rv_annual": 0.4056124791974523,
      "expected_edge": 0.04999999999999995,
      "result": "no",
      "pnl": 0.16999999999999996
    },
    {
      "ticker": "KXBTC15M-26SEP301345-45",
      "t0": 1790789400,
      "day": 20726,
      "minute": 2,
      "side": "no",
      "entry": 0.76,
      "distance_dollars": -105.55000000000291,
      "rv_annual": 0.5446362915434915,
      "expected_edge": 0.09999999999999999,
      "result": "no",
      "pnl": 0.22
    },
    {
      "ticker": "KXBTC15M-26SEP301400-00",
      "t0": 1790790300,
      "day": 20726,
      "minute": 4,
      "side": "yes",
      "entry": 0.78,
      "distance_dollars": 83.36999999999534,
      "rv_annual": 0.41391352777222745,
      "expected_edge": 0.07999999999999997,
      "result": "yes",
      "pnl": 0.19999999999999998
    },
    {
      "ticker": "KXBTC15M-26SEP301415-15",
      "t0": 1790791200,
      "day": 20726,
      "minute": 2,
      "side": "no",
      "entry": 0.6599999999999999,
      "distance_dollars": -65.81999999999243,
      "rv_annual": 0.26977579244927585,
      "expected_edge": 0.2000000000000001,
      "result": "no",
      "pnl": 0.32000000000000006
    },
    {
      "ticker": "KXBTC15M-26SEP301430-30",
      "t0": 1790792100,
      "day": 20726,
      "minute": 2,
      "side": "no",
      "entry": 0.65,
      "distance_dollars": -53.320000000006985,
      "rv_annual": 0.31010172422227383,
      "expected_edge": 0.21,
      "result": "no",
      "pnl": 0.32999999999999996
    },
    {
      "ticker": "KXBTC15M-26SEP301445-45",
      "t0": 1790793000,
      "day": 20726,
      "minute": 6,
      "side": "no",
      "entry": 0.8,
      "distance_dollars": -90.20999999999185,
      "rv_annual": 0.26803860412901914,
      "expected_edge": 0.059999999999999956,
      "result": "no",
      "pnl": 0.17999999999999997
    },
    {
      "ticker": "KXBTC15M-26SEP301500-00",
      "t0": 1790793900,
      "day": 20726,
      "minute": 2,
      "side": "no",
      "entry": 0.62,
      "distance_dollars": -51.30000000000291,
      "rv_annual": 0.1668671976270051,
      "expected_edge": 0.24000000000000002,
      "result": "yes",
      "pnl": -0.64
    },
    {
      "ticker": "KXBTC15M-26SEP301515-15",
      "t0": 1790794800,
      "day": 20726,
      "minute": 1,
      "side": "no",
      "entry": 0.71,
      "distance_dollars": -76.55999999999767,
      "rv_annual": 0.3152618136235769,
      "expected_edge": 0.15000000000000005,
      "result": "no",
      "pnl": 0.27
    },
    {
      "ticker": "KXBTC15M-26SEP301530-30",
      "t0": 1790795700,
      "day": 20726,
      "minute": 1,
      "side": "no",
      "entry": 0.64,
      "distance_dollars": -57.73999999999069,
      "rv_annual": 0.18302417122727785,
      "expected_edge": 0.22,
      "result": "no",
      "pnl": 0.33999999999999997
    },
    {
      "ticker": "KXBTC15M-26SEP301600-00",
      "t0": 1790797500,
      "day": 20726,
      "minute": 3,
      "side": "no",
      "entry": 0.74,
      "distance_dollars": -100.0399999999936,
      "rv_annual": 0.3006277465871478,
      "expected_edge": 0.12000000000000001,
      "result": "no",
      "pnl": 0.24000000000000002
    },
    {
      "ticker": "KXBTC15M-26SEP301645-45",
      "t0": 1790800200,
      "day": 20726,
      "minute": 1,
      "side": "no",
      "entry": 0.7,
      "distance_dollars": -61.08999999999651,
      "rv_annual": 0.18931019888692852,
      "expected_edge": 0.16000000000000006,
      "result": "no",
      "pnl": 0.28
    },
    {
      "ticker": "KXBTC15M-26SEP301815-15",
      "t0": 1790805600,
      "day": 20726,
      "minute": 4,
      "side": "no",
      "entry": 0.69,
      "distance_dollars": -53.63999999999942,
      "rv_annual": 0.16754407297968657,
      "expected_edge": 0.17000000000000007,
      "result": "no",
      "pnl": 0.29000000000000004
    },
    {
      "ticker": "KXBTC15M-26SEP301900-00",
      "t0": 1790808300,
      "day": 20726,
      "minute": 5,
      "side": "no",
      "entry": 0.78,
      "distance_dollars": -54.919999999998254,
      "rv_annual": 0.12262263042814477,
      "expected_edge": 0.07999999999999997,
      "result": "no",
      "pnl": 0.19999999999999998
    },
    {
      "ticker": "KXBTC15M-26SEP301915-15",
      "t0": 1790809200,
      "day": 20726,
      "minute": 9,
      "side": "no",
      "entry": 0.74,
      "distance_dollars": -55.66000000000349,
      "rv_annual": 0.19424239683970512,
      "expected_edge": 0.12000000000000001,
      "result": "yes",
      "pnl": -0.76
    },
    {
      "ticker": "KXBTC15M-26SEP301945-45",
      "t0": 1790811000,
      "day": 20726,
      "minute": 3,
      "side": "no",
      "entry": 0.6799999999999999,
      "distance_dollars": -65.95999999999185,
      "rv_annual": 0.24186956559952433,
      "expected_edge": 0.18000000000000008,
      "result": "no",
      "pnl": 0.30000000000000004
    },
    {
      "ticker": "KXBTC15M-26SEP302000-00",
      "t0": 1790811900,
      "day": 20726,
      "minute": 1,
      "side": "no",
      "entry": 0.65,
      "distance_dollars": -50.94000000000233,
      "rv_annual": 0.25608948774483664,
      "expected_edge": 0.21,
      "result": "no",
      "pnl": 0.32999999999999996
    },
    {
      "ticker": "KXBTC15M-26SEP302015-15",
      "t0": 1790812800,
      "day": 20727,
      "minute": 1,
      "side": "no",
      "entry": 0.61,
      "distance_dollars": -55.01000000000931,
      "rv_annual": 0.15336477572317703,
      "expected_edge": 0.25,
      "result": "no",
      "pnl": 0.37
    },
    {
      "ticker": "KXBTC15M-26SEP302030-30",
      "t0": 1790813700,
      "day": 20727,
      "minute": 1,
      "side": "no",
      "entry": 0.6699999999999999,
      "distance_dollars": -67.19000000000233,
      "rv_annual": 0.25740670275422406,
      "expected_edge": 0.19000000000000009,
      "result": "no",
      "pnl": 0.31000000000000005
    },
    {
      "ticker": "KXBTC15M-26SEP302100-00",
      "t0": 1790815500,
      "day": 20727,
      "minute": 3,
      "side": "no",
      "entry": 0.6799999999999999,
      "distance_dollars": -53.029999999998836,
      "rv_annual": 0.21553544628436622,
      "expected_edge": 0.18000000000000008,
      "result": "no",
      "pnl": 0.30000000000000004
    },
    {
      "ticker": "KXBTC15M-26SEP302145-45",
      "t0": 1790818200,
      "day": 20727,
      "minute": 1,
      "side": "no",
      "entry": 0.79,
      "distance_dollars": -87.91000000000349,
      "rv_annual": 0.2404240011563844,
      "expected_edge": 0.06999999999999997,
      "result": "no",
      "pnl": 0.18999999999999997
    },
    {
      "ticker": "KXBTC15M-26SEP302200-00",
      "t0": 1790819100,
      "day": 20727,
      "minute": 2,
      "side": "no",
      "entry": 0.7,
      "distance_dollars": -53.720000000001164,
      "rv_annual": 0.29183709031327404,
      "expected_edge": 0.16000000000000006,
      "result": "no",
      "pnl": 0.28
    },
    {
      "ticker": "KXBTC15M-26SEP302230-30",
      "t0": 1790820900,
      "day": 20727,
      "minute": 4,
      "side": "no",
      "entry": 0.85,
      "distance_dollars": -97.52999999999884,
      "rv_annual": 0.25803712229784326,
      "expected_edge": 0.020000000000000025,
      "result": "no",
      "pnl": 0.14
    },
    {
      "ticker": "KXBTC15M-26SEP302245-45",
      "t0": 1790821800,
      "day": 20727,
      "minute": 8,
      "side": "no",
      "entry": 0.75,
      "distance_dollars": -55.279999999998836,
      "rv_annual": 0.29291809484657044,
      "expected_edge": 0.11,
      "result": "no",
      "pnl": 0.23
    },
    {
      "ticker": "KXBTC15M-26SEP302330-30",
      "t0": 1790824500,
      "day": 20727,
      "minute": 7,
      "side": "no",
      "entry": 0.8,
      "distance_dollars": -50.229999999995925,
      "rv_annual": 0.14731173796366137,
      "expected_edge": 0.059999999999999956,
      "result": "yes",
      "pnl": -0.8200000000000001
    },
    {
      "ticker": "KXBTC15M-26SEP302345-45",
      "t0": 1790825400,
      "day": 20727,
      "minute": 2,
      "side": "no",
      "entry": 0.75,
      "distance_dollars": -62.68000000000757,
      "rv_annual": 0.19265775280948372,
      "expected_edge": 0.11,
      "result": "yes",
      "pnl": -0.77
    },
    {
      "ticker": "KXBTC15M-26OCT010000-00",
      "t0": 1790826300,
      "day": 20727,
      "minute": 4,
      "side": "no",
      "entry": 0.83,
      "distance_dollars": -85.91000000000349,
      "rv_annual": 0.23419088236784255,
      "expected_edge": 0.04000000000000004,
      "result": "yes",
      "pnl": -0.84
    },
    {
      "ticker": "KXBTC15M-26OCT010030-30",
      "t0": 1790828100,
      "day": 20727,
      "minute": 3,
      "side": "no",
      "entry": 0.79,
      "distance_dollars": -94.02000000000407,
      "rv_annual": 0.34871592097200965,
      "expected_edge": 0.06999999999999997,
      "result": "no",
      "pnl": 0.18999999999999997
    },
    {
      "ticker": "KXBTC15M-26OCT010045-45",
      "t0": 1790829000,
      "day": 20727,
      "minute": 3,
      "side": "no",
      "entry": 0.76,
      "distance_dollars": -74.2899999999936,
      "rv_annual": 0.26072964370015056,
      "expected_edge": 0.09999999999999999,
      "result": "yes",
      "pnl": -0.78
    },
    {
      "ticker": "KXBTC15M-26OCT010100-00",
      "t0": 1790829900,
      "day": 20727,
      "minute": 3,
      "side": "yes",
      "entry": 0.82,
      "distance_dollars": 122.57000000000698,
      "rv_annual": 0.44308299986582106,
      "expected_edge": 0.04000000000000005,
      "result": "yes",
      "pnl": 0.16000000000000006
    },
    {
      "ticker": "KXBTC15M-26OCT010115-15",
      "t0": 1790830800,
      "day": 20727,
      "minute": 2,
      "side": "no",
      "entry": 0.6599999999999999,
      "distance_dollars": -55.66000000000349,
      "rv_annual": 0.42536592063127465,
      "expected_edge": 0.2000000000000001,
      "result": "yes",
      "pnl": -0.6799999999999999
    },
    {
      "ticker": "KXBTC15M-26OCT010230-30",
      "t0": 1790835300,
      "day": 20727,
      "minute": 5,
      "side": "no",
      "entry": 0.8200000000000001,
      "distance_dollars": -67.8799999999901,
      "rv_annual": 0.15831322812819373,
      "expected_edge": 0.03999999999999994,
      "result": "no",
      "pnl": 0.15999999999999995
    },
    {
      "ticker": "KXBTC15M-26OCT010245-45",
      "t0": 1790836200,
      "day": 20727,
      "minute": 2,
      "side": "no",
      "entry": 0.75,
      "distance_dollars": -66.08999999999651,
      "rv_annual": 0.14923829167472435,
      "expected_edge": 0.11,
      "result": "no",
      "pnl": 0.23
    },
    {
      "ticker": "KXBTC15M-26OCT010615-15",
      "t0": 1790848800,
      "day": 20727,
      "minute": 1,
      "side": "no",
      "entry": 0.7,
      "distance_dollars": -66.63000000000466,
      "rv_annual": 0.22033700562421318,
      "expected_edge": 0.16000000000000006,
      "result": "no",
      "pnl": 0.28
    },
    {
      "ticker": "KXBTC15M-26OCT010630-30",
      "t0": 1790849700,
      "day": 20727,
      "minute": 1,
      "side": "no",
      "entry": 0.72,
      "distance_dollars": -80.34000000001106,
      "rv_annual": 0.5474726298893773,
      "expected_edge": 0.14000000000000004,
      "result": "no",
      "pnl": 0.26
    },
    {
      "ticker": "KXBTC15M-26OCT010645-45",
      "t0": 1790850600,
      "day": 20727,
      "minute": 1,
      "side": "yes",
      "entry": 0.69,
      "distance_dollars": 56.4600000000064,
      "rv_annual": 0.4567220039659444,
      "expected_edge": 0.17000000000000007,
      "result": "yes",
      "pnl": 0.29000000000000004
    },
    {
      "ticker": "KXBTC15M-26OCT010715-15",
      "t0": 1790852400,
      "day": 20727,
      "minute": 1,
      "side": "no",
      "entry": 0.72,
      "distance_dollars": -73.61000000000058,
      "rv_annual": 0.412304981851206,
      "expected_edge": 0.14000000000000004,
      "result": "no",
      "pnl": 0.26
    },
    {
      "ticker": "KXBTC15M-26OCT010730-30",
      "t0": 1790853300,
      "day": 20727,
      "minute": 6,
      "side": "no",
      "entry": 0.72,
      "distance_dollars": -55.94999999999709,
      "rv_annual": 0.15988365585908862,
      "expected_edge": 0.14000000000000004,
      "result": "no",
      "pnl": 0.26
    },
    {
      "ticker": "KXBTC15M-26OCT010745-45",
      "t0": 1790854200,
      "day": 20727,
      "minute": 3,
      "side": "no",
      "entry": 0.7,
      "distance_dollars": -57.86999999999534,
      "rv_annual": 0.2887918871934151,
      "expected_edge": 0.16000000000000006,
      "result": "yes",
      "pnl": -0.72
    },
    {
      "ticker": "KXBTC15M-26OCT010830-30",
      "t0": 1790856900,
      "day": 20727,
      "minute": 1,
      "side": "no",
      "entry": 0.6699999999999999,
      "distance_dollars": -51.5,
      "rv_annual": 0.20944571155714622,
      "expected_edge": 0.19000000000000009,
      "result": "no",
      "pnl": 0.31000000000000005
    },
    {
      "ticker": "KXBTC15M-26OCT010845-45",
      "t0": 1790857800,
      "day": 20727,
      "minute": 3,
      "side": "no",
      "entry": 0.69,
      "distance_dollars": -65.29999999998836,
      "rv_annual": 0.35041247658701224,
      "expected_edge": 0.17000000000000007,
      "result": "no",
      "pnl": 0.29000000000000004
    },
    {
      "ticker": "KXBTC15M-26OCT010900-00",
      "t0": 1790858700,
      "day": 20727,
      "minute": 3,
      "side": "no",
      "entry": 0.72,
      "distance_dollars": -73.77000000000407,
      "rv_annual": 0.4208190619631461,
      "expected_edge": 0.14000000000000004,
      "result": "no",
      "pnl": 0.26
    },
    {
      "ticker": "KXBTC15M-26OCT010915-15",
      "t0": 1790859600,
      "day": 20727,
      "minute": 1,
      "side": "no",
      "entry": 0.6699999999999999,
      "distance_dollars": -81.63000000000466,
      "rv_annual": 0.26994742901621777,
      "expected_edge": 0.19000000000000009,
      "result": "no",
      "pnl": 0.31000000000000005
    },
    {
      "ticker": "KXBTC15M-26OCT010930-30",
      "t0": 1790860500,
      "day": 20727,
      "minute": 12,
      "side": "no",
      "entry": 0.76,
      "distance_dollars": -53.51000000000931,
      "rv_annual": 0.35696383174188256,
      "expected_edge": 0.09999999999999999,
      "result": "no",
      "pnl": 0.22
    },
    {
      "ticker": "KXBTC15M-26OCT010945-45",
      "t0": 1790861400,
      "day": 20727,
      "minute": 3,
      "side": "yes",
      "entry": 0.66,
      "distance_dollars": 53.279999999998836,
      "rv_annual": 0.36685227557710093,
      "expected_edge": 0.19999999999999998,
      "result": "yes",
      "pnl": 0.31999999999999995
    },
    {
      "ticker": "KXBTC15M-26OCT011000-00",
      "t0": 1790862300,
      "day": 20727,
      "minute": 3,
      "side": "yes",
      "entry": 0.61,
      "distance_dollars": 61.29000000000815,
      "rv_annual": 0.6369023252819096,
      "expected_edge": 0.25,
      "result": "yes",
      "pnl": 0.37
    },
    {
      "ticker": "KXBTC15M-26OCT011015-15",
      "t0": 1790863200,
      "day": 20727,
      "minute": 7,
      "side": "no",
      "entry": 0.8200000000000001,
      "distance_dollars": -162.18999999998778,
      "rv_annual": 0.5981730446132568,
      "expected_edge": 0.03999999999999994,
      "result": "no",
      "pnl": 0.15999999999999995
    },
    {
      "ticker": "KXBTC15M-26OCT011030-30",
      "t0": 1790864100,
      "day": 20727,
      "minute": 1,
      "side": "yes",
      "entry": 0.65,
      "distance_dollars": 84.08999999999651,
      "rv_annual": 0.6390227928298229,
      "expected_edge": 0.21,
      "result": "yes",
      "pnl": 0.32999999999999996
    },
    {
      "ticker": "KXBTC15M-26OCT011045-45",
      "t0": 1790865000,
      "day": 20727,
      "minute": 5,
      "side": "yes",
      "entry": 0.63,
      "distance_dollars": 60.4600000000064,
      "rv_annual": 0.6502897043903763,
      "expected_edge": 0.23,
      "result": "no",
      "pnl": -0.65
    },
    {
      "ticker": "KXBTC15M-26OCT011100-00",
      "t0": 1790865900,
      "day": 20727,
      "minute": 3,
      "side": "no",
      "entry": 0.71,
      "distance_dollars": -123.25,
      "rv_annual": 0.46925946128308427,
      "expected_edge": 0.15000000000000005,
      "result": "no",
      "pnl": 0.27
    },
    {
      "ticker": "KXBTC15M-26OCT011115-15",
      "t0": 1790866800,
      "day": 20727,
      "minute": 4,
      "side": "yes",
      "entry": 0.68,
      "distance_dollars": 94.45999999999185,
      "rv_annual": 0.434263755209829,
      "expected_edge": 0.17999999999999997,
      "result": "yes",
      "pnl": 0.29999999999999993
    },
    {
      "ticker": "KXBTC15M-26OCT011130-30",
      "t0": 1790867700,
      "day": 20727,
      "minute": 2,
      "side": "yes",
      "entry": 0.66,
      "distance_dollars": 78.74000000000524,
      "rv_annual": 0.5859619762129565,
      "expected_edge": 0.19999999999999998,
      "result": "yes",
      "pnl": 0.31999999999999995
    },
    {
      "ticker": "KXBTC15M-26OCT011145-45",
      "t0": 1790868600,
      "day": 20727,
      "minute": 1,
      "side": "no",
      "entry": 0.76,
      "distance_dollars": -131.19000000000233,
      "rv_annual": 0.35735690410404175,
      "expected_edge": 0.09999999999999999,
      "result": "no",
      "pnl": 0.22
    },
    {
      "ticker": "KXBTC15M-26OCT011200-00",
      "t0": 1790869500,
      "day": 20727,
      "minute": 1,
      "side": "yes",
      "entry": 0.75,
      "distance_dollars": 104.43000000000757,
      "rv_annual": 0.5249787945999851,
      "expected_edge": 0.11,
      "result": "yes",
      "pnl": 0.23
    },
    {
      "ticker": "KXBTC15M-26OCT011215-15",
      "t0": 1790870400,
      "day": 20727,
      "minute": 1,
      "side": "yes",
      "entry": 0.64,
      "distance_dollars": 71.35000000000582,
      "rv_annual": 0.6015768940611461,
      "expected_edge": 0.22,
      "result": "yes",
      "pnl": 0.33999999999999997
    },
    {
      "ticker": "KXBTC15M-26OCT011230-30",
      "t0": 1790871300,
      "day": 20727,
      "minute": 1,
      "side": "yes",
      "entry": 0.67,
      "distance_dollars": 102.04999999998836,
      "rv_annual": 0.4598506261915262,
      "expected_edge": 0.18999999999999997,
      "result": "yes",
      "pnl": 0.30999999999999994
    },
    {
      "ticker": "KXBTC15M-26OCT011245-45",
      "t0": 1790872200,
      "day": 20727,
      "minute": 8,
      "side": "yes",
      "entry": 0.71,
      "distance_dollars": 57.19999999999709,
      "rv_annual": 0.48860250534315314,
      "expected_edge": 0.15000000000000005,
      "result": "yes",
      "pnl": 0.27
    },
    {
      "ticker": "KXBTC15M-26OCT011300-00",
      "t0": 1790873100,
      "day": 20727,
      "minute": 1,
      "side": "yes",
      "entry": 0.63,
      "distance_dollars": 71.55000000000291,
      "rv_annual": 0.543929868496026,
      "expected_edge": 0.23,
      "result": "no",
      "pnl": -0.65
    },
    {
      "ticker": "KXBTC15M-26OCT011315-15",
      "t0": 1790874000,
      "day": 20727,
      "minute": 2,
      "side": "yes",
      "entry": 0.7,
      "distance_dollars": 89.86999999999534,
      "rv_annual": 0.34071561997560146,
      "expected_edge": 0.16000000000000006,
      "result": "yes",
      "pnl": 0.28
    },
    {
      "ticker": "KXBTC15M-26OCT011330-30",
      "t0": 1790874900,
      "day": 20727,
      "minute": 2,
      "side": "yes",
      "entry": 0.73,
      "distance_dollars": 101.61000000000058,
      "rv_annual": 0.4221021626407629,
      "expected_edge": 0.13000000000000003,
      "result": "yes",
      "pnl": 0.25
    },
    {
      "ticker": "KXBTC15M-26OCT011345-45",
      "t0": 1790875800,
      "day": 20727,
      "minute": 1,
      "side": "yes",
      "entry": 0.62,
      "distance_dollars": 72.14999999999418,
      "rv_annual": 0.5195308521314215,
      "expected_edge": 0.24000000000000002,
      "result": "yes",
      "pnl": 0.36
    },
    {
      "ticker": "KXBTC15M-26OCT011415-15",
      "t0": 1790877600,
      "day": 20727,
      "minute": 1,
      "side": "no",
      "entry": 0.6599999999999999,
      "distance_dollars": -68.72000000000116,
      "rv_annual": 0.5717564736058639,
      "expected_edge": 0.2000000000000001,
      "result": "yes",
      "pnl": -0.6799999999999999
    },
    {
      "ticker": "KXBTC15M-26OCT011430-30",
      "t0": 1790878500,
      "day": 20727,
      "minute": 1,
      "side": "no",
      "entry": 0.7,
      "distance_dollars": -73.89999999999418,
      "rv_annual": 0.4565729108406827,
      "expected_edge": 0.16000000000000006,
      "result": "no",
      "pnl": 0.28
    },
    {
      "ticker": "KXBTC15M-26OCT011445-45",
      "t0": 1790879400,
      "day": 20727,
      "minute": 3,
      "side": "yes",
      "entry": 0.63,
      "distance_dollars": 54.919999999998254,
      "rv_annual": 0.3642866929909628,
      "expected_edge": 0.23,
      "result": "yes",
      "pnl": 0.35
    },
    {
      "ticker": "KXBTC15M-26OCT011515-15",
      "t0": 1790881200,
      "day": 20727,
      "minute": 2,
      "side": "no",
      "entry": 0.72,
      "distance_dollars": -80.02999999999884,
      "rv_annual": 0.40852322589803547,
      "expected_edge": 0.14000000000000004,
      "result": "no",
      "pnl": 0.26
    },
    {
      "ticker": "KXBTC15M-26OCT011530-30",
      "t0": 1790882100,
      "day": 20727,
      "minute": 6,
      "side": "no",
      "entry": 0.76,
      "distance_dollars": -67.38000000000466,
      "rv_annual": 0.28668010698905144,
      "expected_edge": 0.09999999999999999,
      "result": "no",
      "pnl": 0.22
    },
    {
      "ticker": "KXBTC15M-26OCT011545-45",
      "t0": 1790883000,
      "day": 20727,
      "minute": 2,
      "side": "yes",
      "entry": 0.79,
      "distance_dollars": 95.13000000000466,
      "rv_annual": 0.34736638290639077,
      "expected_edge": 0.06999999999999997,
      "result": "yes",
      "pnl": 0.18999999999999997
    },
    {
      "ticker": "KXBTC15M-26OCT011600-00",
      "t0": 1790883900,
      "day": 20727,
      "minute": 4,
      "side": "no",
      "entry": 0.72,
      "distance_dollars": -69.90000000000873,
      "rv_annual": 0.23781763565913652,
      "expected_edge": 0.14000000000000004,
      "result": "yes",
      "pnl": -0.74
    },
    {
      "ticker": "KXBTC15M-26OCT011615-15",
      "t0": 1790884800,
      "day": 20727,
      "minute": 1,
      "side": "yes",
      "entry": 0.73,
      "distance_dollars": 88.3799999999901,
      "rv_annual": 0.3486694217442201,
      "expected_edge": 0.13000000000000003,
      "result": "yes",
      "pnl": 0.25
    },
    {
      "ticker": "KXBTC15M-26OCT011645-45",
      "t0": 1790886600,
      "day": 20727,
      "minute": 8,
      "side": "no",
      "entry": 0.8,
      "distance_dollars": -57.69000000000233,
      "rv_annual": 0.1580710635992713,
      "expected_edge": 0.059999999999999956,
      "result": "no",
      "pnl": 0.17999999999999997
    },
    {
      "ticker": "KXBTC15M-26OCT011700-00",
      "t0": 1790887500,
      "day": 20727,
      "minute": 1,
      "side": "no",
      "entry": 0.69,
      "distance_dollars": -56.74000000000524,
      "rv_annual": 0.16897767017865215,
      "expected_edge": 0.17000000000000007,
      "result": "yes",
      "pnl": -0.71
    },
    {
      "ticker": "KXBTC15M-26OCT011730-30",
      "t0": 1790889300,
      "day": 20727,
      "minute": 1,
      "side": "no",
      "entry": 0.6699999999999999,
      "distance_dollars": -51.080000000001746,
      "rv_annual": 0.14459989005949198,
      "expected_edge": 0.19000000000000009,
      "result": "no",
      "pnl": 0.31000000000000005
    },
    {
      "ticker": "KXBTC15M-26OCT011745-45",
      "t0": 1790890200,
      "day": 20727,
      "minute": 5,
      "side": "no",
      "entry": 0.7,
      "distance_dollars": -53.48999999999069,
      "rv_annual": 0.23587742258466032,
      "expected_edge": 0.16000000000000006,
      "result": "no",
      "pnl": 0.28
    },
    {
      "ticker": "KXBTC15M-26OCT011900-00",
      "t0": 1790894700,
      "day": 20727,
      "minute": 3,
      "side": "no",
      "entry": 0.71,
      "distance_dollars": -55.89999999999418,
      "rv_annual": 0.2543796734229273,
      "expected_edge": 0.15000000000000005,
      "result": "yes",
      "pnl": -0.73
    },
    {
      "ticker": "KXBTC15M-26OCT011915-15",
      "t0": 1790895600,
      "day": 20727,
      "minute": 1,
      "side": "no",
      "entry": 0.78,
      "distance_dollars": -68.25,
      "rv_annual": 0.2573670708583988,
      "expected_edge": 0.07999999999999997,
      "result": "no",
      "pnl": 0.19999999999999998
    },
    {
      "ticker": "KXBTC15M-26OCT012000-00",
      "t0": 1790898300,
      "day": 20727,
      "minute": 1,
      "side": "no",
      "entry": 0.74,
      "distance_dollars": -53.970000000001164,
      "rv_annual": 0.21481605950917373,
      "expected_edge": 0.12000000000000001,
      "result": "yes",
      "pnl": -0.76
    },
    {
      "ticker": "KXBTC15M-26OCT012015-15",
      "t0": 1790899200,
      "day": 20728,
      "minute": 1,
      "side": "no",
      "entry": 0.79,
      "distance_dollars": -75.88000000000466,
      "rv_annual": 0.22824043132565502,
      "expected_edge": 0.06999999999999997,
      "result": "yes",
      "pnl": -0.81
    },
    {
      "ticker": "KXBTC15M-26OCT012030-30",
      "t0": 1790900100,
      "day": 20728,
      "minute": 2,
      "side": "no",
      "entry": 0.6699999999999999,
      "distance_dollars": -55.38000000000466,
      "rv_annual": 0.36760706801217535,
      "expected_edge": 0.19000000000000009,
      "result": "no",
      "pnl": 0.31000000000000005
    },
    {
      "ticker": "KXBTC15M-26OCT012045-45",
      "t0": 1790901000,
      "day": 20728,
      "minute": 1,
      "side": "no",
      "entry": 0.75,
      "distance_dollars": -80.02000000000407,
      "rv_annual": 0.3753245851028143,
      "expected_edge": 0.11,
      "result": "yes",
      "pnl": -0.77
    },
    {
      "ticker": "KXBTC15M-26OCT012100-00",
      "t0": 1790901900,
      "day": 20728,
      "minute": 1,
      "side": "no",
      "entry": 0.8,
      "distance_dollars": -119.93000000000757,
      "rv_annual": 0.370865737320673,
      "expected_edge": 0.059999999999999956,
      "result": "no",
      "pnl": 0.17999999999999997
    },
    {
      "ticker": "KXBTC15M-26OCT012115-15",
      "t0": 1790902800,
      "day": 20728,
      "minute": 5,
      "side": "no",
      "entry": 0.71,
      "distance_dollars": -50.64999999999418,
      "rv_annual": 0.2086236462020118,
      "expected_edge": 0.15000000000000005,
      "result": "no",
      "pnl": 0.27
    },
    {
      "ticker": "KXBTC15M-26OCT012130-30",
      "t0": 1790903700,
      "day": 20728,
      "minute": 11,
      "side": "no",
      "entry": 0.85,
      "distance_dollars": -55.69999999999709,
      "rv_annual": 0.24659978282074926,
      "expected_edge": 0.020000000000000025,
      "result": "no",
      "pnl": 0.14
    },
    {
      "ticker": "KXBTC15M-26OCT012215-15",
      "t0": 1790906400,
      "day": 20728,
      "minute": 5,
      "side": "yes",
      "entry": 0.76,
      "distance_dollars": 96.70999999999185,
      "rv_annual": 0.49401452331369805,
      "expected_edge": 0.09999999999999999,
      "result": "yes",
      "pnl": 0.22
    },
    {
      "ticker": "KXBTC15M-26OCT012230-30",
      "t0": 1790907300,
      "day": 20728,
      "minute": 2,
      "side": "no",
      "entry": 0.71,
      "distance_dollars": -65.27999999999884,
      "rv_annual": 0.3988644062805596,
      "expected_edge": 0.15000000000000005,
      "result": "no",
      "pnl": 0.27
    },
    {
      "ticker": "KXBTC15M-26OCT012315-15",
      "t0": 1790910000,
      "day": 20728,
      "minute": 7,
      "side": "yes",
      "entry": 0.85,
      "distance_dollars": 100.6200000000099,
      "rv_annual": 0.5276139230829484,
      "expected_edge": 0.020000000000000025,
      "result": "yes",
      "pnl": 0.14
    },
    {
      "ticker": "KXBTC15M-26OCT012330-30",
      "t0": 1790910900,
      "day": 20728,
      "minute": 3,
      "side": "no",
      "entry": 0.75,
      "distance_dollars": -85.75,
      "rv_annual": 0.629475283994677,
      "expected_edge": 0.11,
      "result": "no",
      "pnl": 0.23
    },
    {
      "ticker": "KXBTC15M-26OCT012345-45",
      "t0": 1790911800,
      "day": 20728,
      "minute": 7,
      "side": "yes",
      "entry": 0.86,
      "distance_dollars": 109.16999999999825,
      "rv_annual": 0.3307976096348472,
      "expected_edge": 0.010000000000000018,
      "result": "yes",
      "pnl": 0.13
    },
    {
      "ticker": "KXBTC15M-26OCT020015-15",
      "t0": 1790913600,
      "day": 20728,
      "minute": 7,
      "side": "no",
      "entry": 0.7,
      "distance_dollars": -61.95999999999185,
      "rv_annual": 0.34199611641890393,
      "expected_edge": 0.16000000000000006,
      "result": "no",
      "pnl": 0.28
    },
    {
      "ticker": "KXBTC15M-26OCT020030-30",
      "t0": 1790914500,
      "day": 20728,
      "minute": 4,
      "side": "yes",
      "entry": 0.84,
      "distance_dollars": 134.97000000000116,
      "rv_annual": 0.34287201909971643,
      "expected_edge": 0.030000000000000034,
      "result": "yes",
      "pnl": 0.15000000000000002
    },
    {
      "ticker": "KXBTC15M-26OCT020045-45",
      "t0": 1790915400,
      "day": 20728,
      "minute": 1,
      "side": "yes",
      "entry": 0.57,
      "distance_dollars": 69.22999999999593,
      "rv_annual": 1.004597959432827,
      "expected_edge": 0.29000000000000004,
      "result": "no",
      "pnl": -0.59
    },
    {
      "ticker": "KXBTC15M-26OCT020100-00",
      "t0": 1790916300,
      "day": 20728,
      "minute": 1,
      "side": "no",
      "entry": 0.64,
      "distance_dollars": -69.61000000000058,
      "rv_annual": 0.4952068624499776,
      "expected_edge": 0.22,
      "result": "yes",
      "pnl": -0.66
    },
    {
      "ticker": "KXBTC15M-26OCT020115-15",
      "t0": 1790917200,
      "day": 20728,
      "minute": 5,
      "side": "no",
      "entry": 0.72,
      "distance_dollars": -71.5399999999936,
      "rv_annual": 0.4070656300931527,
      "expected_edge": 0.14000000000000004,
      "result": "no",
      "pnl": 0.26
    },
    {
      "ticker": "KXBTC15M-26OCT020130-30",
      "t0": 1790918100,
      "day": 20728,
      "minute": 2,
      "side": "no",
      "entry": 0.72,
      "distance_dollars": -96.61000000000058,
      "rv_annual": 0.4282853102307988,
      "expected_edge": 0.14000000000000004,
      "result": "no",
      "pnl": 0.26
    },
    {
      "ticker": "KXBTC15M-26OCT020145-45",
      "t0": 1790919000,
      "day": 20728,
      "minute": 2,
      "side": "yes",
      "entry": 0.66,
      "distance_dollars": 62.88000000000466,
      "rv_annual": 0.34093562771188296,
      "expected_edge": 0.19999999999999998,
      "result": "no",
      "pnl": -0.68
    },
    {
      "ticker": "KXBTC15M-26OCT020200-00",
      "t0": 1790919900,
      "day": 20728,
      "minute": 3,
      "side": "no",
      "entry": 0.72,
      "distance_dollars": -70.22999999999593,
      "rv_annual": 0.5276682031847069,
      "expected_edge": 0.14000000000000004,
      "result": "no",
      "pnl": 0.26
    },
    {
      "ticker": "KXBTC15M-26OCT020215-15",
      "t0": 1790920800,
      "day": 20728,
      "minute": 2,
      "side": "yes",
      "entry": 0.78,
      "distance_dollars": 107.72000000000116,
      "rv_annual": 0.35945795778904027,
      "expected_edge": 0.07999999999999997,
      "result": "no",
      "pnl": -0.8
    },
    {
      "ticker": "KXBTC15M-26OCT020230-30",
      "t0": 1790921700,
      "day": 20728,
      "minute": 1,
      "side": "yes",
      "entry": 0.71,
      "distance_dollars": 80.24000000000524,
      "rv_annual": 0.5412665138091649,
      "expected_edge": 0.15000000000000005,
      "result": "yes",
      "pnl": 0.27
    },
    {
      "ticker": "KXBTC15M-26OCT020245-45",
      "t0": 1790922600,
      "day": 20728,
      "minute": 6,
      "side": "no",
      "entry": 0.74,
      "distance_dollars": -73.72000000000116,
      "rv_annual": 0.3284612335867061,
      "expected_edge": 0.12000000000000001,
      "result": "no",
      "pnl": 0.24000000000000002
    },
    {
      "ticker": "KXBTC15M-26OCT020315-15",
      "t0": 1790924400,
      "day": 20728,
      "minute": 1,
      "side": "no",
      "entry": 0.69,
      "distance_dollars": -69.69999999999709,
      "rv_annual": 0.33267577598578335,
      "expected_edge": 0.17000000000000007,
      "result": "no",
      "pnl": 0.29000000000000004
    },
    {
      "ticker": "KXBTC15M-26OCT020330-30",
      "t0": 1790925300,
      "day": 20728,
      "minute": 2,
      "side": "no",
      "entry": 0.69,
      "distance_dollars": -76.41000000000349,
      "rv_annual": 0.3881996271650178,
      "expected_edge": 0.17000000000000007,
      "result": "no",
      "pnl": 0.29000000000000004
    },
    {
      "ticker": "KXBTC15M-26OCT020345-45",
      "t0": 1790926200,
      "day": 20728,
      "minute": 1,
      "side": "no",
      "entry": 0.64,
      "distance_dollars": -58.13000000000466,
      "rv_annual": 0.23939783919698268,
      "expected_edge": 0.22,
      "result": "no",
      "pnl": 0.33999999999999997
    },
    {
      "ticker": "KXBTC15M-26OCT020400-00",
      "t0": 1790927100,
      "day": 20728,
      "minute": 1,
      "side": "yes",
      "entry": 0.82,
      "distance_dollars": 114.30000000000291,
      "rv_annual": 0.36250512659522055,
      "expected_edge": 0.04000000000000005,
      "result": "yes",
      "pnl": 0.16000000000000006
    },
    {
      "ticker": "KXBTC15M-26OCT020415-15",
      "t0": 1790928000,
      "day": 20728,
      "minute": 1,
      "side": "yes",
      "entry": 0.64,
      "distance_dollars": 57.86999999999534,
      "rv_annual": 0.34901768637384545,
      "expected_edge": 0.22,
      "result": "yes",
      "pnl": 0.33999999999999997
    },
    {
      "ticker": "KXBTC15M-26OCT020430-30",
      "t0": 1790928900,
      "day": 20728,
      "minute": 2,
      "side": "yes",
      "entry": 0.77,
      "distance_dollars": 114.34000000001106,
      "rv_annual": 0.33382766689913407,
      "expected_edge": 0.08999999999999998,
      "result": "yes",
      "pnl": 0.21
    },
    {
      "ticker": "KXBTC15M-26OCT020445-45",
      "t0": 1790929800,
      "day": 20728,
      "minute": 3,
      "side": "no",
      "entry": 0.72,
      "distance_dollars": -68.32000000000698,
      "rv_annual": 0.34961875170647455,
      "expected_edge": 0.14000000000000004,
      "result": "no",
      "pnl": 0.26
    },
    {
      "ticker": "KXBTC15M-26OCT020515-15",
      "t0": 1790931600,
      "day": 20728,
      "minute": 4,
      "side": "no",
      "entry": 0.79,
      "distance_dollars": -80.6299999999901,
      "rv_annual": 0.2531110456970149,
      "expected_edge": 0.06999999999999997,
      "result": "no",
      "pnl": 0.18999999999999997
    },
    {
      "ticker": "KXBTC15M-26OCT020530-30",
      "t0": 1790932500,
      "day": 20728,
      "minute": 9,
      "side": "no",
      "entry": 0.81,
      "distance_dollars": -67.67999999999302,
      "rv_annual": 0.19609682455919342,
      "expected_edge": 0.04999999999999995,
      "result": "no",
      "pnl": 0.16999999999999996
    },
    {
      "ticker": "KXBTC15M-26OCT020600-00",
      "t0": 1790934300,
      "day": 20728,
      "minute": 3,
      "side": "no",
      "entry": 0.7,
      "distance_dollars": -57.579999999987194,
      "rv_annual": 0.24090544007185208,
      "expected_edge": 0.16000000000000006,
      "result": "yes",
      "pnl": -0.72
    },
    {
      "ticker": "KXBTC15M-26OCT020630-30",
      "t0": 1790936100,
      "day": 20728,
      "minute": 8,
      "side": "no",
      "entry": 0.77,
      "distance_dollars": -62.4600000000064,
      "rv_annual": 0.24447106501753962,
      "expected_edge": 0.08999999999999998,
      "result": "yes",
      "pnl": -0.79
    },
    {
      "ticker": "KXBTC15M-26OCT020645-45",
      "t0": 1790937000,
      "day": 20728,
      "minute": 6,
      "side": "yes",
      "entry": 0.83,
      "distance_dollars": 105.47000000000116,
      "rv_annual": 0.39371540549142686,
      "expected_edge": 0.04000000000000004,
      "result": "yes",
      "pnl": 0.16000000000000003
    },
    {
      "ticker": "KXBTC15M-26OCT020700-00",
      "t0": 1790937900,
      "day": 20728,
      "minute": 3,
      "side": "no",
      "entry": 0.75,
      "distance_dollars": -67.19999999999709,
      "rv_annual": 0.3396740445958518,
      "expected_edge": 0.11,
      "result": "no",
      "pnl": 0.23
    },
    {
      "ticker": "KXBTC15M-26OCT020815-15",
      "t0": 1790942400,
      "day": 20728,
      "minute": 2,
      "side": "no",
      "entry": 0.74,
      "distance_dollars": -94.77000000000407,
      "rv_annual": 0.28855083160623185,
      "expected_edge": 0.12000000000000001,
      "result": "no",
      "pnl": 0.24000000000000002
    },
    {
      "ticker": "KXBTC15M-26OCT020845-45",
      "t0": 1790944200,
      "day": 20728,
      "minute": 1,
      "side": "yes",
      "entry": 0.84,
      "distance_dollars": 341.11999999999534,
      "rv_annual": 0.7787026054369152,
      "expected_edge": 0.030000000000000034,
      "result": "no",
      "pnl": -0.85
    },
    {
      "ticker": "KXBTC15M-26OCT020900-00",
      "t0": 1790945100,
      "day": 20728,
      "minute": 1,
      "side": "yes",
      "entry": 0.63,
      "distance_dollars": 76.66999999999825,
      "rv_annual": 0.813411191309676,
      "expected_edge": 0.23,
      "result": "yes",
      "pnl": 0.35
    },
    {
      "ticker": "KXBTC15M-26OCT020915-15",
      "t0": 1790946000,
      "day": 20728,
      "minute": 2,
      "side": "yes",
      "entry": 0.63,
      "distance_dollars": 71.07000000000698,
      "rv_annual": 0.3885028208848868,
      "expected_edge": 0.23,
      "result": "no",
      "pnl": -0.65
    },
    {
      "ticker": "KXBTC15M-26OCT020945-45",
      "t0": 1790947800,
      "day": 20728,
      "minute": 2,
      "side": "yes",
      "entry": 0.75,
      "distance_dollars": 165.67999999999302,
      "rv_annual": 0.41377885347017535,
      "expected_edge": 0.11,
      "result": "yes",
      "pnl": 0.23
    },
    {
      "ticker": "KXBTC15M-26OCT021000-00",
      "t0": 1790948700,
      "day": 20728,
      "minute": 1,
      "side": "yes",
      "entry": 0.63,
      "distance_dollars": 85.3799999999901,
      "rv_annual": 0.6249447947950791,
      "expected_edge": 0.23,
      "result": "no",
      "pnl": -0.65
    },
    {
      "ticker": "KXBTC15M-26OCT021015-15",
      "t0": 1790949600,
      "day": 20728,
      "minute": 3,
      "side": "yes",
      "entry": 0.63,
      "distance_dollars": 72.0399999999936,
      "rv_annual": 0.6180222195172144,
      "expected_edge": 0.23,
      "result": "no",
      "pnl": -0.65
    },
    {
      "ticker": "KXBTC15M-26OCT021030-30",
      "t0": 1790950500,
      "day": 20728,
      "minute": 1,
      "side": "no",
      "entry": 0.62,
      "distance_dollars": -86.80000000000291,
      "rv_annual": 0.6154127483256482,
      "expected_edge": 0.24000000000000002,
      "result": "no",
      "pnl": 0.36
    },
    {
      "ticker": "KXBTC15M-26OCT021045-45",
      "t0": 1790951400,
      "day": 20728,
      "minute": 2,
      "side": "no",
      "entry": 0.5900000000000001,
      "distance_dollars": -69.33999999999651,
      "rv_annual": 0.6419260356233749,
      "expected_edge": 0.2699999999999999,
      "result": "no",
      "pnl": 0.3899999999999999
    },
    {
      "ticker": "KXBTC15M-26OCT021100-00",
      "t0": 1790952300,
      "day": 20728,
      "minute": 3,
      "side": "yes",
      "entry": 0.69,
      "distance_dollars": 92.36999999999534,
      "rv_annual": 0.9047495080590832,
      "expected_edge": 0.17000000000000007,
      "result": "no",
      "pnl": -0.71
    },
    {
      "ticker": "KXBTC15M-26OCT021115-15",
      "t0": 1790953200,
      "day": 20728,
      "minute": 3,
      "side": "no",
      "entry": 0.5900000000000001,
      "distance_dollars": -73.20999999999185,
      "rv_annual": 0.6352176297719785,
      "expected_edge": 0.2699999999999999,
      "result": "no",
      "pnl": 0.3899999999999999
    },
    {
      "ticker": "KXBTC15M-26OCT021130-30",
      "t0": 1790954100,
      "day": 20728,
      "minute": 8,
      "side": "no",
      "entry": 0.84,
      "distance_dollars": -123.34999999999127,
      "rv_annual": 0.6461453837380727,
      "expected_edge": 0.030000000000000034,
      "result": "no",
      "pnl": 0.15000000000000002
    },
    {
      "ticker": "KXBTC15M-26OCT021145-45",
      "t0": 1790955000,
      "day": 20728,
      "minute": 11,
      "side": "no",
      "entry": 0.85,
      "distance_dollars": -93.75999999999476,
      "rv_annual": 0.4484822345480405,
      "expected_edge": 0.020000000000000025,
      "result": "no",
      "pnl": 0.14
    },
    {
      "ticker": "KXBTC15M-26OCT021200-00",
      "t0": 1790955900,
      "day": 20728,
      "minute": 5,
      "side": "yes",
      "entry": 0.66,
      "distance_dollars": 57.84000000001106,
      "rv_annual": 0.4003786174646504,
      "expected_edge": 0.19999999999999998,
      "result": "no",
      "pnl": -0.68
    },
    {
      "ticker": "KXBTC15M-26OCT021215-15",
      "t0": 1790956800,
      "day": 20728,
      "minute": 1,
      "side": "yes",
      "entry": 0.66,
      "distance_dollars": 70.88000000000466,
      "rv_annual": 0.3416502796690401,
      "expected_edge": 0.19999999999999998,
      "result": "no",
      "pnl": -0.68
    },
    {
      "ticker": "KXBTC15M-26OCT021230-30",
      "t0": 1790957700,
      "day": 20728,
      "minute": 2,
      "side": "yes",
      "entry": 0.66,
      "distance_dollars": 80.98999999999069,
      "rv_annual": 0.4576822139134341,
      "expected_edge": 0.19999999999999998,
      "result": "no",
      "pnl": -0.68
    },
    {
      "ticker": "KXBTC15M-26OCT021245-45",
      "t0": 1790958600,
      "day": 20728,
      "minute": 8,
      "side": "no",
      "entry": 0.72,
      "distance_dollars": -65.65000000000873,
      "rv_annual": 0.31616989964172076,
      "expected_edge": 0.14000000000000004,
      "result": "no",
      "pnl": 0.26
    },
    {
      "ticker": "KXBTC15M-26OCT021300-00",
      "t0": 1790959500,
      "day": 20728,
      "minute": 1,
      "side": "yes",
      "entry": 0.72,
      "distance_dollars": 89.77000000000407,
      "rv_annual": 0.33508103294726665,
      "expected_edge": 0.14000000000000004,
      "result": "no",
      "pnl": -0.74
    },
    {
      "ticker": "KXBTC15M-26OCT021315-15",
      "t0": 1790960400,
      "day": 20728,
      "minute": 9,
      "side": "no",
      "entry": 0.6699999999999999,
      "distance_dollars": -50.10999999998603,
      "rv_annual": 0.32757026237431386,
      "expected_edge": 0.19000000000000009,
      "result": "no",
      "pnl": 0.31000000000000005
    },
    {
      "ticker": "KXBTC15M-26OCT021330-30",
      "t0": 1790961300,
      "day": 20728,
      "minute": 1,
      "side": "no",
      "entry": 0.79,
      "distance_dollars": -233.0100000000093,
      "rv_annual": 0.5450422339109564,
      "expected_edge": 0.06999999999999997,
      "result": "no",
      "pnl": 0.18999999999999997
    },
    {
      "ticker": "KXBTC15M-26OCT021345-45",
      "t0": 1790962200,
      "day": 20728,
      "minute": 3,
      "side": "yes",
      "entry": 0.69,
      "distance_dollars": 125.70000000001164,
      "rv_annual": 0.5090534535448212,
      "expected_edge": 0.17000000000000007,
      "result": "no",
      "pnl": -0.71
    },
    {
      "ticker": "KXBTC15M-26OCT021400-00",
      "t0": 1790963100,
      "day": 20728,
      "minute": 4,
      "side": "yes",
      "entry": 0.63,
      "distance_dollars": 59.88000000000466,
      "rv_annual": 0.41267083694094275,
      "expected_edge": 0.23,
      "result": "yes",
      "pnl": 0.35
    },
    {
      "ticker": "KXBTC15M-26OCT021430-30",
      "t0": 1790964900,
      "day": 20728,
      "minute": 2,
      "side": "no",
      "entry": 0.8200000000000001,
      "distance_dollars": -196.70999999999185,
      "rv_annual": 0.46447567324215006,
      "expected_edge": 0.03999999999999994,
      "result": "no",
      "pnl": 0.15999999999999995
    },
    {
      "ticker": "KXBTC15M-26OCT021445-45",
      "t0": 1790965800,
      "day": 20728,
      "minute": 1,
      "side": "no",
      "entry": 0.65,
      "distance_dollars": -62.75,
      "rv_annual": 0.4419948870440468,
      "expected_edge": 0.21,
      "result": "no",
      "pnl": 0.32999999999999996
    },
    {
      "ticker": "KXBTC15M-26OCT021500-00",
      "t0": 1790966700,
      "day": 20728,
      "minute": 1,
      "side": "yes",
      "entry": 0.62,
      "distance_dollars": 56.0,
      "rv_annual": 1.0519829339421707,
      "expected_edge": 0.24000000000000002,
      "result": "yes",
      "pnl": 0.36
    },
    {
      "ticker": "KXBTC15M-26OCT021515-15",
      "t0": 1790967600,
      "day": 20728,
      "minute": 7,
      "side": "no",
      "entry": 0.76,
      "distance_dollars": -76.92999999999302,
      "rv_annual": 0.37727795586845086,
      "expected_edge": 0.09999999999999999,
      "result": "no",
      "pnl": 0.22
    },
    {
      "ticker": "KXBTC15M-26OCT021530-30",
      "t0": 1790968500,
      "day": 20728,
      "minute": 2,
      "side": "no",
      "entry": 0.71,
      "distance_dollars": -100.58000000000175,
      "rv_annual": 0.34691564951132675,
      "expected_edge": 0.15000000000000005,
      "result": "yes",
      "pnl": -0.73
    },
    {
      "ticker": "KXBTC15M-26OCT021545-45",
      "t0": 1790969400,
      "day": 20728,
      "minute": 7,
      "side": "yes",
      "entry": 0.71,
      "distance_dollars": 62.620000000009895,
      "rv_annual": 0.4041821382006842,
      "expected_edge": 0.15000000000000005,
      "result": "yes",
      "pnl": 0.27
    },
    {
      "ticker": "KXBTC15M-26OCT021645-45",
      "t0": 1790973000,
      "day": 20728,
      "minute": 3,
      "side": "yes",
      "entry": 0.74,
      "distance_dollars": 73.22999999999593,
      "rv_annual": 0.3743739154449895,
      "expected_edge": 0.12000000000000001,
      "result": "no",
      "pnl": -0.76
    },
    {
      "ticker": "KXBTC15M-26OCT021700-00",
      "t0": 1790973900,
      "day": 20728,
      "minute": 2,
      "side": "yes",
      "entry": 0.79,
      "distance_dollars": 148.55999999999767,
      "rv_annual": 0.5094653017221668,
      "expected_edge": 0.06999999999999997,
      "result": "yes",
      "pnl": 0.18999999999999997
    },
    {
      "ticker": "KXBTC15M-26OCT021815-15",
      "t0": 1790978400,
      "day": 20728,
      "minute": 7,
      "side": "no",
      "entry": 0.86,
      "distance_dollars": -62.89999999999418,
      "rv_annual": 0.11205410937324287,
      "expected_edge": 0.010000000000000018,
      "result": "yes",
      "pnl": -0.87
    },
    {
      "ticker": "KXBTC15M-26OCT030300-00",
      "t0": 1791009900,
      "day": 20729,
      "minute": 5,
      "side": "no",
      "entry": 0.85,
      "distance_dollars": -92.02999999999884,
      "rv_annual": 0.20094217042286122,
      "expected_edge": 0.020000000000000025,
      "result": "no",
      "pnl": 0.14
    },
    {
      "ticker": "KXBTC15M-26OCT030930-30",
      "t0": 1791033300,
      "day": 20729,
      "minute": 5,
      "side": "no",
      "entry": 0.86,
      "distance_dollars": -52.04999999998836,
      "rv_annual": 0.12944814328975168,
      "expected_edge": 0.010000000000000018,
      "result": "no",
      "pnl": 0.13
    },
    {
      "ticker": "KXBTC15M-26OCT031145-45",
      "t0": 1791041400,
      "day": 20729,
      "minute": 2,
      "side": "no",
      "entry": 0.86,
      "distance_dollars": -73.4600000000064,
      "rv_annual": 0.1311786495270783,
      "expected_edge": 0.010000000000000018,
      "result": "yes",
      "pnl": -0.87
    },
    {
      "ticker": "KXBTC15M-26OCT031345-45",
      "t0": 1791048600,
      "day": 20729,
      "minute": 1,
      "side": "no",
      "entry": 0.86,
      "distance_dollars": -53.020000000004075,
      "rv_annual": 0.12614326866436862,
      "expected_edge": 0.010000000000000018,
      "result": "yes",
      "pnl": -0.87
    },
    {
      "ticker": "KXBTC15M-26OCT031600-00",
      "t0": 1791056700,
      "day": 20729,
      "minute": 3,
      "side": "no",
      "entry": 0.8200000000000001,
      "distance_dollars": -63.080000000001746,
      "rv_annual": 0.10843862275050656,
      "expected_edge": 0.03999999999999994,
      "result": "yes",
      "pnl": -0.8400000000000001
    },
    {
      "ticker": "KXBTC15M-26OCT032000-00",
      "t0": 1791071100,
      "day": 20729,
      "minute": 10,
      "side": "no",
      "entry": 0.83,
      "distance_dollars": -58.91000000000349,
      "rv_annual": 0.08850761363309653,
      "expected_edge": 0.04000000000000004,
      "result": "no",
      "pnl": 0.16000000000000003
    },
    {
      "ticker": "KXBTC15M-26OCT032130-30",
      "t0": 1791076500,
      "day": 20730,
      "minute": 4,
      "side": "no",
      "entry": 0.78,
      "distance_dollars": -60.080000000001746,
      "rv_annual": 0.13156384816014052,
      "expected_edge": 0.07999999999999997,
      "result": "no",
      "pnl": 0.19999999999999998
    },
    {
      "ticker": "KXBTC15M-26OCT040330-30",
      "t0": 1791098100,
      "day": 20730,
      "minute": 3,
      "side": "no",
      "entry": 0.86,
      "distance_dollars": -53.14999999999418,
      "rv_annual": 0.07780039263104642,
      "expected_edge": 0.010000000000000018,
      "result": "no",
      "pnl": 0.13
    },
    {
      "ticker": "KXBTC15M-26OCT040345-45",
      "t0": 1791099000,
      "day": 20730,
      "minute": 3,
      "side": "no",
      "entry": 0.85,
      "distance_dollars": -50.580000000001746,
      "rv_annual": 0.14836225934948016,
      "expected_edge": 0.020000000000000025,
      "result": "no",
      "pnl": 0.14
    },
    {
      "ticker": "KXBTC15M-26OCT040445-45",
      "t0": 1791102600,
      "day": 20730,
      "minute": 1,
      "side": "no",
      "entry": 0.85,
      "distance_dollars": -71.9600000000064,
      "rv_annual": 0.19640861429041004,
      "expected_edge": 0.020000000000000025,
      "result": "no",
      "pnl": 0.14
    },
    {
      "ticker": "KXBTC15M-26OCT040645-45",
      "t0": 1791109800,
      "day": 20730,
      "minute": 3,
      "side": "no",
      "entry": 0.8,
      "distance_dollars": -57.919999999998254,
      "rv_annual": 0.2633511236991975,
      "expected_edge": 0.059999999999999956,
      "result": "no",
      "pnl": 0.17999999999999997
    },
    {
      "ticker": "KXBTC15M-26OCT040830-30",
      "t0": 1791116100,
      "day": 20730,
      "minute": 2,
      "side": "no",
      "entry": 0.83,
      "distance_dollars": -63.93000000000757,
      "rv_annual": 0.19120344065546424,
      "expected_edge": 0.04000000000000004,
      "result": "yes",
      "pnl": -0.84
    },
    {
      "ticker": "KXBTC15M-26OCT040900-00",
      "t0": 1791117900,
      "day": 20730,
      "minute": 3,
      "side": "no",
      "entry": 0.79,
      "distance_dollars": -58.99000000000524,
      "rv_annual": 0.14578052330308475,
      "expected_edge": 0.06999999999999997,
      "result": "no",
      "pnl": 0.18999999999999997
    },
    {
      "ticker": "KXBTC15M-26OCT041215-15",
      "t0": 1791129600,
      "day": 20730,
      "minute": 3,
      "side": "no",
      "entry": 0.79,
      "distance_dollars": -54.270000000004075,
      "rv_annual": 0.13175382525948148,
      "expected_edge": 0.06999999999999997,
      "result": "no",
      "pnl": 0.18999999999999997
    },
    {
      "ticker": "KXBTC15M-26OCT041700-00",
      "t0": 1791146700,
      "day": 20730,
      "minute": 3,
      "side": "yes",
      "entry": 0.67,
      "distance_dollars": 71.36000000000058,
      "rv_annual": 0.3309033744645767,
      "expected_edge": 0.18999999999999997,
      "result": "yes",
      "pnl": 0.30999999999999994
    },
    {
      "ticker": "KXBTC15M-26OCT041745-45",
      "t0": 1791149400,
      "day": 20730,
      "minute": 1,
      "side": "yes",
      "entry": 0.66,
      "distance_dollars": 59.31999999999243,
      "rv_annual": 0.4879402374183273,
      "expected_edge": 0.19999999999999998,
      "result": "yes",
      "pnl": 0.31999999999999995
    },
    {
      "ticker": "KXBTC15M-26OCT041815-15",
      "t0": 1791151200,
      "day": 20730,
      "minute": 1,
      "side": "yes",
      "entry": 0.8,
      "distance_dollars": 163.97000000000116,
      "rv_annual": 0.46045655189935686,
      "expected_edge": 0.059999999999999956,
      "result": "yes",
      "pnl": 0.17999999999999997
    },
    {
      "ticker": "KXBTC15M-26OCT041830-30",
      "t0": 1791152100,
      "day": 20730,
      "minute": 2,
      "side": "yes",
      "entry": 0.83,
      "distance_dollars": 262.8000000000029,
      "rv_annual": 0.6826167722697881,
      "expected_edge": 0.04000000000000004,
      "result": "no",
      "pnl": -0.84
    },
    {
      "ticker": "KXBTC15M-26OCT041845-45",
      "t0": 1791153000,
      "day": 20730,
      "minute": 3,
      "side": "yes",
      "entry": 0.64,
      "distance_dollars": 79.22000000000116,
      "rv_annual": 0.4004368446496547,
      "expected_edge": 0.22,
      "result": "yes",
      "pnl": 0.33999999999999997
    },
    {
      "ticker": "KXBTC15M-26OCT041900-00",
      "t0": 1791153900,
      "day": 20730,
      "minute": 4,
      "side": "no",
      "entry": 0.65,
      "distance_dollars": -52.83999999999651,
      "rv_annual": 0.34984169923719277,
      "expected_edge": 0.21,
      "result": "yes",
      "pnl": -0.67
    },
    {
      "ticker": "KXBTC15M-26OCT041930-30",
      "t0": 1791155700,
      "day": 20730,
      "minute": 4,
      "side": "no",
      "entry": 0.69,
      "distance_dollars": -66.57000000000698,
      "rv_annual": 0.36521586898598263,
      "expected_edge": 0.17000000000000007,
      "result": "yes",
      "pnl": -0.71
    },
    {
      "ticker": "KXBTC15M-26OCT041945-45",
      "t0": 1791156600,
      "day": 20730,
      "minute": 2,
      "side": "no",
      "entry": 0.6599999999999999,
      "distance_dollars": -71.52999999999884,
      "rv_annual": 0.3947908146384896,
      "expected_edge": 0.2000000000000001,
      "result": "no",
      "pnl": 0.32000000000000006
    },
    {
      "ticker": "KXBTC15M-26OCT042000-00",
      "t0": 1791157500,
      "day": 20730,
      "minute": 9,
      "side": "no",
      "entry": 0.81,
      "distance_dollars": -61.779999999998836,
      "rv_annual": 0.24386183359255625,
      "expected_edge": 0.04999999999999995,
      "result": "yes",
      "pnl": -0.8300000000000001
    },
    {
      "ticker": "KXBTC15M-26OCT042015-15",
      "t0": 1791158400,
      "day": 20731,
      "minute": 1,
      "side": "no",
      "entry": 0.7,
      "distance_dollars": -83.6299999999901,
      "rv_annual": 0.2718770261735017,
      "expected_edge": 0.16000000000000006,
      "result": "no",
      "pnl": 0.28
    },
    {
      "ticker": "KXBTC15M-26OCT042030-30",
      "t0": 1791159300,
      "day": 20731,
      "minute": 1,
      "side": "yes",
      "entry": 0.68,
      "distance_dollars": 69.19999999999709,
      "rv_annual": 0.4674922908755995,
      "expected_edge": 0.17999999999999997,
      "result": "no",
      "pnl": -0.7000000000000001
    },
    {
      "ticker": "KXBTC15M-26OCT042045-45",
      "t0": 1791160200,
      "day": 20731,
      "minute": 2,
      "side": "no",
      "entry": 0.63,
      "distance_dollars": -59.73999999999069,
      "rv_annual": 0.22029970004446814,
      "expected_edge": 0.23,
      "result": "yes",
      "pnl": -0.65
    },
    {
      "ticker": "KXBTC15M-26OCT042100-00",
      "t0": 1791161100,
      "day": 20731,
      "minute": 2,
      "side": "no",
      "entry": 0.72,
      "distance_dollars": -78.0,
      "rv_annual": 0.3737515144484662,
      "expected_edge": 0.14000000000000004,
      "result": "yes",
      "pnl": -0.74
    },
    {
      "ticker": "KXBTC15M-26OCT042115-15",
      "t0": 1791162000,
      "day": 20731,
      "minute": 1,
      "side": "no",
      "entry": 0.73,
      "distance_dollars": -100.81999999999243,
      "rv_annual": 0.3698354478538623,
      "expected_edge": 0.13000000000000003,
      "result": "yes",
      "pnl": -0.75
    },
    {
      "ticker": "KXBTC15M-26OCT042130-30",
      "t0": 1791162900,
      "day": 20731,
      "minute": 3,
      "side": "yes",
      "entry": 0.75,
      "distance_dollars": 120.89999999999418,
      "rv_annual": 0.4503181460942102,
      "expected_edge": 0.11,
      "result": "yes",
      "pnl": 0.23
    },
    {
      "ticker": "KXBTC15M-26OCT042145-45",
      "t0": 1791163800,
      "day": 20731,
      "minute": 1,
      "side": "no",
      "entry": 0.8,
      "distance_dollars": -174.00999999999476,
      "rv_annual": 0.5085553493690044,
      "expected_edge": 0.059999999999999956,
      "result": "no",
      "pnl": 0.17999999999999997
    },
    {
      "ticker": "KXBTC15M-26OCT042200-00",
      "t0": 1791164700,
      "day": 20731,
      "minute": 6,
      "side": "no",
      "entry": 0.78,
      "distance_dollars": -86.7899999999936,
      "rv_annual": 0.24324401686150934,
      "expected_edge": 0.07999999999999997,
      "result": "no",
      "pnl": 0.19999999999999998
    },
    {
      "ticker": "KXBTC15M-26OCT042230-30",
      "t0": 1791166500,
      "day": 20731,
      "minute": 3,
      "side": "no",
      "entry": 0.78,
      "distance_dollars": -104.8299999999872,
      "rv_annual": 0.3378714684210709,
      "expected_edge": 0.07999999999999997,
      "result": "no",
      "pnl": 0.19999999999999998
    },
    {
      "ticker": "KXBTC15M-26OCT042245-45",
      "t0": 1791167400,
      "day": 20731,
      "minute": 2,
      "side": "no",
      "entry": 0.79,
      "distance_dollars": -119.11000000000058,
      "rv_annual": 0.2635677253967366,
      "expected_edge": 0.06999999999999997,
      "result": "yes",
      "pnl": -0.81
    },
    {
      "ticker": "KXBTC15M-26OCT042300-00",
      "t0": 1791168300,
      "day": 20731,
      "minute": 4,
      "side": "no",
      "entry": 0.73,
      "distance_dollars": -62.55000000000291,
      "rv_annual": 0.3526550570908121,
      "expected_edge": 0.13000000000000003,
      "result": "no",
      "pnl": 0.25
    },
    {
      "ticker": "KXBTC15M-26OCT042315-15",
      "t0": 1791169200,
      "day": 20731,
      "minute": 6,
      "side": "no",
      "entry": 0.74,
      "distance_dollars": -61.779999999998836,
      "rv_annual": 0.21739993292459386,
      "expected_edge": 0.12000000000000001,
      "result": "no",
      "pnl": 0.24000000000000002
    },
    {
      "ticker": "KXBTC15M-26OCT042330-30",
      "t0": 1791170100,
      "day": 20731,
      "minute": 1,
      "side": "no",
      "entry": 0.64,
      "distance_dollars": -57.15999999998894,
      "rv_annual": 0.2045999895975602,
      "expected_edge": 0.22,
      "result": "no",
      "pnl": 0.33999999999999997
    },
    {
      "ticker": "KXBTC15M-26OCT042345-45",
      "t0": 1791171000,
      "day": 20731,
      "minute": 3,
      "side": "no",
      "entry": 0.73,
      "distance_dollars": -52.51000000000931,
      "rv_annual": 0.23870620683239277,
      "expected_edge": 0.13000000000000003,
      "result": "no",
      "pnl": 0.25
    },
    {
      "ticker": "KXBTC15M-26OCT050015-15",
      "t0": 1791172800,
      "day": 20731,
      "minute": 10,
      "side": "no",
      "entry": 0.6799999999999999,
      "distance_dollars": -50.25999999999476,
      "rv_annual": 0.4770794348603179,
      "expected_edge": 0.18000000000000008,
      "result": "no",
      "pnl": 0.30000000000000004
    },
    {
      "ticker": "KXBTC15M-26OCT050030-30",
      "t0": 1791173700,
      "day": 20731,
      "minute": 3,
      "side": "no",
      "entry": 0.71,
      "distance_dollars": -80.47000000000116,
      "rv_annual": 0.3122373527541607,
      "expected_edge": 0.15000000000000005,
      "result": "no",
      "pnl": 0.27
    },
    {
      "ticker": "KXBTC15M-26OCT050045-45",
      "t0": 1791174600,
      "day": 20731,
      "minute": 2,
      "side": "no",
      "entry": 0.7,
      "distance_dollars": -70.52000000000407,
      "rv_annual": 0.3908978295770633,
      "expected_edge": 0.16000000000000006,
      "result": "no",
      "pnl": 0.28
    },
    {
      "ticker": "KXBTC15M-26OCT050100-00",
      "t0": 1791175500,
      "day": 20731,
      "minute": 1,
      "side": "yes",
      "entry": 0.72,
      "distance_dollars": 88.8299999999872,
      "rv_annual": 0.5564815490903173,
      "expected_edge": 0.14000000000000004,
      "result": "no",
      "pnl": -0.74
    },
    {
      "ticker": "KXBTC15M-26OCT050130-30",
      "t0": 1791177300,
      "day": 20731,
      "minute": 4,
      "side": "no",
      "entry": 0.71,
      "distance_dollars": -56.970000000001164,
      "rv_annual": 0.24577581057593126,
      "expected_edge": 0.15000000000000005,
      "result": "yes",
      "pnl": -0.73
    },
    {
      "ticker": "KXBTC15M-26OCT050145-45",
      "t0": 1791178200,
      "day": 20731,
      "minute": 2,
      "side": "no",
      "entry": 0.73,
      "distance_dollars": -62.39999999999418,
      "rv_annual": 0.21863686126935725,
      "expected_edge": 0.13000000000000003,
      "result": "yes",
      "pnl": -0.75
    },
    {
      "ticker": "KXBTC15M-26OCT050245-45",
      "t0": 1791181800,
      "day": 20731,
      "minute": 4,
      "side": "no",
      "entry": 0.7,
      "distance_dollars": -56.5,
      "rv_annual": 0.33096512362347147,
      "expected_edge": 0.16000000000000006,
      "result": "no",
      "pnl": 0.28
    },
    {
      "ticker": "KXBTC15M-26OCT050315-15",
      "t0": 1791183600,
      "day": 20731,
      "minute": 2,
      "side": "no",
      "entry": 0.73,
      "distance_dollars": -74.88999999999942,
      "rv_annual": 0.6494130096568289,
      "expected_edge": 0.13000000000000003,
      "result": "yes",
      "pnl": -0.75
    },
    {
      "ticker": "KXBTC15M-26OCT050330-30",
      "t0": 1791184500,
      "day": 20731,
      "minute": 2,
      "side": "yes",
      "entry": 0.78,
      "distance_dollars": 149.5899999999965,
      "rv_annual": 0.5379190679313548,
      "expected_edge": 0.07999999999999997,
      "result": "no",
      "pnl": -0.8
    },
    {
      "ticker": "KXBTC15M-26OCT050345-45",
      "t0": 1791185400,
      "day": 20731,
      "minute": 1,
      "side": "yes",
      "entry": 0.65,
      "distance_dollars": 57.94999999999709,
      "rv_annual": 0.5313774089261311,
      "expected_edge": 0.21,
      "result": "yes",
      "pnl": 0.32999999999999996
    },
    {
      "ticker": "KXBTC15M-26OCT050400-00",
      "t0": 1791186300,
      "day": 20731,
      "minute": 3,
      "side": "no",
      "entry": 0.69,
      "distance_dollars": -53.820000000006985,
      "rv_annual": 0.31785440328524633,
      "expected_edge": 0.17000000000000007,
      "result": "no",
      "pnl": 0.29000000000000004
    },
    {
      "ticker": "KXBTC15M-26OCT050430-30",
      "t0": 1791188100,
      "day": 20731,
      "minute": 4,
      "side": "no",
      "entry": 0.8200000000000001,
      "distance_dollars": -95.38999999999942,
      "rv_annual": 0.3410036906465615,
      "expected_edge": 0.03999999999999994,
      "result": "yes",
      "pnl": -0.8400000000000001
    },
    {
      "ticker": "KXBTC15M-26OCT050445-45",
      "t0": 1791189000,
      "day": 20731,
      "minute": 5,
      "side": "no",
      "entry": 0.76,
      "distance_dollars": -73.72999999999593,
      "rv_annual": 0.23940585204518125,
      "expected_edge": 0.09999999999999999,
      "result": "no",
      "pnl": 0.22
    },
    {
      "ticker": "KXBTC15M-26OCT050500-00",
      "t0": 1791189900,
      "day": 20731,
      "minute": 1,
      "side": "no",
      "entry": 0.79,
      "distance_dollars": -147.84999999999127,
      "rv_annual": 0.38306548622284964,
      "expected_edge": 0.06999999999999997,
      "result": "no",
      "pnl": 0.18999999999999997
    },
    {
      "ticker": "KXBTC15M-26OCT050515-15",
      "t0": 1791190800,
      "day": 20731,
      "minute": 1,
      "side": "no",
      "entry": 0.69,
      "distance_dollars": -66.44999999999709,
      "rv_annual": 0.29730227326122544,
      "expected_edge": 0.17000000000000007,
      "result": "no",
      "pnl": 0.29000000000000004
    },
    {
      "ticker": "KXBTC15M-26OCT050530-30",
      "t0": 1791191700,
      "day": 20731,
      "minute": 2,
      "side": "no",
      "entry": 0.83,
      "distance_dollars": -174.75,
      "rv_annual": 0.33353639477615665,
      "expected_edge": 0.04000000000000004,
      "result": "no",
      "pnl": 0.16000000000000003
    },
    {
      "ticker": "KXBTC15M-26OCT050645-45",
      "t0": 1791196200,
      "day": 20731,
      "minute": 2,
      "side": "no",
      "entry": 0.8,
      "distance_dollars": -77.67999999999302,
      "rv_annual": 0.2938128803961913,
      "expected_edge": 0.059999999999999956,
      "result": "no",
      "pnl": 0.17999999999999997
    },
    {
      "ticker": "KXBTC15M-26OCT050715-15",
      "t0": 1791198000,
      "day": 20731,
      "minute": 3,
      "side": "no",
      "entry": 0.79,
      "distance_dollars": -69.09000000001106,
      "rv_annual": 0.2361783265351058,
      "expected_edge": 0.06999999999999997,
      "result": "no",
      "pnl": 0.18999999999999997
    },
    {
      "ticker": "KXBTC15M-26OCT050745-45",
      "t0": 1791199800,
      "day": 20731,
      "minute": 5,
      "side": "no",
      "entry": 0.83,
      "distance_dollars": -76.80000000000291,
      "rv_annual": 0.3248463572366388,
      "expected_edge": 0.04000000000000004,
      "result": "no",
      "pnl": 0.16000000000000003
    },
    {
      "ticker": "KXBTC15M-26OCT050800-00",
      "t0": 1791200700,
      "day": 20731,
      "minute": 7,
      "side": "no",
      "entry": 0.78,
      "distance_dollars": -50.61000000000058,
      "rv_annual": 0.24221903064350378,
      "expected_edge": 0.07999999999999997,
      "result": "yes",
      "pnl": -0.8
    },
    {
      "ticker": "KXBTC15M-26OCT050815-15",
      "t0": 1791201600,
      "day": 20731,
      "minute": 2,
      "side": "no",
      "entry": 0.69,
      "distance_dollars": -53.029999999998836,
      "rv_annual": 0.25292066991974366,
      "expected_edge": 0.17000000000000007,
      "result": "no",
      "pnl": 0.29000000000000004
    },
    {
      "ticker": "KXBTC15M-26OCT050845-45",
      "t0": 1791203400,
      "day": 20731,
      "minute": 3,
      "side": "no",
      "entry": 0.75,
      "distance_dollars": -58.24000000000524,
      "rv_annual": 0.20967609133163012,
      "expected_edge": 0.11,
      "result": "no",
      "pnl": 0.23
    },
    {
      "ticker": "KXBTC15M-26OCT050900-00",
      "t0": 1791204300,
      "day": 20731,
      "minute": 4,
      "side": "no",
      "entry": 0.77,
      "distance_dollars": -69.58000000000175,
      "rv_annual": 0.2619947303732797,
      "expected_edge": 0.08999999999999998,
      "result": "no",
      "pnl": 0.21
    },
    {
      "ticker": "KXBTC15M-26OCT050930-30",
      "t0": 1791206100,
      "day": 20731,
      "minute": 8,
      "side": "no",
      "entry": 0.76,
      "distance_dollars": -52.18000000000757,
      "rv_annual": 0.21867811176200297,
      "expected_edge": 0.09999999999999999,
      "result": "no",
      "pnl": 0.22
    },
    {
      "ticker": "KXBTC15M-26OCT051000-00",
      "t0": 1791207900,
      "day": 20731,
      "minute": 2,
      "side": "yes",
      "entry": 0.62,
      "distance_dollars": 69.91999999999825,
      "rv_annual": 0.7059982646703593,
      "expected_edge": 0.24000000000000002,
      "result": "yes",
      "pnl": 0.36
    },
    {
      "ticker": "KXBTC15M-26OCT051015-15",
      "t0": 1791208800,
      "day": 20731,
      "minute": 4,
      "side": "no",
      "entry": 0.6799999999999999,
      "distance_dollars": -92.52999999999884,
      "rv_annual": 0.5927150214422979,
      "expected_edge": 0.18000000000000008,
      "result": "yes",
      "pnl": -0.7
    },
    {
      "ticker": "KXBTC15M-26OCT051030-30",
      "t0": 1791209700,
      "day": 20731,
      "minute": 1,
      "side": "no",
      "entry": 0.65,
      "distance_dollars": -76.51000000000931,
      "rv_annual": 0.6251830566835598,
      "expected_edge": 0.21,
      "result": "no",
      "pnl": 0.32999999999999996
    },
    {
      "ticker": "KXBTC15M-26OCT051045-45",
      "t0": 1791210600,
      "day": 20731,
      "minute": 1,
      "side": "no",
      "entry": 0.76,
      "distance_dollars": -186.81999999999243,
      "rv_annual": 0.5616973124536392,
      "expected_edge": 0.09999999999999999,
      "result": "no",
      "pnl": 0.22
    },
    {
      "ticker": "KXBTC15M-26OCT051115-15",
      "t0": 1791212400,
      "day": 20731,
      "minute": 1,
      "side": "no",
      "entry": 0.5700000000000001,
      "distance_dollars": -50.56999999999243,
      "rv_annual": 0.5378641169133043,
      "expected_edge": 0.2899999999999999,
      "result": "no",
      "pnl": 0.4099999999999999
    },
    {
      "ticker": "KXBTC15M-26OCT051145-45",
      "t0": 1791214200,
      "day": 20731,
      "minute": 3,
      "side": "no",
      "entry": 0.85,
      "distance_dollars": -199.86999999999534,
      "rv_annual": 0.4468363165888034,
      "expected_edge": 0.020000000000000025,
      "result": "no",
      "pnl": 0.14
    },
    {
      "ticker": "KXBTC15M-26OCT051200-00",
      "t0": 1791215100,
      "day": 20731,
      "minute": 2,
      "side": "yes",
      "entry": 0.69,
      "distance_dollars": 75.26999999998952,
      "rv_annual": 0.8195893412965917,
      "expected_edge": 0.17000000000000007,
      "result": "no",
      "pnl": -0.71
    },
    {
      "ticker": "KXBTC15M-26OCT051215-15",
      "t0": 1791216000,
      "day": 20731,
      "minute": 4,
      "side": "no",
      "entry": 0.7,
      "distance_dollars": -73.8299999999872,
      "rv_annual": 0.3163004028742828,
      "expected_edge": 0.16000000000000006,
      "result": "no",
      "pnl": 0.28
    },
    {
      "ticker": "KXBTC15M-26OCT051230-30",
      "t0": 1791216900,
      "day": 20731,
      "minute": 1,
      "side": "no",
      "entry": 0.69,
      "distance_dollars": -73.44999999999709,
      "rv_annual": 0.27562133030548047,
      "expected_edge": 0.17000000000000007,
      "result": "no",
      "pnl": 0.29000000000000004
    },
    {
      "ticker": "KXBTC15M-26OCT051245-45",
      "t0": 1791217800,
      "day": 20731,
      "minute": 2,
      "side": "yes",
      "entry": 0.66,
      "distance_dollars": 57.5,
      "rv_annual": 0.35230615586607406,
      "expected_edge": 0.19999999999999998,
      "result": "yes",
      "pnl": 0.31999999999999995
    },
    {
      "ticker": "KXBTC15M-26OCT051315-15",
      "t0": 1791219600,
      "day": 20731,
      "minute": 3,
      "side": "no",
      "entry": 0.77,
      "distance_dollars": -65.58999999999651,
      "rv_annual": 0.2255526774229489,
      "expected_edge": 0.08999999999999998,
      "result": "no",
      "pnl": 0.21
    },
    {
      "ticker": "KXBTC15M-26OCT051345-45",
      "t0": 1791221400,
      "day": 20731,
      "minute": 6,
      "side": "no",
      "entry": 0.81,
      "distance_dollars": -55.70000000001164,
      "rv_annual": 0.11353593070467632,
      "expected_edge": 0.04999999999999995,
      "result": "no",
      "pnl": 0.16999999999999996
    },
    {
      "ticker": "KXBTC15M-26OCT051400-00",
      "t0": 1791222300,
      "day": 20731,
      "minute": 3,
      "side": "no",
      "entry": 0.76,
      "distance_dollars": -59.070000000006985,
      "rv_annual": 0.12613966073012436,
      "expected_edge": 0.09999999999999999,
      "result": "yes",
      "pnl": -0.78
    },
    {
      "ticker": "KXBTC15M-26OCT051415-15",
      "t0": 1791223200,
      "day": 20731,
      "minute": 5,
      "side": "no",
      "entry": 0.74,
      "distance_dollars": -55.79000000000815,
      "rv_annual": 0.26801563428818576,
      "expected_edge": 0.12000000000000001,
      "result": "yes",
      "pnl": -0.76
    },
    {
      "ticker": "KXBTC15M-26OCT051515-15",
      "t0": 1791226800,
      "day": 20731,
      "minute": 3,
      "side": "no",
      "entry": 0.8200000000000001,
      "distance_dollars": -76.32000000000698,
      "rv_annual": 0.16507918387133733,
      "expected_edge": 0.03999999999999994,
      "result": "yes",
      "pnl": -0.8400000000000001
    },
    {
      "ticker": "KXBTC15M-26OCT051545-45",
      "t0": 1791228600,
      "day": 20731,
      "minute": 8,
      "side": "no",
      "entry": 0.8,
      "distance_dollars": -53.080000000001746,
      "rv_annual": 0.1858020683028225,
      "expected_edge": 0.059999999999999956,
      "result": "no",
      "pnl": 0.17999999999999997
    },
    {
      "ticker": "KXBTC15M-26OCT051600-00",
      "t0": 1791229500,
      "day": 20731,
      "minute": 10,
      "side": "no",
      "entry": 0.85,
      "distance_dollars": -57.69999999999709,
      "rv_annual": 0.16153472294613017,
      "expected_edge": 0.020000000000000025,
      "result": "yes",
      "pnl": -0.86
    },
    {
      "ticker": "KXBTC15M-26OCT051615-15",
      "t0": 1791230400,
      "day": 20731,
      "minute": 6,
      "side": "no",
      "entry": 0.8200000000000001,
      "distance_dollars": -87.89999999999418,
      "rv_annual": 0.19122957917504363,
      "expected_edge": 0.03999999999999994,
      "result": "no",
      "pnl": 0.15999999999999995
    },
    {
      "ticker": "KXBTC15M-26OCT051715-15",
      "t0": 1791234000,
      "day": 20731,
      "minute": 2,
      "side": "no",
      "entry": 0.8,
      "distance_dollars": -79.63999999999942,
      "rv_annual": 0.16703072064959573,
      "expected_edge": 0.059999999999999956,
      "result": "no",
      "pnl": 0.17999999999999997
    },
    {
      "ticker": "KXBTC15M-26OCT051815-15",
      "t0": 1791237600,
      "day": 20731,
      "minute": 9,
      "side": "no",
      "entry": 0.85,
      "distance_dollars": -66.09999999999127,
      "rv_annual": 0.24033001959078149,
      "expected_edge": 0.020000000000000025,
      "result": "yes",
      "pnl": -0.86
    },
    {
      "ticker": "KXBTC15M-26OCT051845-45",
      "t0": 1791239400,
      "day": 20731,
      "minute": 8,
      "side": "no",
      "entry": 0.8200000000000001,
      "distance_dollars": -96.80000000000291,
      "rv_annual": 0.2727761156349566,
      "expected_edge": 0.03999999999999994,
      "result": "no",
      "pnl": 0.15999999999999995
    },
    {
      "ticker": "KXBTC15M-26OCT051900-00",
      "t0": 1791240300,
      "day": 20731,
      "minute": 7,
      "side": "no",
      "entry": 0.84,
      "distance_dollars": -59.36000000000058,
      "rv_annual": 0.190824710080565,
      "expected_edge": 0.030000000000000034,
      "result": "no",
      "pnl": 0.15000000000000002
    },
    {
      "ticker": "KXBTC15M-26OCT051945-45",
      "t0": 1791243000,
      "day": 20731,
      "minute": 4,
      "side": "no",
      "entry": 0.78,
      "distance_dollars": -56.01999999998952,
      "rv_annual": 0.20313114124288775,
      "expected_edge": 0.07999999999999997,
      "result": "no",
      "pnl": 0.19999999999999998
    },
    {
      "ticker": "KXBTC15M-26OCT052000-00",
      "t0": 1791243900,
      "day": 20731,
      "minute": 1,
      "side": "no",
      "entry": 0.75,
      "distance_dollars": -71.81999999999243,
      "rv_annual": 0.1873970531744814,
      "expected_edge": 0.11,
      "result": "no",
      "pnl": 0.23
    },
    {
      "ticker": "KXBTC15M-26OCT052115-15",
      "t0": 1791248400,
      "day": 20732,
      "minute": 4,
      "side": "yes",
      "entry": 0.85,
      "distance_dollars": 147.0,
      "rv_annual": 0.3954751066384029,
      "expected_edge": 0.020000000000000025,
      "result": "yes",
      "pnl": 0.14
    },
    {
      "ticker": "KXBTC15M-26OCT052130-30",
      "t0": 1791249300,
      "day": 20732,
      "minute": 2,
      "side": "no",
      "entry": 0.7,
      "distance_dollars": -59.69000000000233,
      "rv_annual": 0.3132263610433092,
      "expected_edge": 0.16000000000000006,
      "result": "no",
      "pnl": 0.28
    },
    {
      "ticker": "KXBTC15M-26OCT052145-45",
      "t0": 1791250200,
      "day": 20732,
      "minute": 4,
      "side": "no",
      "entry": 0.81,
      "distance_dollars": -88.54000000000815,
      "rv_annual": 0.2934830110480322,
      "expected_edge": 0.04999999999999995,
      "result": "no",
      "pnl": 0.16999999999999996
    },
    {
      "ticker": "KXBTC15M-26OCT052200-00",
      "t0": 1791251100,
      "day": 20732,
      "minute": 8,
      "side": "no",
      "entry": 0.85,
      "distance_dollars": -77.54000000000815,
      "rv_annual": 0.23665874309957494,
      "expected_edge": 0.020000000000000025,
      "result": "no",
      "pnl": 0.14
    },
    {
      "ticker": "KXBTC15M-26OCT052215-15",
      "t0": 1791252000,
      "day": 20732,
      "minute": 5,
      "side": "no",
      "entry": 0.71,
      "distance_dollars": -54.479999999995925,
      "rv_annual": 0.21530897595649504,
      "expected_edge": 0.15000000000000005,
      "result": "no",
      "pnl": 0.27
    },
    {
      "ticker": "KXBTC15M-26OCT052245-45",
      "t0": 1791253800,
      "day": 20732,
      "minute": 5,
      "side": "no",
      "entry": 0.75,
      "distance_dollars": -59.970000000001164,
      "rv_annual": 0.38042288007018854,
      "expected_edge": 0.11,
      "result": "no",
      "pnl": 0.23
    },
    {
      "ticker": "KXBTC15M-26OCT052300-00",
      "t0": 1791254700,
      "day": 20732,
      "minute": 1,
      "side": "no",
      "entry": 0.78,
      "distance_dollars": -76.22999999999593,
      "rv_annual": 0.24098158857718324,
      "expected_edge": 0.07999999999999997,
      "result": "no",
      "pnl": 0.19999999999999998
    },
    {
      "ticker": "KXBTC15M-26OCT052345-45",
      "t0": 1791257400,
      "day": 20732,
      "minute": 2,
      "side": "no",
      "entry": 0.75,
      "distance_dollars": -74.08000000000175,
      "rv_annual": 0.15973231996060258,
      "expected_edge": 0.11,
      "result": "no",
      "pnl": 0.23
    },
    {
      "ticker": "KXBTC15M-26OCT060200-00",
      "t0": 1791265500,
      "day": 20732,
      "minute": 2,
      "side": "no",
      "entry": 0.77,
      "distance_dollars": -62.59000000001106,
      "rv_annual": 0.16578001774621376,
      "expected_edge": 0.08999999999999998,
      "result": "no",
      "pnl": 0.21
    },
    {
      "ticker": "KXBTC15M-26OCT060215-15",
      "t0": 1791266400,
      "day": 20732,
      "minute": 1,
      "side": "no",
      "entry": 0.78,
      "distance_dollars": -66.9600000000064,
      "rv_annual": 0.19421243658523157,
      "expected_edge": 0.07999999999999997,
      "result": "no",
      "pnl": 0.19999999999999998
    },
    {
      "ticker": "KXBTC15M-26OCT060230-30",
      "t0": 1791267300,
      "day": 20732,
      "minute": 4,
      "side": "yes",
      "entry": 0.85,
      "distance_dollars": 87.00999999999476,
      "rv_annual": 0.34118454930852216,
      "expected_edge": 0.020000000000000025,
      "result": "yes",
      "pnl": 0.14
    },
    {
      "ticker": "KXBTC15M-26OCT060330-30",
      "t0": 1791270900,
      "day": 20732,
      "minute": 7,
      "side": "no",
      "entry": 0.83,
      "distance_dollars": -62.69999999999709,
      "rv_annual": 0.223807393900342,
      "expected_edge": 0.04000000000000004,
      "result": "no",
      "pnl": 0.16000000000000003
    }
  ]
}
